path,bytes,sha256,git_state,extension,error
.flutter-plugins-dependencies,15562,5ef4f6d5b687dd59b8cc765a5dc41ee93e574d4fb889038d373e3613a81b6c3c,PHYSICAL_OR_IGNORED,,
.github/workflows/atlas-full-ci.yml,1043,c00ad3836a0178f691f8957b0d262de10a38c4f490ee8ad83b5c718d2f792234,TRACKED,.yml,
.github/workflows/atlas-publish.yml,684,289fbcf94169d762267fcf12485c8bf5bb3b77ba4e2e64732d0893f1fd2598c2,TRACKED,.yml,
.github/workflows/atlas-release.yml,476,c398a498b7ea4aa2b7b9404b5d1ce7caa0dcd3e72a116ab910487cda23ecf2d2,TRACKED,.yml,
.github/workflows/atlas-staging-cd.yml,512,aa72a52d9510cb959f6ba10a6212d59a6527485c1d28fab46c47e3e94113e99e,TRACKED,.yml,
.github/workflows/atlas_ci.yml,647,9c85617f6212f7c83767d08135275a82a729cd1e61f3d746aa4f4cd4ea149e13,TRACKED,.yml,
.github/workflows/atlas_monthly_bulletins.yml,1153,547795514bc1c638099451e9053ea98ef008de3c528044d4e17fd09e5d554e28,TRACKED,.yml,
.github/workflows/atlas_release.yml,739,0a2336f1733ddf99d4c8868c98f3b1bed25173a25c561a4b585b5917870d410c,TRACKED,.yml,
.github/workflows/enterprise-ci.yml,811,d8762ec5955f9c891a47b1c95972565475ddfd57db42ec124fe92e7c287da200,TRACKED,.yml,
.github/workflows/enterprise-release.yml,805,f765cb48dfcbb7248c670e6e830310a77c689268bee682df87a16a9271a8e03b,TRACKED,.yml,
.github/workflows/quality.yml,946,519aa2ccd1782dc038dd7408db538ccc02e4d34ddd7f31a040bd3d1fce4a3284,TRACKED,.yml,
.gitignore,2132,0a8efb8d8c0c4786e6f1ffb056f9d8bfa49551901bd36ccb3b7ec5edd2788509,TRACKED,,
.idea/libraries/Dart_SDK.xml,1102,abf01dfe614bf0f5853ddcbc7ed5c1462ecec1a5fbeccac14df23789bce2bad9,PHYSICAL_OR_IGNORED,.xml,
.idea/libraries/KotlinJavaRuntime.xml,614,124b21c81c4a853e4dab5e4aa40c6502d5c09f4a9b2a6fdba540e10f67e43738,PHYSICAL_OR_IGNORED,.xml,
.idea/modules.xml,417,0db55691f2f27c8b6c5a0096d1f02e58f1d36c206f9b70377cd82974ab35e767,PHYSICAL_OR_IGNORED,.xml,
.idea/runConfigurations/main_dart.xml,276,75188212480010c08797294663d15f00fd5ca1f474173a5d919493b17b6d9518,PHYSICAL_OR_IGNORED,.xml,
.idea/workspace.xml,1553,5a51b5c6f5c6600657ffe1142a4604838d68311f9dcf0a4c3703b76fc6fbe0f3,PHYSICAL_OR_IGNORED,.xml,
.metadata,1706,130eb49960b81037b053a46d3cf1200e17a1a08b98f4bf1deca3f359e084ef3b,TRACKED,,
ATLAS_10D_FAILURES.zip,28366,e41d51f06ad7f1745ff48d22afb26ea5ce5d8cdc379463a7cbcfbfb36e7d9895,UNTRACKED_NOT_IGNORED,.zip,
ATLAS_AGENDA_INTELIGENTE_INDICADORES_V14_V15.md,1127,b3ada556f20391324cfb39f84846a5979591a90aebdc22a4b4dd807c930899ed,TRACKED,.md,
ATLAS_AMBIENTE_LOCAL.md,2445,3405ccd0b39849d3136c80899a75dcaaa82ece95076a0dc4b3991f5e9dc9a200,TRACKED,.md,
ATLAS_ANDROID_1_IMPLEMENTADO.txt,491,f9747d072df5b6651850799a889c5bf47e13a350d5376383298e9c567867849d,TRACKED,.txt,
ATLAS_ANDROID_1_MANIFEST.json,295,ea73bfca5de6a34b637896592f6dad6223dabacc145e642229f31f2fe6b4c853,TRACKED,.json,
ATLAS_ANDROID_1_PASSOS_11_A_20.txt,143,01fe99e00bc602ada01bfeefa6213b55e0435410f1a3b15c7362a630afbada2f,TRACKED,.txt,
ATLAS_AUDITORIA_AGENDA_20260813.json,347,8f800ed4db9e8b77bd6398bb0710e1bdea0d092713ed6d41ba3ee4a586ef646b,TRACKED,.json,
ATLAS_AUDITORIA_CENTRAL_ANIMAL_20260813.json,740,7f073dadcc2934cff82bc22ce5aef76b389bf5b4acb14feea1e5a2d3c2fbafcf,TRACKED,.json,
ATLAS_AUDITORIA_CONEXAO_MODULOS_20260812.json,3150,be62eaf98c55379411983bf38439b2fbb1b757d589452520c6eb029a1907ef75,TRACKED,.json,
ATLAS_AUDITORIA_CONSOLIDADA_2026-08-20.md,3087,f662be8d26e5b3fc3227233004c9e2094bc5708ee0ccea56fda31612a4115725,TRACKED,.md,
ATLAS_AUDITORIA_INFRAESTRUTURA_LOCAL_20260815.md,3016,3f38225cf7f682ad0021d51e0e26ab78762f8a34ba327d7986c484e549c528fb,TRACKED,.md,
ATLAS_AUDITORIA_MARCO2_GESTAO_Fazenda_20260813.json,740,ccdb83e1a21c8b63ea4a5c7e8ffb161b50e79a59ed2b57f64ba02f7cd388d49c,TRACKED,.json,
ATLAS_AUDITORIA_NUCLEO_PECUARIO_20260813.json,305,8964bb2dd07d1c63ead6e9b1709bab64afdb6b599f637633adba59e4ae8fa8bc,TRACKED,.json,
ATLAS_AUDITORIA_RECUPERACAO_FINAL.json,759,00d5b9442943b8bc66bfc85559cf5b1ea23ba4bf70b80eaf653f328aa2356d42,TRACKED,.json,
ATLAS_AUDITORIA_TRANSACIONAL_V7.md,4887,dff071ba736f80736e9ce7d7bbbd0433526fa89f151de7215ab6709be1b12edd,TRACKED,.md,
ATLAS_AUDITORIA_TRANSACIONAL_V8.md,907,85418a578efad6fc59bb41fbdbdd0cbf5781137e1f6c3ceb0fc5fe952f4f9fec,TRACKED,.md,
ATLAS_BASELINE_MANIFEST.json,122182,5169eb7e8f6f6827d09b82182d0efd13bc38cfe396327ed4c324f211b4a38ba3,TRACKED,.json,
ATLAS_BASELINE_STATIC_AUDIT.json,969,a133b19562cd0f6191c97ec00e44e01d59058a32051fef33e524df91d778aa3d,TRACKED,.json,
ATLAS_CARGA_AUTOMATICA_DEMO.md,871,1fbe810ca36da58136569aae0bd3ea31b83097ddd96a2693a404453abe8d892f,TRACKED,.md,
ATLAS_CARGA_DEMO_V5_DIAGNOSTICO_PREVENTIVO.md,1545,bf5f63f509a04b3c3417baaa17b7bd9b5d79dd3fa150f79c64d542f1c7bcbecb,TRACKED,.md,
ATLAS_CENTRAL_ALERTAS_ACOES_V12_V13.md,1229,ae7479266491bca80300a3c3416955066ea8366f1f9411967f56417653a189d6,TRACKED,.md,
ATLAS_CENTRAL_ANIMAL_REORGANIZACAO_UI.md,1238,bc06380fab49d9a9dcb4d27b67a30b21f4d6c542c3a1f27d5ba3579401f83a9e,TRACKED,.md,
ATLAS_CENTRAL_ANIMAL_TIMELINE_ENTERPRISE_FIX.md,1085,a240663cc644b7b4ecbae59ecb4ddf903648901f4ceda51c9a0be186b5486ba0,TRACKED,.md,
ATLAS_CENTRAL_ANIMAL_TIMELINE_TIMEOUT_FIX.md,1329,4c3b31f3d435e17f44d59cd26d287ae65066d4f35b078d71550a92d642bea611,TRACKED,.md,
ATLAS_CONSOLIDACAO_CANONICA_V19.md,2326,02d2e1e20c3738247bf5fe23183659e7781e9ddbecd63bc9053ba1614073f4eb,TRACKED,.md,
ATLAS_DASHBOARD_INTELIGENCIA_OPERACIONAL_V11.md,749,c1171ac90ecef7464504651e65b5a4129fc316dc66a58cbc9dff292b7dbdc11c,TRACKED,.md,
ATLAS_ESTABILIZACAO_PASSOS_1_A_14_20260820.md,7655,cdfc4f76816062ccb30f6cf947e5a38c8ce70c945ca7e169536dea4aa96d913a,TRACKED,.md,
ATLAS_GATE_SEGURANCA_ROBUSTEZ_V16_V17.md,1770,29eaf896c89868208d03747dae8dd17cdde6187ccc6a750fad627b13c3668f2b,TRACKED,.md,
ATLAS_INTEGRIDADE_OPERACIONAL_V9.md,634,fe96a9f9d586c713b6967be5ceeecf9aa2c294c9103b8badb41042d0008e3844,TRACKED,.md,
ATLAS_INTELIGENCIA_OPERACIONAL_V10.md,1480,9ffbf8a5acc8545b2f6cc210c19e745f1c627b4ddfa5048ee0570da3d3c8e04b,TRACKED,.md,
ATLAS_LICOES_E_PREVENCOES.md,1463,e16d3c559ff581b2bfbdb292438aaedba75076605406962fcfced0203f3e6591,TRACKED,.md,
ATLAS_LIMPEZA_INTERFACE_UX_V18.md,1374,457ba29204d940ae821c200933084a478627cdb36a5bce4f74f41bbc61feda15,TRACKED,.md,
ATLAS_MARCO4D_FECHAMENTO_FUNCIONAL.json,905,07dfb548346c72ef12e664f46679db889fda53c0f1b0115772a3715e2e788092,TRACKED,.json,
ATLAS_MARCO4D_MATRIZ_V1.csv,3666,754ec65e8ce7cc00843141b7ce4ffd8e8ce1b9c3e73031a145ac57cc40bb5936,TRACKED,.csv,
ATLAS_MARCO4E_BASELINE_ESTAVEL.md,1044,db81ece06e7aff723ad862fa93de5cf54413a30e3547d8d9b3d376c33e39b136,TRACKED,.md,
ATLAS_MARCO4_FEATURES_AVANCADAS.csv,39543,0582fcd75675b3ed4f7e6e92aa2223bf88cfd425ecfb6bc219a7dbe872beed12,TRACKED,.csv,
ATLAS_MARCO4_FEATURES_AVANCADAS_CLASSIFICADAS.json,609,82d40bbb7652a4ac6cb804c642156b674b7cad668211ea24cdc845c8d328ae48,TRACKED,.json,
ATLAS_MARCO4_PERSISTENCIA.csv,29925,de9ccdd267a7ae09efde71247b0a7efd7bd197bf29bfc419525579be2480fe68,TRACKED,.csv,
ATLAS_MARCO4_PERSISTENCIA_CLASSIFICADA.json,1088,4c55b226bddc7701e16d232fbecf82244a88a8037e133dd294221030735aafd4,TRACKED,.json,
ATLAS_MARCO4_RELATORIO_CAMADA_2.md,3271,d711cf99f3787f0882430d26c6a923287aa669a5d197477fc82debb7ca577b56,TRACKED,.md,
ATLAS_MARCO4_RELATORIO_CAMADA_3.md,2302,f98ddcff539a21bed20c8b72df67161f3db0f32661c5ecff3a3aa23da837945d,TRACKED,.md,
ATLAS_MARCO4_RELATORIO_CAMADA_4.md,2502,9ad2e84ade48b12aabf156d3a211418843b2e97a6ba9ba330a0f81d0361d5786,TRACKED,.md,
ATLAS_MARCO4_ROTAS.csv,39235,22d6b155699ab400038c7dcd87db89f0262a1772ebd0d70b62d293614bddee0e,TRACKED,.csv,
ATLAS_MARCO4_ROTAS_SEM_UI_CLASSIFICADAS.csv,27721,468cde4f3bdc94f9b04b0a31643c102bb87076799cc1e91836078b08154bb89f,TRACKED,.csv,
ATLAS_MARCO4_ROUTE_SCREEN_MATRIX.json,22498,2aba941590f49c104b3101e43e724c03145230643a9458d0ea375563262fd0dd,TRACKED,.json,
ATLAS_MARCO4_TELAS.csv,31351,f674343278561dc248ab3b6d1c921624e2dfe0ce756d3c0752b66212c6640d80,TRACKED,.csv,
ATLAS_MARCO5A_BASELINE_LOCK.json,2576,94b2109342b70e7c2c42d7d29b99292eb381a43d3d251c8964b7ecf37fb258fe,TRACKED,.json,
ATLAS_MARCO5A_BASELINE_LOCK_REPORT.json,345,90d58e7ab0b3a46597fe9f984d0fff11b4f63583f64df1647529c76898646a28,TRACKED,.json,
ATLAS_MARCO5A_PRODUCTION_READINESS.json,5519,55919ae320c74c5a812f21cdd6539e704442934d3b44f922a7d804ae614a84f7,TRACKED,.json,
ATLAS_MARCO5A_RELATORIO.md,1700,3c04395c3d83ea6b5d6f7c25c7bec3be862670069e7c69d5495f4c50787ba8e8,TRACKED,.md,
ATLAS_MARCO5B_RELATORIO.md,1440,f769df1857d63629c74cb0c455b55826a26fb8dff006be216fb141331be29a11,TRACKED,.md,
ATLAS_MARCO5B_SECURITY_CONTRACT.json,953,1954a1280f9bcee67c0746758fc69a8ea64785733d80458127037a2bc6239c63,TRACKED,.json,
ATLAS_MARCO5C_IDENTITY_CONTRACT.json,1386,3181dcc2acfdc102703d5ed0178074519686982c404ef9ad79ff85e509cff2c5,TRACKED,.json,
ATLAS_MARCO5C_RELATORIO.md,749,aef108f0fbcace8f8aae9f52a7127f332c761e31e209a889208e28faeee31817,TRACKED,.md,
ATLAS_MARCO5D_MEDIA_CONTRACT.json,780,476f2507f88fab15d1ed52d7298de24e284198bd688a7f214ea37b48985214d9,TRACKED,.json,
ATLAS_MARCO5D_RELATORIO.md,1230,398364f2e9e756a0b7e6b7c237200a15ffa3bb668a90cdaeed33971942d5ddd1,TRACKED,.md,
ATLAS_MARCO5_FINAL_CONTRACT.json,556,0f426067584c449685f1039c7b77a91aabbb1ecb6f8a72cc3ebfbfb819b99316,TRACKED,.json,
ATLAS_MARCO5_RELATORIO_FINAL.md,2068,fef71f8c5c533973bf08071533cae4719c123036f4ea2da405513c6a4d2dca3b,TRACKED,.md,
ATLAS_MARCO6_ALEMBIC_RECONCILIATION.md,2588,0e1eb7c274675ca4234e5938b4ba2849950be899c794c56b5d7158deea2a3390,TRACKED,.md,
ATLAS_MARCO6_ALEMBIC_RECONCILIATION_V3.md,1293,e80821b3ac36227d8e2cc0c317f20b6cde398cabf1bc0ed79fec75a4014c530b,TRACKED,.md,
ATLAS_MARCO6_ALEMBIC_RECONCILIATION_V4.md,1479,5782a3aef81ddbfebe4536c71097eb058f375c917f3f220e3878db34d00c3f2c,TRACKED,.md,
ATLAS_MARCO6_ALEMBIC_RECONCILIATION_V5.md,2487,0dad55d6d9ac506274635aef5a8fc02c5bee51ad14b33eee7922e174d9ef1f8b,TRACKED,.md,
ATLAS_MARCO6_ALEMBIC_STRUCTURAL_RECONCILIATION_V2.md,1656,e79a8c90e651d4230b1f23f257c8079c97d2bad58627c29a1634839b22ef2658,TRACKED,.md,
ATLAS_MARCO6_ANDROID_CONTRACT.json,1045,87968c3976444bda2bcf6cf1b42d23aa8d41bbfd964f49a02ec1bbf84da0b506,TRACKED,.json,
ATLAS_MARCO6_AUTH_DIAGNOSTIC_RESET.md,910,893f761cbf78d10fe09f9c5b93f64929a993ca2f951f83376cb7d9c53546fe49,TRACKED,.md,
ATLAS_MARCO6_DEPENDENCY_LOCK.json,248,3816c8dead496eb076f171afc6414c8d5d4d96a8d3dd5d99a240cf45679140ad,TRACKED,.json,
ATLAS_MARCO6_FREE_INFRASTRUCTURE_CONTRACT.json,544,4918b5106a7475ab4f64d3566c11e673692d278323d8879113348d43ff317ee1,TRACKED,.json,
ATLAS_MARCO6_GRATUITO_RELATORIO.md,440,2d5b15d1e408f0a82c08eb994e4f3f842152564bc9985a45b61b27d636379ccb,TRACKED,.md,
ATLAS_MARCO6_PRODUCTION_ADMIN_PROVISIONING.md,1297,396cb7852f3dd3aeff95fbdd865f34415876cac410282871ce262eb61fba69f6,TRACKED,.md,
ATLAS_MARCO6_PRODUCTION_HARDENING.md,2576,43c24763986be9da3031091a698251a51f36e33b026ab1a724ebb42bcc4fa808,TRACKED,.md,
ATLAS_MARCO6_RELATORIO_FINAL.md,769,e45b7015744db74b2a02a2ae4cbb1493c9ed5f5d9c4c94cd5378e8eb75dc112d,TRACKED,.md,
ATLAS_MARCO6_V16_CORRECAO_GIT.md,397,7042a627ea8ba9e4a9674cbe75cf4741d1f8ec599a58ef8a0b665cdc0e10fea1,TRACKED,.md,
ATLAS_MARCO6_V16_GIT_AUDIT_CORRECAO.md,1143,67503cb8d8762f2ba73819897a771addf8c4f5748e1dc05fa2bb0694936dda08,TRACKED,.md,
ATLAS_MARCO6_V16_GIT_FIX_FINAL.md,1122,ea517873c0519786b61fcf7b3d0707e2afd7678c5f9e0a54755b10be3fba5f0f,TRACKED,.md,
ATLAS_MARCO6_V16_RENDER_SUPABASE.md,3583,efbb697316974afe0c3004023656343c9ac80de907f79dc6824436c8af03b197,TRACKED,.md,
ATLAS_MATRIZ_NUCLEO_PECUARIO_20260813.json,2160,361a493c56b78e3ce71773f068a4f1db9fc40ca91517cb305eabc0efc6465c45,TRACKED,.json,
ATLAS_POWERSHELL_STATIC_AUDIT.json,75,c0b00e5ea1cd4f374233a5cd9b5b1d75b2a5601b91b6a6d5017fc7934af3007a,TRACKED,.json,
ATLAS_PREDICTIVE_RISK_AUDIT.json,1760,46522d2e7fc85926ea69626b0198805f3b87459d4cce28ade6721b40b3ae4fcd,TRACKED,.json,
ATLAS_PRODUCTION_BLOCKERS.json,1140,fb46f73cc49c2333942e8a1199acf52a2e3e444b51ab98687ebcc18c30412ee7,TRACKED,.json,
ATLAS_PUBSPEC_DEPENDENCIES_SPRINTS_51_60.txt,255,aee94bf043872512a0365f3b6a49aa50fd560e1d6f9ee0ae23788b9520eea35a,TRACKED,.txt,
ATLAS_REBANHO_PRODUCAO_HOTFIX.md,1478,24c37d3f57a611fdb22ddbf4293d55bda8c93c9cb19debb7c4bb46caf414d899,TRACKED,.md,
ATLAS_REGISTRO_MESTRE.md,296390,b0f4e8f125a79198d97fc52c34e77862663dabeabbc1b6a1c93df639e1efb6a3,TRACKED,.md,
ATLAS_V19_2_CRUD_CANONICO.md,1788,15f944a7ed6809c3d84ce26cf7ab919b73c4c0592a785aaeba3e89d9cd76822c,TRACKED,.md,
ATLAS_V19_3_ACOES_CRUD_VISIVEIS.md,1248,f94a778e65ad914690c40dc40cb84cb293149925c2a77324b79bdf978f9604f8,TRACKED,.md,
ATLAS_V19_4_AREA_ACOES_MODULOS.md,1104,408ec4bd0d5fae5feaf8db92aaa5def97c4cbb43c5085f5140c87e14e55344ae,TRACKED,.md,
ATLAS_V19_5_NAVEGACAO_DIRETA.md,1846,6dde4c0cbc01d922965e965ee0717173a3fda7f24b27a26ae857dd0db29a2a66,TRACKED,.md,
ATLAS_V1_AUDITORIA_248_TELAS.csv,36400,65996df808164545ecfc1ecd473aa4ef769d9d31d2b06c8aceb7ca67050116fe,TRACKED,.csv,
ATLAS_V1_FINAL_MANIFEST.json,2677,2a29f8bdb299ca56e1c608e69b9e66ea6442741fd4ed1f84cae910bf44fddc21,TRACKED,.json,
ATLAS_V1_READINESS_PASSOS_11_A_20.json,1042,d913cbf5491eab0d95ed90db4274ee0dacc6176e16a166a4a8a08e30a20142b1,TRACKED,.json,
ATLAS_V1_READINESS_PASSOS_1_A_10.json,4505,8f402133734948a2580347f3735cffbd46e2d52f19eea675d1768ed0e70c7393,TRACKED,.json,
CHECKLIST_FINAL_PROJETO_ATLAS.md,1000,99359f3b09f0d89ecdb9d44dba7fdee1c8321571a06d07cc516515a458c060de,TRACKED,.md,
CICLOS_10_A_12_IMPLEMENTADOS.txt,173,e9b1ab3266c01c0ffec6bb7ca16abaee5ff23778c67aebaecda7dedf756080b4,TRACKED,.txt,
CICLOS_13_A_15_IMPLEMENTADOS.txt,112,b0e2800b5e08850a720ddc8a3336a4f70ca6c1a95e1f6627584e88e93d0b80ff,TRACKED,.txt,
CICLOS_16_A_18_IMPLEMENTADOS.txt,72,d1089896abc05cbc3f199d60651a0a0018ae22aae559eda41d538fe00febe988,TRACKED,.txt,
CICLOS_19_E_20_IMPLEMENTADOS.txt,78,690d78bcb5a7d209f9616fed2d76af30949d081573455a71104f2137716b0f62,TRACKED,.txt,
CICLOS_5_E_6_IMPLEMENTADOS.txt,44,0429ff95e2e9b1e5c6b87144a172aebce04739213d04aede9ab8e3524279ed39,TRACKED,.txt,
CICLOS_7_A_9_IMPLEMENTADOS.txt,96,cf092ff31f66bb6a0188c8612f6574c94d0758c42f60e3828579ff6e8a9a9354,TRACKED,.txt,
CICLO_1_IMPLEMENTADO.txt,90,4d2fd085e2882c4950941ca708348b5db270b7d7d3790432d864443581b710bb,TRACKED,.txt,
CICLO_2_IMPLEMENTADO.txt,244,d231600b8af66d6676f9fdc69f44030523393b0c79dbdb982691b7a4e34496ef,TRACKED,.txt,
CICLO_3_IMPLEMENTADO.txt,125,d98cecb7f0a89aab6048353a60d7018cf5ca50a3c15918a0720a042f861f93bc,TRACKED,.txt,
CICLO_4_IMPLEMENTADO.txt,93,3f72923087343fb890845dc57f04da9074e00a6ec299aa4b9b9c7b90968d1fe7,TRACKED,.txt,
CORRECAO_19_CURLY_BRACES_CONFIRMADA.txt,183,966a97f2f21fb599e0d6accce27c27c212c6a24be619437669ddf69a2e362914,TRACKED,.txt,
CORRECAO_ADB_AUTOMATICO_CONFIRMADA.txt,373,6da744b09682bab9f124fafc39bddcecf44efb5de221da23b715366dab19bafd,TRACKED,.txt,
CORRECAO_FINAL_ENUM_44_45_46_LEIA_ME.txt,1121,5e342301fc3321ce55739faacc0f807bf1ff81e84a62b58ab3012efb2fa1703b,TRACKED,.txt,
CORRECAO_ICONES_BOVINOS_11_08_2026.txt,400,b11e2cd35ee064d8330358e8876fa3cf47b2ea2ac4bf17788ba0b0a7ab3acbee,TRACKED,.txt,
CORRECAO_NAVEGACAO_DUAS_LINHAS_LEIA_ME.txt,1070,2a34c1434629dc3ab9d9bfbade217c0d84bc6109bbc55e4c983132d27b9c86cf,TRACKED,.txt,
CORRECAO_NAVEGACAO_MODULOS_LEIA_ME.txt,1457,41e890c7377b1df861534726f27f476158002695220666132b97f7508f0827c8,TRACKED,.txt,
CORRECAO_POWERSHELL_LASTEXITCODE_CONFIRMADA.txt,485,f6c250a117c318ad4ad6ffbf06c861b72565ecce0b64ae58fb5cd8a447efbcdc,TRACKED,.txt,
ENTREGA_PACOTE_28.txt,140,4cff2e638991348ff492a9953c5649adec434cd9e405b873b8e2b050aee772ec,TRACKED,.txt,
HISTORICO_PACOTES_ESSENCIAL.txt,1194,f3d78578211e54ce175bc65fa7087b04ca3d776274a1a147bc4a2c9fdb2ae318,TRACKED,.txt,
HISTORICO_UNICO_PACOTES_ATLAS.txt,34182,a686c16d07321b52a0d51cc140c484fbfd6e45eb661f8a6912d72b55a3ad4007,TRACKED,.txt,
LEIA-ME.txt,757,7ad70d972bbd20a235365c8347083516aa3dae8658105c845d6c53c672501065,TRACKED,.txt,
LEIA_ME_APLICACAO.txt,528,ba4d3842ac1dd0bab7dda42c0b36809f887a3a19a48cf14d1cac3712a6e0428a,TRACKED,.txt,
LEIA_ME_ATLAS_ANDROID_1.md,398,cb16093603a5a42d3e9a50f887e207e5067931f34983c1065a82e2f1a3049b58,TRACKED,.md,
LEIA_ME_ATLAS_V1_PASSOS_1_A_10.md,3427,7599501a94a65ea53693f93b0d0f88246029855aaab71166f61de2f9500d9029,TRACKED,.md,
LEIA_ME_BLOCOS_1_A_5.md,1279,12421c082fa624184516712cf70f4638b6ff6f70fd11370f65ac60c9ba12ace2,TRACKED,.md,
LEIA_ME_BLOCOS_6_A_10.md,857,02b022ef714d7e467520f64c9a30bbb2b770da98575b571411455075f03b9f47,TRACKED,.md,
LEIA_ME_CICLOS_10_A_12.md,166,1d241a9efd9516cf1fa2c1286c2182c125c6a3266afbed3fa1e821e11f43c6ac,TRACKED,.md,
LEIA_ME_CICLOS_13_A_15.md,270,e8bff7e1ef39c8ff6aad5ba6926d9f4dae894782df4ef64882550b1a99c4c9d2,TRACKED,.md,
LEIA_ME_CICLOS_16_A_18.md,222,17177d4839928fc99ddd89b433291acca156fe60892aab01fe42f11d8e94ecdf,TRACKED,.md,
LEIA_ME_CICLOS_19_E_20.md,360,d81d667350547d654095b9351c92a8cd0ee21867a4cd1fbbc3fef5a4d26e7b7a,TRACKED,.md,
LEIA_ME_CICLOS_5_E_6.md,134,55adcce344dadd05cb82864bd684dab8f70c51e4323794d0fcad56d3df2af9b7,TRACKED,.md,
LEIA_ME_CICLOS_7_A_9.md,245,c0a754023dbb22f09e25194134e598717ae7c69f4374453cdfd12833bfa79e79,TRACKED,.md,
LEIA_ME_CICLO_1_SPRINTS_131_A_135.md,746,9865bf6cd44858289768d5fc5206667d8eb17c319f817adba5a71b51fae5f895,TRACKED,.md,
LEIA_ME_CICLO_2_SPRINTS_136_A_140.md,341,a0d7d3647793acae11041fd0e60c5b81a38b2768a6a395c7128d0303b47aa4b0,TRACKED,.md,
LEIA_ME_CICLO_3_SPRINTS_141_A_145.md,246,f7f2391574530efb1c08964277192009bc1e6fd57a0ed225e62c4e2f50d8c5d2,TRACKED,.md,
LEIA_ME_CICLO_4_SPRINTS_146_A_150.md,342,68a01a93c2a162ea1cfb373dccc9d15a858fc001c49e1ecacc970144f82f189d,TRACKED,.md,
LEIA_ME_CORRECAO_19_AVISOS_CURLY_BRACES.md,510,215b853c75649ad97c3455d226a0b4cd0d994211895817d73baf60d12b315fa9,TRACKED,.md,
LEIA_ME_CORRECAO_7_AVISOS.md,723,c919b987cfacd6e9280a58354891aafa4e01446ba57cf32e53e28f7cf088cedf,TRACKED,.md,
LEIA_ME_CORRECAO_DASHBOARD.txt,383,58fed5493a562808a9322bc54da0d5649d7829bdb93851765461ac59e1e6b9c6,TRACKED,.txt,
LEIA_ME_ESTABILIZACAO_ANDROID.txt,1504,18b5b524f01d22d64d1529616b109fe664596e355836fb17e46498f2443e46aa,TRACKED,.txt,
LEIA_ME_FASES_2_E_3.txt,1770,f3daafcba614b2e265a759376c10fec84f4998f47daeeb863778195bcef8f62d,TRACKED,.txt,
LEIA_ME_FASES_4_E_5.md,2535,4a050674f7acdadcc06b330f1cc236271f3f8c9ebf25e763eb4d93b802941734,TRACKED,.md,
LEIA_ME_FASE_1.txt,711,f494f87e54e7cf4984220abbe2a90c6ad32ac36f5138e070fb08388a0d6d37c3,TRACKED,.txt,
LEIA_ME_SPRINTS_11_A_15.md,765,9d3dd35c57a1c8e6b65ff55980fad5493db35a12a4dc9c7dac6ae4ebb7a0c51b,TRACKED,.md,
LEIA_ME_SPRINTS_16_A_20.md,1127,2d3e61b0486274cdec3311e36f009e2597bee7ba48c4556a09e1cef65a2bf5a8,TRACKED,.md,
LEIA_ME_SPRINTS_21_A_25.md,1251,ca1b46ac30ab78951ed42dfbb32f887e497b1f3006edb4ff0617d0a8ec58ad15,TRACKED,.md,
LEIA_ME_SPRINTS_51_A_60.md,745,f9b1f1f1789b55538c616d97d50da9176e885dd6a5f92798c244f5a93943dd8b,TRACKED,.md,
LEIA_ME_SPRINTS_61_A_70.md,216,ef36137ba176c77613d90c46b4f820a7aba30c13dbf3096742665a352e2eb081,TRACKED,.md,
LEIA_ME_SPRINTS_71_A_80.md,382,6e8b65e57b8158dee97a5eb42a7937a2e3eec1631ef58ef4f7c684f5616c736e,TRACKED,.md,
PACOTES_26_A_30_MANIFESTO.json,288,058d2636048630419e646d89938e31be22d296d9624bc27348beb82f24512b22,TRACKED,.json,
PUBSPEC_DEPENDENCIES_CORRIGIDAS_SPRINTS_61_70.txt,288,8343a0a02a453c14f8e96b0016242aca4a98dbb5d07f61561ec5c286fc8ad2d9,TRACKED,.txt,
README.md,463,03db8aed75f0e207e8ceabe520482e4c6ca09a9f6fe3f550b6dfbbb2be3648ed,TRACKED,.md,
VALIDACAO_24D_CORRECAO.txt,1019,3ff1ed0d9640569ea5fffdd6a5e5fc65de3b9f329839d4ca300513ef6db0ddc8,TRACKED,.txt,
_atlas_snapshot_meta/git_branch.txt,11,6053eefa7ede1e35e5bd61d8dc6171822321c026ce1bb1b8be1bbb1f411f7c3d,UNTRACKED_NOT_IGNORED,.txt,
_atlas_snapshot_meta/git_head.txt,45,8d2efb7c606aed8a74c1975104cbacd9b6bd5f1b22b6fec320b40a9df5705d29,UNTRACKED_NOT_IGNORED,.txt,
_atlas_snapshot_meta/git_last_20_commits.txt,1420,076c925838cffeeb99cf7fd1a6e95b8856e0c2d8bc7d1e1d0999af54464dbc4a,UNTRACKED_NOT_IGNORED,.txt,
_atlas_snapshot_meta/git_remotes.txt,138,7128fd7454c47c9abf69ef715c67d9f77bcfd25976db2e3f2ac1de6db9710c65,UNTRACKED_NOT_IGNORED,.txt,
_atlas_snapshot_meta/git_status.txt,248,2dcd09cc288ec5d82a3f30306f3dedc7a352698e7510d821089c8cec6e36a644,UNTRACKED_NOT_IGNORED,.txt,
_atlas_snapshot_meta/git_tracked_files.txt,147562,81774ffb865a64d2d4651447dbcbb2693932886c948b487555e6abfcf2ee32cb,UNTRACKED_NOT_IGNORED,.txt,
_atlas_snapshot_meta/git_untracked_files.txt,342,66e396f5c4a005df8a4052fb009db4506648750f75bca8e15d345959b580f654,UNTRACKED_NOT_IGNORED,.txt,
_validate_5b_direct.py,2421,2d827a42501d95e08cf0c9a9c021e988dd9fd90188eb6a57613f6d556d6d79ab,TRACKED,.py,
admin_portal/Dockerfile,137,3012e55e9f4fbd62747a07be68b2713cc25abe7033e5feaab43c311c851279c5,TRACKED,,
admin_portal/app.js,26159,b1533fd50f3e583d12bfeec4e9e07ef93999d6437aed4cd383f602f7bcddd2cd,TRACKED,.js,
admin_portal/index.html,1903,492c769074fa362617bcb212beaa256f01ca0c2849a23501734f0505e2f5027c,TRACKED,.html,
admin_portal/nginx.conf,216,7648eb15672296f08c2c79a7521e3647dd8a49b61da9e5b3098aaac025c0b68d,TRACKED,.conf,
admin_portal/styles.css,7092,fd8243a452c06dcf5a4c4e23197fb49e300dbc4135e87bef521bd2b55c775bf4,TRACKED,.css,
analysis_options.yaml,1448,b63207cf529949ec4727b68c23dbb38ce255b6f6f4ae1effcb5c1dcf2852d238,TRACKED,.yaml,
android/.gitignore,126,bda21ae3833401b6f1f243a2093d20c0971b984e631457d127fa64eddf76afe8,TRACKED,,
android/.gradle/8.12/checksums/checksums.lock,17,5d98c6d493bd3ef990ea851480cd6f127dc764268d4d1439a21902c4d50efb2b,PHYSICAL_OR_IGNORED,.lock,
android/.gradle/8.12/checksums/md5-checksums.bin,87365,fbfb111537d49ed1e44677a2718d4312d54898084898fdab6700f157a999faca,PHYSICAL_OR_IGNORED,.bin,
android/.gradle/8.12/checksums/sha1-checksums.bin,189554,a6df3dc5345cc34e4994c3c53cc7660617949374be7a2024e64e043175bc5fba,PHYSICAL_OR_IGNORED,.bin,
android/.gradle/8.12/executionHistory/executionHistory.bin,3064472,4557965fabc303e8bd8c1a5d31c8c8505c777b88717c899e438ecb42c5906e05,PHYSICAL_OR_IGNORED,.bin,
android/.gradle/8.12/executionHistory/executionHistory.lock,17,8145299288beedfedc99341b665828f2c4f8e1896b80c413449d502e98820cd0,PHYSICAL_OR_IGNORED,.lock,
android/.gradle/8.12/fileChanges/last-build.bin,1,6e340b9cffb37a989ca544e6bb780a2c78901d3fb33738768511a30617afa01d,PHYSICAL_OR_IGNORED,.bin,
android/.gradle/8.12/fileHashes/fileHashes.bin,470191,17fa8ec7f73ece31c386c17b01f4aeba9eea9531ddd34283c6d3273c1e7798b6,PHYSICAL_OR_IGNORED,.bin,
android/.gradle/8.12/fileHashes/fileHashes.lock,17,6b0a7e50b5cb9004318bb671167842988f7f976e08350c8592d57ee158414c89,PHYSICAL_OR_IGNORED,.lock,
android/.gradle/8.12/fileHashes/resourceHashesCache.bin,24583,0736ce383692275fbeb275ae88b11791ffe5114ef6a1ad64e597b1c0a8765a77,PHYSICAL_OR_IGNORED,.bin,
android/.gradle/8.12/gc.properties,0,e3b0c44298fc1c149afbf4c8996fb92427ae41e4649b934ca495991b7852b855,PHYSICAL_OR_IGNORED,.properties,
android/.gradle/buildOutputCleanup/buildOutputCleanup.lock,17,12faeec18d77b24da6737f0ee424b092d8c406c7543f533d8b2f1130424dcbcc,PHYSICAL_OR_IGNORED,.lock,
android/.gradle/buildOutputCleanup/cache.properties,52,65efbc514f598bb1861aa35b6723c9588f6268dedf935089e5e959b7e8acb0d9,PHYSICAL_OR_IGNORED,.properties,
android/.gradle/buildOutputCleanup/outputFiles.bin,89333,583fb6b4e89d5648150cacb3423209dedf2c069efc0b90a3ab831f8b3cfdc8b3,PHYSICAL_OR_IGNORED,.bin,
android/.gradle/file-system.probe,8,d270f33c904072ac628f90e9689bca690961d950d814105efa4d57cf080780fd,PHYSICAL_OR_IGNORED,.probe,
android/.gradle/noVersion/buildLogic.lock,17,b285c10b7aba7ee352d26b76e998db8bc2c1507ce49b7fe014626a883ce0fd45,PHYSICAL_OR_IGNORED,.lock,
android/.gradle/vcs-1/gc.properties,0,e3b0c44298fc1c149afbf4c8996fb92427ae41e4649b934ca495991b7852b855,PHYSICAL_OR_IGNORED,.properties,
android/app/build.gradle.kts,2413,2e079339655e8ec14f99f24aa99b67faab5572a547be31b3dc3eaed941e5ce72,TRACKED,.kts,
android/app/proguard-rules.pro,39,897e1c24fc5703e69194ee2bcb1eccdd05fc5e1a864bde84ff16048fd96cfcb0,TRACKED,.pro,
android/app/src/debug/AndroidManifest.xml,138,53c01c7b40f6e1ba705b89674fe73988706e83acc06551723a480055d947afe5,TRACKED,.xml,
android/app/src/debug/res/xml/network_security_config.xml,253,62047ffeeeff39fa0e74c242d84dffc8d21f317c68b05669bb2acc5a7cf6bb5b,TRACKED,.xml,
android/app/src/main/AndroidManifest.xml,2702,e915a723d9837bb1f1af0178b01ebbf9d39345bf9d3a657a93b5669c54fc6e30,TRACKED,.xml,
android/app/src/main/java/io/flutter/plugins/GeneratedPluginRegistrant.java,3454,cdc28bf7a39dc63c4494bccd91308b66b281bc3c60d43c191b24a825b12f9608,PHYSICAL_OR_IGNORED,.java,
android/app/src/main/kotlin/br/com/projetoatlas/app/MainActivity.kt,2952,c7619169964a0599aaeb5ed528cf18b9a5a362e7063ec29d4c30b0aac7ce7860,TRACKED,.kt,
android/app/src/main/res/drawable-v21/launch_background.xml,278,5e3aa22ba7decb2cab49d8125ca5c99af24fa2698405416d55f8b6d78a5bbca4,TRACKED,.xml,
android/app/src/main/res/drawable/launch_background.xml,278,5e3aa22ba7decb2cab49d8125ca5c99af24fa2698405416d55f8b6d78a5bbca4,TRACKED,.xml,
android/app/src/main/res/mipmap-anydpi-v26/ic_launcher.xml,257,a4dd9ef0c9f103d4b1f22d1fc7048d9e8bbcc900c0142864bc06632b3c7f2348,TRACKED,.xml,
android/app/src/main/res/mipmap-anydpi-v26/ic_launcher_round.xml,257,a4dd9ef0c9f103d4b1f22d1fc7048d9e8bbcc900c0142864bc06632b3c7f2348,TRACKED,.xml,
android/app/src/main/res/mipmap-hdpi/ic_launcher.png,1675,81616a40a1b834325d737ec78a85e317f8ba41ba4d8ff0cd70130429807e1737,TRACKED,.png,
android/app/src/main/res/mipmap-hdpi/ic_launcher_foreground.png,3651,7c42aee09e43d20f71e1e07a1ccd6642825c45af35269a7ba45b65948a99083a,TRACKED,.png,
android/app/src/main/res/mipmap-hdpi/ic_launcher_round.png,1675,81616a40a1b834325d737ec78a85e317f8ba41ba4d8ff0cd70130429807e1737,TRACKED,.png,
android/app/src/main/res/mipmap-hdpi/launch_image.png,24436,9d4f7de1af0a5880e5c9cc1d5e45e587b512e9a3c6bc96b067abf13fe66824a4,TRACKED,.png,
android/app/src/main/res/mipmap-mdpi/ic_launcher.png,1054,12d8d0280531d6089912ef6f4cdc21426e2b0eeba38ace5d3904da40b52cbc84,TRACKED,.png,
android/app/src/main/res/mipmap-mdpi/ic_launcher_foreground.png,2191,cde2ac7c0762716e0920b2386f98d7e11bcb10d62ba87e897e5cb1e040cdcdad,TRACKED,.png,
android/app/src/main/res/mipmap-mdpi/ic_launcher_round.png,1054,12d8d0280531d6089912ef6f4cdc21426e2b0eeba38ace5d3904da40b52cbc84,TRACKED,.png,
android/app/src/main/res/mipmap-mdpi/launch_image.png,12990,da64f3165c90ed950e26deb91647462056004e6fdc36f1146db9c56a0255c015,TRACKED,.png,
android/app/src/main/res/mipmap-xhdpi/ic_launcher.png,2396,6e920e32070a2f88d191b46d5145c651fd0fe2c8edfe6b98dc2c4ddf0966bc15,TRACKED,.png,
android/app/src/main/res/mipmap-xhdpi/ic_launcher_foreground.png,5440,b6744d18693e663fd0ce10db2f0c1604105d7beda730730bcb500a529d6f2bef,TRACKED,.png,
android/app/src/main/res/mipmap-xhdpi/ic_launcher_round.png,2396,6e920e32070a2f88d191b46d5145c651fd0fe2c8edfe6b98dc2c4ddf0966bc15,TRACKED,.png,
android/app/src/main/res/mipmap-xhdpi/launch_image.png,38931,b0bacbd935b747daf61c5204d25ea4ccc82510e160b87463e0f574140b800dc2,TRACKED,.png,
android/app/src/main/res/mipmap-xxhdpi/ic_launcher.png,4138,a01c0c9b490e9518006507dc1b57f019a89891b747d137e8bc978f995e04e9ae,TRACKED,.png,
android/app/src/main/res/mipmap-xxhdpi/ic_launcher_foreground.png,10180,f8bedf5dd8f2cf41c0ff2d28ca8786b64a381b66041cadb62e050ecaf920b112,TRACKED,.png,
android/app/src/main/res/mipmap-xxhdpi/ic_launcher_round.png,4138,a01c0c9b490e9518006507dc1b57f019a89891b747d137e8bc978f995e04e9ae,TRACKED,.png,
android/app/src/main/res/mipmap-xxhdpi/launch_image.png,75467,90fbde1997c837141205abbb2837e43ccc0613f5837ea5331107751bcb96bf00,TRACKED,.png,
android/app/src/main/res/mipmap-xxxhdpi/ic_launcher.png,6163,25880b3203d57ae4608e2fc51344dd4476cdc35e7d01d373dba3f4c868d4bc20,TRACKED,.png,
android/app/src/main/res/mipmap-xxxhdpi/ic_launcher_foreground.png,16783,7fcc837a25ea4d6f0f9d2a05fa90cc045eb2b33ad53b1e32e8ce1a1237367dc9,TRACKED,.png,
android/app/src/main/res/mipmap-xxxhdpi/ic_launcher_round.png,6163,25880b3203d57ae4608e2fc51344dd4476cdc35e7d01d373dba3f4c868d4bc20,TRACKED,.png,
android/app/src/main/res/mipmap-xxxhdpi/launch_image.png,118453,34dd5231fcc38394e5a6dda89e86cd3cd7962cbb99d209f19c71c05df9c07233,TRACKED,.png,
android/app/src/main/res/values-night/styles.xml,811,4c926f266e992a109f0f8620d1e0999975c647a5e1b4a55d2a65b87fb5a6f879,TRACKED,.xml,
android/app/src/main/res/values-v31/styles.xml,403,268d241650590b721442f02accf7abcb6bcfc60f38def132ca28f5739da04cb3,TRACKED,.xml,
android/app/src/main/res/values/colors.xml,155,434346342f07b3c15db92cf37440b558f9133e84bb03000b13f775244a9572e3,TRACKED,.xml,
android/app/src/main/res/values/styles.xml,811,4c926f266e992a109f0f8620d1e0999975c647a5e1b4a55d2a65b87fb5a6f879,TRACKED,.xml,
android/app/src/main/res/xml/file_paths.xml,274,042ed308795f291aef5b7bbcd7feeed04d78e8a588e81dd676bbf08ba985d61a,TRACKED,.xml,
android/app/src/main/res/xml/network_security_config.xml,254,dbc726438a7e99c69fdfc39146cd51ef8300dacb236843bbce3ecd2a1712a80f,TRACKED,.xml,
android/app/src/profile/AndroidManifest.xml,385,b01a4541a8144c15bc617bab7eb267c99fa1476368fbbda5a12cdbf4e316a34c,TRACKED,.xml,
android/build.gradle.kts,561,218f400e3fff31c9c986a2535dfb974560e1b4d33cc27b7c1fee96a2b7e44454,TRACKED,.kts,
android/gradle.properties,169,8c571c20e6b82d16e64d0a14320db39367ba7d85af2ecf3100f369459e1c0c8f,TRACKED,.properties,
android/gradle/wrapper/gradle-wrapper.jar,53636,16caeaf66d57a0d1d2087fef6a97efa62de8da69afa5b908f40db35afc4342da,TRACKED,.jar,
android/gradle/wrapper/gradle-wrapper.properties,206,a23faf39f936281e98c22c568a812ded3684a61fcf683bbd1aac2e85691622ac,TRACKED,.properties,
android/gradlew,4971,ec56c02543666d92d9ac5ae7fcc48f88ce4de0deb8b7f9b39928ca46f68c1b2b,TRACKED,,
android/gradlew.bat,2404,c13c6e91b9a517783976de213d46398c661ea9e17651376d7301e839eaedcc62,TRACKED,.bat,
android/key.properties.example,111,29948ba16ce9cf1b96b5f67723bdf6ca823806f26a9950d422227c21db073715,TRACKED,.example,
android/local.properties,95,810be776ec080fcd908bb997526e3900bdd904f945f4ad5fc6aef1039e817b4c,PHYSICAL_OR_IGNORED,.properties,
android/projeto_atlas_android.iml,1630,d3a09d4667a85075ff4b597f64992ddcfca25cfd4abfb0db3b057345125928c2,PHYSICAL_OR_IGNORED,.iml,
android/settings.gradle.kts,796,12ec5e66e6a1cc90fcd73cfae78c87e6ca9637dc3a860c90253af63aa1af58cf,TRACKED,.kts,
assets/branding/beserra_logo.png,37447,7024984bd32174dfe74e81c29f688e9c10e0adaba1b3da1e5a898aa6bef8be33,TRACKED,.png,
assets/fonts/AtlasLivestock.ttf,1352,5ca707eaf91ec7ad7116e14000803a68f0b620ebf97c8f839f4b30ceb4068043,TRACKED,.ttf,
backend/.env,507,67d1e050505db1c0d669621ba63cb58548f01bfd893b27a3344a0d90e3b7f40a,PHYSICAL_OR_IGNORED,,
backend/.env.example,1572,8524ad4e79eb09752440b25527a544f79463fab14bd9cbd28b6bf536763cf5ec,TRACKED,.example,
backend/.env.production.example,2305,c6b31c42e40b5e049fc56a70fae2efa7943a133c2eac13031840d0027a14089e,PHYSICAL_OR_IGNORED,.example,
backend/.pytest_cache/.gitignore,39,e7c6bb30148cf667606dcd63e7ca77acaa3cfb0c8303bf09e6419e1e1669dc6d,PHYSICAL_OR_IGNORED,,
backend/.pytest_cache/CACHEDIR.TAG,191,37dc88ef9a0abeddbe81053a6dd8fdfb13afb613045ea1eb4a5c815a74a3bde4,PHYSICAL_OR_IGNORED,.tag,
backend/.pytest_cache/README.md,310,420e808d79a6c25d3cda0af33bc4782314a14949866682c68ce8149e89b66b70,PHYSICAL_OR_IGNORED,.md,
backend/.pytest_cache/v/cache/lastfailed,52,5d3b6272d08bafbc7a5e67a65c44fccfbbf8087c0a4fb365fd0abb057adab7fb,PHYSICAL_OR_IGNORED,,
backend/.pytest_cache/v/cache/nodeids,22233,2b5f08969edd0ab4ddad2234e242900d2f78cb88f9fa56ab5f6b213cfcd54172,PHYSICAL_OR_IGNORED,,
backend/.pytest_cache/v/cache/stepwise,2,4f53cda18c2baa0c0354bb5f9a3ecbe5ed12ab4d8e11ba873c2f11161202b945,PHYSICAL_OR_IGNORED,,
backend/CHECKPOINT_ESTAVEL_OPENAPI.txt,537,9ea8d51237b16831e8b3a7a35fbbff73583699990921a057604ba66109b5b2e7,TRACKED,.txt,
backend/CONSOLIDACAO_FASES_1_A_5.md,860,90a33ebbca0078d9f2fa3da003a7c67b888abd3b113a4e1f24f32570466d3c9e,TRACKED,.md,
backend/CONSOLIDACAO_MODELS_CONFIRMADA.txt,340,17681b90eb3f9d147e31de17e7890cba042e901e3e35f9ef701c93ce75789bed,TRACKED,.txt,
backend/CONSOLIDACAO_MODELS_SCHEMAS_CONFIRMADA.txt,296,873179bc75ffe53417026ca06cd46888317a7b0375949a80b4c7007437b46fe0,TRACKED,.txt,
backend/CONSOLIDATION_MANIFEST.json,2217,9702bc5b23599ed2e74c2f6ed75a7ab460a4afb9a0e9af75a241e2124563b761,TRACKED,.json,
backend/CORRECAO_CHECK_OPENAPI_CONFIRMADA.txt,459,05edc0c041d1697fd52bf399f53274fb9dd43dd6af50312a3f90d8bfc547de30,TRACKED,.txt,
backend/CORRECAO_TESTES_LEGADOS_CONFIRMADA.txt,375,d628de1fd19a27678d533c7358eeaed8b2fb9fa9ca2bcf5a7cc097201380084c,TRACKED,.txt,
backend/CORRECAO_WORKFLOW_DUPLICADO_CONFIRMADA.txt,298,1ea759ced54cf76c2713f02bb9795eec0cfdce071c61f8f07a89808f61f078c1,TRACKED,.txt,
backend/Dockerfile,497,b2fa450def5efbee6dff39aec9dd7ee12761f0c4e45b316c1d22308f8da8d2d5,TRACKED,,
backend/LEIA_ME_BACKEND_COMPLETO_SPRINTS_26_A_30.md,1061,8b69bc0501f85c5e7c5a8956049472eaa6b2c527cb7bdddac0ce9bfa368bbb32,TRACKED,.md,
backend/LEIA_ME_CORRECAO_204.md,1157,536234e44052502298eddd2d5065ffb73cd9521a8ad89126fd50c32d60d80b09,TRACKED,.md,
backend/LEIA_ME_CORRECAO_CONTEXT_BUILDER.md,973,7f5c22ca0d37c4ceb9322caccd509b1147751ac3879c8b54d8eb2e6bb2de7680,TRACKED,.md,
backend/LEIA_ME_CORRECAO_DEPENDENCIES.md,781,4a52106cd06006f24bec9e8c2c61726b3542e19c5a2cdd5e572d28c66c030f09,TRACKED,.md,
backend/LEIA_ME_CORRECAO_MODELOS_PECUARIOS.md,801,d217b2cd99396b6b70c0b11510493403fe5b561e37d33673cdb6758db3bf0772,TRACKED,.md,
backend/LEIA_ME_CORRECAO_TABELAS_DUPLICADAS.md,638,0bbb4a1923c55cd15a2b814557fba6d47564a3e6fede13a019c960f199731e9e,TRACKED,.md,
backend/LEIA_ME_INSTALACAO_CORRIGIDA.txt,975,4dc6799cf408de32d7e812cb938e364a1b65f3a70f74d816f970cc4d2322cb31,TRACKED,.txt,
backend/LEIA_ME_SPRINTS_101_A_110.md,794,d8c76f5e6530512eecebdf5f749648240c0e5143a547958a02f88209102064a9,TRACKED,.md,
backend/LEIA_ME_SPRINTS_111_A_120.md,153,5013d8c51cb21debc1195f3907068ff47350204302a4bc9bcaf385a672bfc21e,TRACKED,.md,
backend/LEIA_ME_SPRINTS_121_A_130.md,353,31481127ad5616b98a9d1be884eecb0fdc48af2a0a61f8c47160924451d661d7,TRACKED,.md,
backend/LEIA_ME_SPRINTS_31_A_40.md,766,d9787111623836287f7174090e31ec56817e7741f940def14e09dd83f44d16d1,TRACKED,.md,
backend/LEIA_ME_SPRINTS_41_A_50.md,835,8cf8c25383958d1b0aa997023d3e36c212d171eb2d1894f5cb96e06014a77fa7,TRACKED,.md,
backend/LEIA_ME_SPRINTS_81_A_90.md,198,bef13becd37e7e1c1a86b7352857252b04daffee1113c33baca3d7399cfe782c,TRACKED,.md,
backend/LEIA_ME_SPRINTS_91_A_100.md,251,5f8f8c833efc8f1538036b79aa711a126fe254783154d94475c2b61c0e8fb7e6,TRACKED,.md,
backend/README.md,1247,67b5c12280e44a5269aff9eba6fffb586846d01e250a6efaca512fa936de678e,TRACKED,.md,
backend/alembic.ini,509,b401d53ed64d91f95ab8226589d5c9ce4211270aed39db364fbd405ad1d7d553,TRACKED,.ini,
backend/alembic/env.py,1285,f7f8730077e185849f07fb2ea2d121bd16bea172d9413eaebf585f0ff12e5cbb,TRACKED,.py,
backend/alembic/script.py.mako,521,86eb30e65cfc0858549a14fbba952ca009f9c5c02e523865b61d0b0bb878691b,TRACKED,.mako,
backend/alembic/versions/20260804_0001_initial_schema.py,417,3dcfd00c3f0c6647a9f3255c2a3e63d6882181009959143c2aaf810907899d6a,TRACKED,.py,
backend/alembic/versions/20260804_0002_auth_security.py,6022,50f8bab6521849620e54ce268030818e9071f65a0a6586304ee84d3ad9b8dc2c,TRACKED,.py,
backend/alembic/versions/20260804_0003_livestock_apis.py,12490,54098afe29c611bd1add9755e0015891a80afc52a48f8d2a0cbce3d510876bc5,TRACKED,.py,
backend/alembic/versions/20260804_0004_operations_release.py,4246,df03d792c6c735a5e273180559df4dcb15418ffe7dbec9fdc387a0d8368a9513,TRACKED,.py,
backend/alembic/versions/20260805_0005_analytics_bi.py,8158,33a85524d3b8187389fb6dc64b47a93090fd2dd58e9b2b693f602603b11b5c7e,TRACKED,.py,
backend/alembic/versions/20260805_0006_atlas_ai_2.py,5131,68270faa4c5efdd42274db1947bdb2f587849920b6c2cf525c7c84dcbe9be17e,TRACKED,.py,
backend/alembic/versions/20260805_0007_realtime_monitoring.py,3977,a5c7d885faa509e791781bec3b9b7f692ee1b9f3ab74c4eb7cb85fb7fa5d933b,TRACKED,.py,
backend/alembic/versions/20260805_0008_iot_enterprise.py,7412,76b6795b982f071206c693162f62adbc8c30f620e84c12793b4a90b71cf36173,TRACKED,.py,
backend/alembic/versions/20260805_0009_commercial_platform.py,10257,e0e37f3c00bae23fda22b0ba49e4b66272745cc7d7c8b8a477e867d5e3d52fb9,TRACKED,.py,
backend/alembic/versions/20260805_0010_ml_platform.py,9429,ee59c9fe4202a1f7502dadd8967c68448acc97bc4fd2d09035277cc52e532838,TRACKED,.py,
backend/alembic/versions/20260805_0011_atlas_ai_enterprise.py,8508,1cebe4ba6dab2b5215e6789f1ecd45151d3335e20d11aa0bb409242c8c7a5cab,TRACKED,.py,
backend/alembic/versions/20260806_0012_automation_strategy.py,5445,8bbe3743acb6edf5d71e97bca032af300b1e2e22066df2c62e5190281a0d99d7,TRACKED,.py,
backend/alembic/versions/20260806_0013_governance_resilience.py,7816,d7674751c5a5acf56920350474f836611459e9dc9c55730c9d2acea435532374,TRACKED,.py,
backend/alembic/versions/20260806_0014_integrations_ecosystem.py,7462,dc9388c6a615dc4a54ed4c88091a162322ec1c2cf5a29adc1f8a779c465e6a09,TRACKED,.py,
backend/alembic/versions/20260806_0015_security_privacy_continuity.py,7667,08de72b411f6f0d2abcc6961769e4580402d4bf996f25ee858f5a05c6c237420,TRACKED,.py,
backend/alembic/versions/20260806_0016_release_engineering.py,8180,438e101815516fef6cf68ff8d873ee65678fa458c6a6823f34c42e9367843e15,TRACKED,.py,
backend/alembic/versions/20260806_0017_farm_operational_fields.py,596,b37ac7331ef4f1728bc647621d5722e3288ff94f32acd88f0dc9dcba7a34c4f7,TRACKED,.py,
backend/alembic/versions/20260806_0018_herd_lot_paddock.py,552,164d568f239acead214338a8dc7ee9eb81c3655fc79c497eceafe5d01edd3203,TRACKED,.py,
backend/alembic/versions/20260806_0019_livestock_animal_single_source.py,667,5c24da03b071107f2ff54ff64f20d2ebae0dab063b34c39835871b99ca9980e4,TRACKED,.py,
backend/alembic/versions/20260806_0020_phase1_reproduction_health.py,3564,fb0ce9cf5586fd83c8ab3f4f2805b36273c1fbaffe90d2b23e29c9cda51be999,TRACKED,.py,
backend/alembic/versions/20260806_0021_phase2_nutrition_inventory.py,6122,b50e92e33d007c8f3e464a4fa7184980d1f0ffdd10d46109386dff1a11c88baf,TRACKED,.py,
backend/alembic/versions/20260806_0022_phase3_finance_costs.py,2300,2c8e41076391147dce270f8536f123977e79a2a4a4b9c67b6ac4b587ce5c0d76,TRACKED,.py,
backend/alembic/versions/20260806_0023_advanced_blocks_1_5.py,7294,7374e990f1dba91ec90b51396884aea2dce4d489f655805bdbecaec6db9a93e6,TRACKED,.py,
backend/alembic/versions/20260806_0024_blocks_6_10.py,9830,7e6415c10d2ad2b4e00957a04e16cb00db9ab0397e2bd3ec55dece7d7ee99645,TRACKED,.py,
backend/alembic/versions/20260806_0025_sprints_11_15.py,5683,0a6acd6c8a017eb6080fd9edfe1a9eae47d7693d7bd8422fe6a34037761ffe2b,TRACKED,.py,
backend/alembic/versions/20260806_0026_sprints_16_20.py,7018,5fe0e452ea7c38afe6283b5011f705f7699bc32d6aab435f549d55f1af50d685,TRACKED,.py,
backend/alembic/versions/20260806_0027_sprints_21_25.py,4633,3e0f77552c91faeb41447cf5f547178be6477c37de142a1cf617569525c5efc1,TRACKED,.py,
backend/alembic/versions/20260806_0028_sprints_26_30.py,4149,caf60134503860d1c6f1b489efc3b12bdd889e1599c9aa7312be9772e19bb9b0,TRACKED,.py,
backend/alembic/versions/20260806_0029_offline_sync_foundation.py,5013,a671c06a8bb3de8bb5cafadcdf58323ad7bcb7555190c09322cf0f1045c8f5fe,TRACKED,.py,
backend/alembic/versions/20260806_0030_ai_operational_governance.py,6354,825683aafc532aaa115028ef20fd967392c38d988b17fd889f148adb0c725e77,TRACKED,.py,
backend/alembic/versions/20260806_0031_precision_hub.py,5515,6bf5315f9b7aacf590c4883602f7eaacb2dfbd24c144058a39a86ccb6664b8b2,TRACKED,.py,
backend/alembic/versions/20260806_0032_enterprise_operations.py,6177,7095d95a20004fd9e252e0156fc1afe8600955d5db112988c1c4d65c120afe00,TRACKED,.py,
backend/alembic/versions/20260806_0033_saas_growth.py,5384,b3c5cea98ca797308a21c5dd86f430bca70c57456f2df445cb20033f98fcb6fa,TRACKED,.py,
backend/alembic/versions/20260806_0034_data_platform.py,7583,c25c31d06eb76f92d1b64292f98368f25ba489841a446585aba5e66ae2b2ba06,TRACKED,.py,
backend/alembic/versions/20260806_0035_security_compliance.py,6122,f09d3623c7197e6cc0fa8bc88686b61a7af2ee2f09d71b475ba35b9ba2a9949e,TRACKED,.py,
backend/alembic/versions/20260806_0036_release_growth.py,5576,d3331b503de70ead836e0ab5ecc97ad9ae70587c1ae5e54309bf28491cf774c4,TRACKED,.py,
backend/alembic/versions/20260807_0037_v1_final_paddocks.py,1633,f3b29a9b6fd67c52efa2790a0a1b356611dbb4427bf8c041ffeddd5171beedc3,TRACKED,.py,
backend/alembic/versions/20260811_0038_repair_farm_schema.py,884,09609223e94565a21ec6fd5db0021f4ef052160bb891689a8a8cdb5ab113e098,TRACKED,.py,
backend/alembic/versions/20260813_0039_nutrition_inventory_flags.py,1173,025e470484d00d377675de7839818141bf07010ad4ef4b5b6c22459d70a03dea,TRACKED,.py,
backend/alembic/versions/20260815_0040_animal_media_remote.py,2318,6db9dc5976219ecfca979c342e6ba59cbfb837f6d2165ca7d2802a5c67daadd4,TRACKED,.py,
backend/alembic/versions/20260821_0041_repair_mojibake_text.py,2001,0d88277d9a11911a793a89f79deb13159e85a8506a6d3ed29f355a9df7b87a77,TRACKED,.py,
backend/alembic/versions/20260822_0042_monthly_bulletins.py,4872,57f70d5f75e3b014a546cb531f804b1e48f73b558550b1fd2d47be0ea055c581,TRACKED,.py,
backend/alembic/versions/20260823_0043_security_camera_alerts.py,2731,7c630f42faa7743be714cfa042e7f584512cc6c578dc5a87e2749086a2bc6b31,TRACKED,.py,
backend/alembic/versions/20260823_0044_consultancy_contacts.py,1905,33d54c7c2da98803d2d09545e2fa4770d1c51f2f79349176018caaf6d0cdc2d5,TRACKED,.py,
backend/alembic/versions/20260824_0045_farm_handling_operations.py,2386,750ae66a83c71bc6d008e7cf329051759bb643a309491fb073945ff6d3c4555c,TRACKED,.py,
backend/alembic/versions/20260824_0046_onboarding_progress_farm_scope.py,4908,e1c220358e33aa52a8bca85ec56fdab21067dd28738083e3d93d6fcffa78c77a,TRACKED,.py,
backend/alembic/versions/20260824_0047_consultancy_action_idempotency.py,1125,1d5c5d2ef3f3b337f5a7bbf8e60ca8fc10025b623332a7be11057d49af79b95b,TRACKED,.py,
backend/alembic/versions/20260824_0048_consultancy_execution_evidence.py,1208,f353f5ee4e884a8ad23278af5494dfe2b1fea7032647107f39172c379689caf2,TRACKED,.py,
backend/alembic/versions/20260825_0049_consultancy_measurable_outcomes.py,2213,7dbb163beac02d0a96eedae8cf527a2ad2263fa5b957c5f7630449c0faa5a653,TRACKED,.py,
backend/alembic/versions/20260825_0050_data_quality_utf8_traceability.py,5423,e0ffc124e6a4fd55c36f7186e31a04b491aa3b00c7438805945abe2f39e3d95e,TRACKED,.py,
backend/app/__init__.py,1,01ba4719c80b6fe911b091a7c05124b64eeece964e09c058ef8f9805daca546b,TRACKED,.py,
backend/app/advanced_models.py,8214,c45c9ae7c40f1d33e479132e07c6ec1b07b4931329515be44b850b0479f49e12,TRACKED,.py,
backend/app/ai/__init__.py,81,cb2f4c949185e1afb50a61f2445bb59d0e3519a3d8f7157127f37c9bc73d9ab3,TRACKED,.py,
backend/app/ai/context_builder.py,2428,c776dac3a6e0ae1f8eb836bbece625a7f720a435c7de9507e97039493ed9b296,TRACKED,.py,
backend/app/ai/knowledge.py,1410,fd68bb44435983ba2a387bb604ccaf0c3531d4015efb107a48502cd1845cfaa8,TRACKED,.py,
backend/app/ai/orchestrator.py,5452,7a114eb347d12fd382f9e3ccf6f27b45e882b30c8e8bdee8aeae6a9f2416daab,TRACKED,.py,
backend/app/ai/registry.py,2666,b4f4fca193dc9caa98d779894dd5329fb72c653b7cac4557a2bbd3a4eea682d6,TRACKED,.py,
backend/app/ai_governance_models.py,5881,e7143085e8e4e012ca5577d95eb64bf1e13743f0aebde0769418cee6db36a948,TRACKED,.py,
backend/app/authz.py,9033,c691b75785d06e7d74ce93df6336cc0c33e501c76ea231038debd0435c62254d,TRACKED,.py,
backend/app/bootstrap.py,1400,1083c53c3901e4866a0cdc9bf51a4b7e4cfca2395a837866a03250526e38743b,TRACKED,.py,
backend/app/business_models.py,14693,4fbacbce425bf58fc112d5797b078c27e87bfacc457c6ffde31669ba39bb75fa,TRACKED,.py,
backend/app/config.py,22114,400cc6c16b78b86bdc82d82c372b5cb5c05204c55fcc7f0321381564ba65910f,TRACKED,.py,
backend/app/core/__init__.py,0,e3b0c44298fc1c149afbf4c8996fb92427ae41e4649b934ca495991b7852b855,TRACKED,.py,
backend/app/core/constants.py,87,9ad859958d128843f47a07c8726c95e30f00e0af420779edab9e2e812e5297ec,TRACKED,.py,
backend/app/core/errors.py,2149,3bf656e811b665c938df7591fae02874455f72bcbad6f06027cea507eb1580e4,TRACKED,.py,
backend/app/core/middleware.py,517,d8ddbf688677b9cef578b4082eb2581f596267365b5f7068d44c19a4ca82dfa6,TRACKED,.py,
backend/app/core/openapi.py,965,3e8924ea3ec23263f785d3fcecd44056354e399e1148bb847c8b7cf7558b9ce8,TRACKED,.py,
backend/app/core/request_context.py,184,1abc10569feb200ee94c225a23321b457a635635d12fac0cae3a99fcec00f540,TRACKED,.py,
backend/app/core/tenant.py,623,2e8a4de2de7c0d1bd343f72e41d27cfb7e1eb2df49c41333a76497d738d3ea53,TRACKED,.py,
backend/app/data_platform_models.py,10125,ad12f2eb436f793cce9eb83d88397c4f6d3f1488494a860b80795a74c23bd5d0,TRACKED,.py,
backend/app/database.py,9178,910c254e5082a6a8a52c6b5f6a421ef85c64b7ece2ee6a1b05baec83c2583acd,TRACKED,.py,
backend/app/db/__init__.py,0,e3b0c44298fc1c149afbf4c8996fb92427ae41e4649b934ca495991b7852b855,TRACKED,.py,
backend/app/db/unit_of_work.py,391,a9cbf236e81c54af3f7977df0b58020d11a857cef5abf65f19eb54daf5acfa58,TRACKED,.py,
backend/app/dependencies.py,724,29f862888d87bdc0a35cf442b7f5bf0cdebfc76757d3da12275cbfe4aceec41e,TRACKED,.py,
backend/app/enterprise_growth_models.py,6264,51021a52db9fce0ec113791c27377a0f2eb35e478423dcc248052762e6c7ba6d,TRACKED,.py,
backend/app/enterprise_operations_models.py,9475,a3dc2cca0f2b8a5089f65f6d44859d9b146547ae8cc7c06d4c97b5a8dbd457e4,TRACKED,.py,
backend/app/enterprise_product_models.py,9685,b2ba0bea4d662e08522f0bf7296c6d7a26d1232fc078709d4309c6e83d2fe4e7,TRACKED,.py,
backend/app/innovation_models.py,7524,92546cec53c4ee41886ef9591b82c49e9eba653939fb15c6b32e7733d82b60da,TRACKED,.py,
backend/app/main.py,5635,c4c1f7c8868ddcb4ca0c5aa2bddd3a41d3f360c12b1ab6694f21c4a7927182ec,TRACKED,.py,
backend/app/migrations/__init__.py,148,e09b7eda67c241067d9bbb0de1c9934d5b0df90956a898d57a5fe27c3cc105a5,TRACKED,.py,
backend/app/migrations/reconciliation.py,31420,95242f3d1cf0f845d9803d15efe1b247998c677e621db7862d3bca8bf8dc5e7e,TRACKED,.py,
backend/app/models/__init__.py,469,92e9847e81ba9f74a7de1fe0271d538b8dc75621e730f473f8564a28e3d1fbd1,TRACKED,.py,
backend/app/models/legacy.py,137243,982f563988be63cb399bf5aae092f7d707679dbde4a981ca4ec1d5386c1ad576,TRACKED,.py,
backend/app/offline_models.py,4141,25b20b1a92c4ab0fd8ba735835cc11e1afb49d0a56fca64d35c7122844945a95,TRACKED,.py,
backend/app/operations_intelligence_models.py,6563,c08095c2967f08728722b49c692323cc02171500ae43621593c7842d211e99af,TRACKED,.py,
backend/app/precision_hub_models.py,6158,bba2f602a625687ad363f7dec99359a113c42a1061f963ef0059e0ad33807a9b,TRACKED,.py,
backend/app/release_growth_models.py,7501,38847d743e2fbdbe33349ae5e9b4552f61e54d529548654232d7b2ea4e0c60d0,TRACKED,.py,
backend/app/repositories/__init__.py,0,e3b0c44298fc1c149afbf4c8996fb92427ae41e4649b934ca495991b7852b855,TRACKED,.py,
backend/app/repositories/base.py,690,d88f1471fd73973e7292386b3c8f3ba1df41d59e600fcc8725167fcbfed98038,TRACKED,.py,
backend/app/routers/__init__.py,1,01ba4719c80b6fe911b091a7c05124b64eeece964e09c058ef8f9805daca546b,TRACKED,.py,
backend/app/routers/advanced.py,19809,77fc108208afd6b6f23a1edfb33f5f142b929acc9c7626fb1dfe50835dfcd88b,TRACKED,.py,
backend/app/routers/ai.py,8589,8425892d683df7746e9de44978d7982775e5a1a556e7dc444984017b6306c50e,TRACKED,.py,
backend/app/routers/ai_operational.py,7474,80244893b0bae55a3e6f72172cebe94e02f8cd04e6ff658296a3a38b941853db,TRACKED,.py,
backend/app/routers/analytics.py,11934,7c386b105ee0e42aa30625cf79c3a4c6af36b2d19edca2c3256b0c941c696fd3,TRACKED,.py,
backend/app/routers/animal_media.py,10494,0ac5e2524edba85c84038e8f5b75e8ccc289b07ca81018319d51b68ffe50625f,TRACKED,.py,
backend/app/routers/animals.py,21733,855eb9ccd2faf3addd9b5ef44e9dd9161e3a03b7933744d51cac54d12ed0b955,TRACKED,.py,
backend/app/routers/atlas_ai_enterprise.py,14439,8e978ebf052128f1fa5c9d0b39e02afbfeaed2001fa90881e121d753d145dd03,TRACKED,.py,
backend/app/routers/atlas_brain.py,504,ce47b881ecdf3cc7b31a101c2fd8c2037b4114ab17e993897f2b6409809f6667,TRACKED,.py,
backend/app/routers/atlas_vision.py,507,17e9a711ecf23ffdb04a871c0c7e2537bf99f12d3cd3def73cdfea850eb9d42d,TRACKED,.py,
backend/app/routers/audit.py,1349,d1b4f5ccf71cdd3cd068276935e9123d1bdc00c27acb7ae0d0352d03728a22a3,TRACKED,.py,
backend/app/routers/auth.py,26358,d0df43a1fdb8c3e48554508f87ab0d98702801ff8d24e5f42aab16d184de4311,TRACKED,.py,
backend/app/routers/automation.py,8311,5b2007c32c951c6a935622c43e46cdf500713d244c79a238801604c66d34e192,TRACKED,.py,
backend/app/routers/backups.py,2487,264f3803e103432b2325fa9791bc484b55175fd0b840325b408e4fd5f91fb334,TRACKED,.py,
backend/app/routers/billing.py,494,2444ce66669ad2cb332c3ce584a19b7d636dbebb6270990fb3965d8a0a95ae53,TRACKED,.py,
backend/app/routers/bulletins.py,12946,341b1ed39ae736b60d625c6fc35e204432b0b86a23a787c454d1d406c264e12e,TRACKED,.py,
backend/app/routers/business.py,38039,51aa9d97fbdc1c0c51a651a43529a46a32afd72548868fc36283c95f47e076a1,TRACKED,.py,
backend/app/routers/cloud_operations.py,517,c5f13482351b8c79186405413f0d45e68c73c50715e7ee02644a866ebacf50d1,TRACKED,.py,
backend/app/routers/commercial.py,17290,c90ce005c94d988408287aeb99fb099162dcd07d2edcd52257b688b0c17ef6eb,TRACKED,.py,
backend/app/routers/companies.py,7308,09dcdb29065f48c62cc065d05a99007b5043ae898b94d71f816a39c57188627d,TRACKED,.py,
backend/app/routers/consultancy.py,4590,a22f79727b1549516f89f1a96a161dc708559cb1954feb1c4d2ef1f5a827db1e,TRACKED,.py,
backend/app/routers/core_livestock_validation.py,738,48cf0eeffa8b00fc30aedebbc15198b0d7714ebb662143d41610afd438e387a7,TRACKED,.py,
backend/app/routers/corporate_intelligence.py,4131,578f0e9098014a16f5c2f9b9645a2af95b98fe0533208068c37e87495252353a,TRACKED,.py,
backend/app/routers/data_platform.py,10575,debfa36f95ab8ce4f7023f1d66b5f0364f7599c344eacadf9fa366818195d89e,TRACKED,.py,
backend/app/routers/ecosystem.py,3924,ad5e48115956a246541d13cedb9d37f3ed8bce73216a046ebb7fb1b1f8519df9,TRACKED,.py,
backend/app/routers/enterprise_analytics.py,532,af0eae4e415249ff976cbd16c8b53fb36d80063b427b50495f981c4152b1e8f9,TRACKED,.py,
backend/app/routers/enterprise_operations.py,7682,4240bbe5bae1d002caccc1cbf0f3a0eef6acb9e5f7b783daa235f8b86307bf47,TRACKED,.py,
backend/app/routers/enterprise_product.py,11105,38eb9ed45bdb1eaaceba452003c4143ea03b989858be554ba7bd070934281b54,TRACKED,.py,
backend/app/routers/enterprise_release.py,536,3ef8350a1486b7331ab9a8326694002bc0c703f0cc470701a6141b1058e1bf3b,TRACKED,.py,
backend/app/routers/farm_operations.py,5555,5d7629380b22798ca9533525542c63d28f2490eb3f63ebe2b60a4de8ebfd78c5,TRACKED,.py,
backend/app/routers/farms.py,6165,c32e706f5ef4943bbb99715a2d6ef7cfa1c87ef864c4292e7a098130b93ee9a2,TRACKED,.py,
backend/app/routers/finance_enterprise.py,3566,babb290eb146a7db1256b20811dc50afd5cb0be9cb4fb3d9cf820847c5dcfafb,TRACKED,.py,
backend/app/routers/global_platform.py,4161,ae0de9e48f52637343fce1fc7ede0dcd70c4c08844598d9badfa53f45b119426,TRACKED,.py,
backend/app/routers/governance.py,12026,bdf5fbe685764de2302baf49e32fabee6a45856073c653cf6ea5eb27fd760bbb,TRACKED,.py,
backend/app/routers/health.py,2466,ea20822fde80c9e18eafd44363dba3054bf48fedac6189185e30c98060917fe8,TRACKED,.py,
backend/app/routers/health_intelligence.py,4180,34088e74d4f24e8d597016158d7d88795cc1b0587c64056e6c85bd3dfa0e3431,TRACKED,.py,
backend/app/routers/innovation_platform.py,13638,b10ce5997fd62dcee442ed7a4eeeebd08d3fa9e5477ed68374730fff388e9932,TRACKED,.py,
backend/app/routers/integrations.py,14172,55967ad87c637f0dcc227e4cafddda190e2f60ed819b68bc0f8ed961d032ba75,TRACKED,.py,
backend/app/routers/inventory_enterprise.py,3158,31090319f3c695d9530a9394397f0e37b4745d93621428680f7c451e4ac1e80b,TRACKED,.py,
backend/app/routers/iot.py,13163,154dcff08563a5c49060958a6ed4b2abf30cfa16ce0a5b982cb21d4b599fc564,TRACKED,.py,
backend/app/routers/iot_platform.py,502,65ec48946a7949409b5c09ef6fde5a77526c81d071ca95b1ccc8485dcaf7eaa5,TRACKED,.py,
backend/app/routers/livestock.py,163034,a08db647f415cf765f1d2aa995c45596e1b49f53d7d1b5d3fe13f755cada93a7,TRACKED,.py,
backend/app/routers/machine_learning_registry.py,540,bd5dedc34eb29442aaf5ce513705b17ebd358229d213a87a04ee31fdcdc59eef,TRACKED,.py,
backend/app/routers/members.py,11891,02caadf7ae821b99c284a6c45afb3e7ac79b228d0e721f1b728564c4d18b1695,TRACKED,.py,
backend/app/routers/ml.py,14592,0bfb0b20dbf532c6b14090d31e99796a4e6e4869eeb0efb32f96f5d6dfd4381c,TRACKED,.py,
backend/app/routers/nutrition_intelligence.py,4045,161157befd4414603f123a17ef5b973a0903cb41e5895fc1a0ff6e527192c62a,TRACKED,.py,
backend/app/routers/offline_sync.py,12694,7e86dc506e5e03d0a268b4c61f29f289a6912b0ce7d47f13d408166efcce3a41,TRACKED,.py,
backend/app/routers/operations.py,18937,96fe570d21ea9e60e6837c081c5c774a1356b0589ff7e190b01edfddb5d96f93,TRACKED,.py,
backend/app/routers/platform.py,18131,bdcd22429ff4fbf4c583a4f0b6f68b2f8ddf4bc2885f0ebf871e1e575df62f2a,TRACKED,.py,
backend/app/routers/precision_hub.py,9011,1d5dbe60bbd1485ce0aa6138370d8a57f5efc8192015ce54fc1269c074ecd105,TRACKED,.py,
backend/app/routers/precision_livestock.py,3660,55fc0e3a904a0193a257cdaf408f204d6e67e17aa70f5c60fbffc9bdc3b7adf8,TRACKED,.py,
backend/app/routers/public_api.py,501,a2496be1854dc701137d6754142377cf652857638b0b588358fc478b599abdca,TRACKED,.py,
backend/app/routers/quality.py,1842,3c29ad2a1a165dff8ad0066e24975a9cb1bd8c4eda812ae9d60b491aec54aa2c,TRACKED,.py,
backend/app/routers/realtime.py,8971,0c62b0fb0e4b9f11a5c6e273309d44a720f0be84747329a49fd0b9f5cb71fce7,TRACKED,.py,
backend/app/routers/release_engineering.py,16302,2d1f991cb1a80274262ce5cb68c6a033034f154917740640ff499c995ea4c766,TRACKED,.py,
backend/app/routers/release_growth.py,6994,e79648096d85f89e02fa207d199e8c1c8a57169c03aa01850563b90c32db4f00,TRACKED,.py,
backend/app/routers/reproduction_advanced.py,4379,409ce56bc7c88fc8136dd58cd104bc127cee483eeffaaec6455e7d14f1776d0a,TRACKED,.py,
backend/app/routers/saas_growth.py,15922,004668701cd2c990e822602ec60358085dbf28cf33d1f9ce808ccfaf4be6473f,TRACKED,.py,
backend/app/routers/security_camera.py,10737,249286f865e464a2c9aecd79075c2ab30eaa531bcb8712492c239679c7ff4eaa,TRACKED,.py,
backend/app/routers/security_compliance.py,7362,556e63cb0861c9dbdf2f69d5edfa9a27d4f9349c980cee6a4fb1dde94dd4a9bf,TRACKED,.py,
backend/app/routers/security_enterprise.py,12799,3e67fd72a538672cfb774f7a0678b5ceaa58baa656bf72af0b19f793a9161573,TRACKED,.py,
backend/app/routers/sync.py,6119,3d6a3178cb635ab363c6ca2b062a6648b65d2ce7e17338aebb162b11a16551c1,TRACKED,.py,
backend/app/routers/system.py,1223,743962037fa258308447b79599c06a33ec5b6b47919e9eb801293478272e3535,TRACKED,.py,
backend/app/routers/web_platform.py,507,4d413c61a6bb20be3da429f597f234d58a7883ca11c5517c6c30991a60079ae4,TRACKED,.py,
backend/app/saas_growth_models.py,8794,caca91bdbb33a6deb6f538fdc18ba79b4926e8032794aabb0277aaf201151ce5,TRACKED,.py,
backend/app/schemas/__init__.py,374,ad6d857493faa8b318d56bc5d1e2e6c3404557017e6a3ae2eb94680e152f231a,TRACKED,.py,
backend/app/schemas/legacy.py,61963,69ddf9569db528c1c335a1597b6f318094b5b6118a5735a2a43bdfffed3d916b,TRACKED,.py,
backend/app/security.py,6564,0f7c05600023f7a8399cc2b1148ba952474aaa557fbdf82d86368e0fe809da4c,TRACKED,.py,
backend/app/security_compliance_models.py,8261,8bf673f5500e3f706e57848e1979e6880a1e3229b5a31c3057f599cf1186875f,TRACKED,.py,
backend/app/services/__init__.py,1,01ba4719c80b6fe911b091a7c05124b64eeece964e09c058ef8f9805daca546b,TRACKED,.py,
backend/app/services/ai_operational_service.py,4519,9488fd0f6cf923e04623c66b56da86e5cfd501cee156292ed2cd8b115ffce3b8,TRACKED,.py,
backend/app/services/analytics_bi.py,11482,3766861129786eddba52fe9e3efa471d4d1b2b00c2b2f06d8c006a2d444e6792,TRACKED,.py,
backend/app/services/animal_media_storage.py,8004,760e5e8af4a4daa5023d5867dc3b82d72ddf5258fef74657cbf7df43967ae759,TRACKED,.py,
backend/app/services/atlas_ai_2.py,22665,77e9d6eabc34de4a25d0456c11e75e2b9825c1839bed7ca3427718e04f642ac7,TRACKED,.py,
backend/app/services/atlas_ai_enterprise_service.py,3242,c8e7f02eeef1480a1ec5f4f3efcf40af9c13b749d262be88efc38d6b2ed4e16b,TRACKED,.py,
backend/app/services/audit.py,971,abbd5a27586a079bb67f9daa6b039454eb451fc0e27bf333f7aa3e9f58f54794,TRACKED,.py,
backend/app/services/automation_engine.py,3946,546921cffa96203194ba5acab150f5b28dd03e7506df0791cc741c80b681c6e4,TRACKED,.py,
backend/app/services/backup.py,10134,5d833bfcf384318b7d0391499d4df0631878ed482d9dff418451ae1e357a84ce,TRACKED,.py,
backend/app/services/bulletin_scheduler.py,1050,5d194b752946c944b79512b0330789e1f260de33af8c55f109042df459771c73,TRACKED,.py,
backend/app/services/commercial_service.py,3717,8c1941bb14b1f034f5c2c760ceca6cc6e119875834a668ef20d706930c37739c,TRACKED,.py,
backend/app/services/concurrency.py,709,9d0e6e3383b46e0bb02cad89b7ba8b1c1ff2197c87bd98878e5bd93fd4976e0b,TRACKED,.py,
backend/app/services/core_livestock_validation.py,10995,852ab01b8c79f42da8f431eee915e6c7a9b2b134d8388670e6c60b86aa52b9a4,TRACKED,.py,
backend/app/services/data_platform_service.py,1692,ccb22276f0365ea764514292031afef641b751b9ebc86f3519c5bd20ead08953,TRACKED,.py,
backend/app/services/governance_resilience_service.py,7017,b54b0b1eac9e65a710d2d7b3f01a9f6081872ee54b9f2891669815617528d6f6,TRACKED,.py,
backend/app/services/integration_platform_service.py,4790,d5c6b53e33f9882eecc3cf35a3438c6d16f029e8466f3a65ce48361eb1029287,TRACKED,.py,
backend/app/services/iot_service.py,2874,33a0986ad3629afef4130c78638cef1bee4a85bdb5ffe640234400c9585d1aed,TRACKED,.py,
backend/app/services/mailer.py,1166,57889f26bb0277955e65cc60ce133c494e3607f383b5b0bdd5fcfefeb7f94d64,TRACKED,.py,
backend/app/services/ml_platform.py,5699,f73951c63d36eafde6abe6d152afb0b884cf5357fdb48cfac76cede94d6c8743,TRACKED,.py,
backend/app/services/monthly_bulletins.py,27679,ad96291b948aa2f1e0a5a31354aadf08d17740cbce373b5c8c9977bcb12d4d9c,TRACKED,.py,
backend/app/services/observability.py,2502,96e4393407c735c22a2ccb1c81254e797d642519130e61c788e25f2e16172e87,TRACKED,.py,
backend/app/services/operational_intelligence.py,6451,9a646aa7a6a6c379f84ca4caea819e1fd77511cc605b3f89652ce983dbb57fc2,TRACKED,.py,
backend/app/services/precision_hub_service.py,4396,b611f077f2d1e6daf0f437bd1ed9f17660487a55eb1991b69a8f9831022dd214,TRACKED,.py,
backend/app/services/realtime_hub.py,1884,eb186bb98845fce4797fd80915954ceaeb982e912551c08d2467c16ef2a9f1c9,TRACKED,.py,
backend/app/services/release_engineering_service.py,4319,0ad99f10c24de3fdfdf03f5f67cea14a0fa17a643fce8cae1d02bc0710aad597,TRACKED,.py,
backend/app/services/security_camera_alerts.py,11502,5d616e421dac50b2193d82c1cdd7814b99b0110a7b1bccd0b82f6ffb294a13ad,TRACKED,.py,
backend/app/services/security_events.py,697,73383826c60b03f08e9262a3ef2d19d9ff12c23af7e46c4413c748268cee928a,TRACKED,.py,
backend/app/services/security_middleware.py,5215,646ab4fbc378bfcef0a0df540a71f6e4ae25eb7d25df4b0388993de3913b1d21,TRACKED,.py,
backend/app/services/security_privacy_service.py,3315,ef365cde0f5397413e498837a105b42d459c9205dae555f833e0168639a81e5a,TRACKED,.py,
backend/app/services/whatsapp_provider.py,11879,e18abbe5092332a4fa927bfdff7e184cfeee56c62e126f5d5693c0679c2c51e9,TRACKED,.py,
backend/app/services/whatsapp_webhook.py,4387,db2b72c41a240e09e80c71e5ff9ad15d661625e7d752bb4173b65918969214ee,TRACKED,.py,
backend/app/text_normalization.py,2091,6e02586ff36ede0abdd47d5403039fc00578b0f9a4e6ef35bf3a0578e06ca4a5,TRACKED,.py,
backend/app/workers/__init__.py,47,354bcda1c795c9f9598aadaf3ef74b80ef485bddb5e09e7cbff64d4955c4106b,TRACKED,.py,
backend/atlas_final_test.db,6406144,6de9a070424740d25b854bd5f70584cdbdb608d530a679c430dde9aa7ebf01ae,TRACKED,.db,
backend/atlas_local.db,6406144,88bcd29ee95b461d579ebcf7d41543e09c2a06d28bcdb28027fa2db0eeb59685,TRACKED,.db,
backend/atlas_saas_growth.db,3305472,484d5047cb5dcf39254185d42d83820fd1e6f25205487bc3ee53062afad06f08,TRACKED,.db,
backend/atlas_test.db,6762496,6cdce47672f11c48035620f89e0a2654f0f2c6b84c98d95661d7ea3f4f5d9df1,TRACKED,.db,
backend/docs/ARCHITECTURE.md,804,c42efb3f33eb08785099842fd0d0c865b7446c029b2a9361b890dc173d0f0dae,TRACKED,.md,
backend/docs/BACKEND_AUDIT.json,9599,4d5b066e3190d4e78d0700fe9cb819fd05ada10ea0e21291a78780dbc23e000a,TRACKED,.json,
backend/docs/FASE_41_PACOTES_301_A_310.md,608,bb67b251c48f75e72ac0290a1908ed990541b85d5360575ed0968a150d091a3e,TRACKED,.md,
backend/docs/FASE_42_PACOTES_311_A_320.md,993,2b25be88d03ab34cf9ed932c6b3fd42e22ee9007035b60cf28f72222edd5c333,TRACKED,.md,
backend/docs/FASE_42_STATUS.json,960,350c43bbb878739b4412ad1dbd99326c5ca1e8b1eea58365f0caac3eaadfd515,TRACKED,.json,
backend/docs/FASE_43_PACOTES_321_A_330.md,611,3a3b5b5e4089727d711328a01ffa8b716568fb359a81e5b6334a88bdea0a078b,TRACKED,.md,
backend/docs/FASE_43_STATUS.json,973,8588d341fffee14a001d4cd974a26d1350a11daa9e10c7015480bbcaf3d8d9d4,TRACKED,.json,
backend/docs/PACOTE_301_AUDITORIA_BACKEND.md,687,14a852e569b88beae254dbd95b3153a1342718c10c87845255c7f425fb250e97,TRACKED,.md,
backend/docs/PACOTE_302_ARQUITETURA_SERVIDOR.md,179,7fe749b9cc77fc20e3c359f4d50af50c57fe1e6eab18ba256b8efbce7dfb0112,TRACKED,.md,
backend/docs/PACOTE_309_DOCUMENTACAO_API.md,147,4046a511b469aa6ea13c56f5b37cca4f57b7bd5b5d0ae1273130cc7decf50a57,TRACKED,.md,
backend/docs/PACOTE_311_CADASTRO_REAL.md,95,5bad1d394f4195f447ed968ac4e75ca198a979f99a9a543fa0c4c493e3df02b9,TRACKED,.md,
backend/docs/PACOTE_312_HASH_SENHAS.md,73,7d0c117e3105c1814a1dd1ddda35174b1952e6fc1e4915e71385a3ceaff1287c,TRACKED,.md,
backend/docs/PACOTE_313_CONFIRMACAO_EMAIL.md,83,e7679ae2490b5f0debccc1c05dc4421399ad1e7687145a3efa9bba54f58d32b5,TRACKED,.md,
backend/docs/PACOTE_314_LOGIN_REAL.md,78,4a9fb2f2c03fecba10ad931eef6b323f74c4ad324ee7a7b9be986b20273c5576,TRACKED,.md,
backend/docs/PACOTE_315_SESSOES.md,82,2019be71fb4ae8e6998541521a19c1603837e8dcdd8cfe57b2dc408b17672971,TRACKED,.md,
backend/docs/PACOTE_316_RECUPERACAO_SENHA.md,86,a24a9f4635e3a2b7c9186894fa140d9e342ce8771d42d220f9b2cc28dbc04fc5,TRACKED,.md,
backend/docs/PACOTE_317_MFA.md,71,4752c8d829b55c224a845cd3439a6811a51b317bc28852ceefd62cbd4c5956b1,TRACKED,.md,
backend/docs/PACOTE_318_RBAC.md,97,628608ba982d7db9c0a2a060df553636b14acb5efa6b455b45b45e68c1e11f3c,TRACKED,.md,
backend/docs/PACOTE_319_PROTECAO_ROTAS.md,112,1a68a68e6147827156243de71be7999fb885a23b363ff4fb226ac63f4acc2aa1,TRACKED,.md,
backend/docs/PACOTE_320_AUDITORIA_SEGURANCA.md,80,40c47c075aa4e3e6a9f8bd690654c74334501ae8b96e4ad92d0baf3d8a91cff8,TRACKED,.md,
backend/docs/TEST_RESULT_PHASE_41.json,548,560f29f77b364a33af9a6c865466681a392624d33d35866e9db53b36034b8b58,TRACKED,.json,
backend/docs/TEST_RESULT_PHASE_42.json,190,e698de9957dd1c45bdfce71d7445761805b86e518c18949b9246113d275484b0,TRACKED,.json,
backend/docs/TEST_RESULT_PHASE_43.json,206,79b1b49552d229752d5aa782d413e5585e44acaec0d1142b27b5fa886089db92,TRACKED,.json,
backend/docs/ai/SPRINTS_61_A_70.md,623,99c7c92043ca4821edf2b5c05ce49e6cca3cec1cfb1367131816cf3b583d188f,TRACKED,.md,
backend/docs/archive/delivery_history/LEIA_ME_BACKEND_COMPLETO_SPRINTS_26_A_30.md,1061,8b69bc0501f85c5e7c5a8956049472eaa6b2c527cb7bdddac0ce9bfa368bbb32,TRACKED,.md,
backend/docs/archive/delivery_history/LEIA_ME_SPRINTS_101_A_110.md,794,d8c76f5e6530512eecebdf5f749648240c0e5143a547958a02f88209102064a9,TRACKED,.md,
backend/docs/archive/delivery_history/LEIA_ME_SPRINTS_111_A_120.md,153,5013d8c51cb21debc1195f3907068ff47350204302a4bc9bcaf385a672bfc21e,TRACKED,.md,
backend/docs/archive/delivery_history/LEIA_ME_SPRINTS_121_A_130.md,353,31481127ad5616b98a9d1be884eecb0fdc48af2a0a61f8c47160924451d661d7,TRACKED,.md,
backend/docs/archive/delivery_history/LEIA_ME_SPRINTS_31_A_40.md,766,d9787111623836287f7174090e31ec56817e7741f940def14e09dd83f44d16d1,TRACKED,.md,
backend/docs/archive/delivery_history/LEIA_ME_SPRINTS_41_A_50.md,835,8cf8c25383958d1b0aa997023d3e36c212d171eb2d1894f5cb96e06014a77fa7,TRACKED,.md,
backend/docs/archive/delivery_history/LEIA_ME_SPRINTS_81_A_90.md,198,bef13becd37e7e1c1a86b7352857252b04daffee1113c33baca3d7399cfe782c,TRACKED,.md,
backend/docs/archive/delivery_history/LEIA_ME_SPRINTS_91_A_100.md,251,5f8f8c833efc8f1538036b79aa711a126fe254783154d94475c2b61c0e8fb7e6,TRACKED,.md,
backend/docs/archive/delivery_history/ai_SPRINTS_61_A_70.md,623,99c7c92043ca4821edf2b5c05ce49e6cca3cec1cfb1367131816cf3b583d188f,TRACKED,.md,
backend/docs/archive/delivery_history/data_platform_SPRINTS_101_A_110.md,794,d8c76f5e6530512eecebdf5f749648240c0e5143a547958a02f88209102064a9,TRACKED,.md,
backend/docs/archive/delivery_history/enterprise_SPRINTS_81_A_90.md,320,4f418cfd4f7e60bdc153142a58fb9285bd489a1edd1c99eca4bd5cf31868cfdb,TRACKED,.md,
backend/docs/archive/delivery_history/offline_SPRINTS_51_A_60.md,775,8042a76da0eef3b14c1a22b27d4d73464f5730d772091eec4aa703e803a646fe,TRACKED,.md,
backend/docs/archive/delivery_history/operational_SPRINTS_41_A_50.md,1410,ea63fef17d69c1148656246cfe755609eac8e3adad13f4f1bf4281709eaa8eff,TRACKED,.md,
backend/docs/archive/delivery_history/precision_SPRINTS_71_A_80.md,890,81e07c9b06bf147641075cd6af39da2678fdc07137640bb2d71bf87299c93e18,TRACKED,.md,
backend/docs/archive/delivery_history/quality_SPRINTS_31_A_40.md,1327,694dad880bb0f6d57a3cba8690022a686785dd314ca58e2dbf636c8ed3747c6a,TRACKED,.md,
backend/docs/archive/delivery_history/release_SPRINTS_121_A_130.md,353,31481127ad5616b98a9d1be884eecb0fdc48af2a0a61f8c47160924451d661d7,TRACKED,.md,
backend/docs/archive/delivery_history/saas_SPRINTS_91_A_100.md,650,a570c5c179dd4d450921d4b7f67ae711882e75a951d6dde1420d7b3297916156,TRACKED,.md,
backend/docs/archive/delivery_history/security_SPRINTS_111_A_120.md,184,a79425d3ffe9492045ea2860fbaab198213563d3ce46b4d7d63ce708cf453c63,TRACKED,.md,
backend/docs/data_platform/SPRINTS_101_A_110.md,794,d8c76f5e6530512eecebdf5f749648240c0e5143a547958a02f88209102064a9,TRACKED,.md,
backend/docs/enterprise/SPRINTS_81_A_90.md,320,4f418cfd4f7e60bdc153142a58fb9285bd489a1edd1c99eca4bd5cf31868cfdb,TRACKED,.md,
backend/docs/offline/SPRINTS_51_A_60.md,775,8042a76da0eef3b14c1a22b27d4d73464f5730d772091eec4aa703e803a646fe,TRACKED,.md,
backend/docs/operational/SPRINTS_41_A_50.md,1410,ea63fef17d69c1148656246cfe755609eac8e3adad13f4f1bf4281709eaa8eff,TRACKED,.md,
backend/docs/precision/SPRINTS_71_A_80.md,890,81e07c9b06bf147641075cd6af39da2678fdc07137640bb2d71bf87299c93e18,TRACKED,.md,
backend/docs/quality/API_CONVENTIONS.md,566,113655c1970070e8dcbbfc15b07e0d02e95ac6436bdc18bade48656478242df1,TRACKED,.md,
backend/docs/quality/FLUTTER_QUALITY_GUIDE.md,525,e0e865b35826d4d94cea491e047f73991706202196761f538e5d600861917f3b,TRACKED,.md,
backend/docs/quality/SPRINTS_31_A_40.md,1327,694dad880bb0f6d57a3cba8690022a686785dd314ca58e2dbf636c8ed3747c6a,TRACKED,.md,
backend/docs/release/SPRINTS_121_A_130.md,353,31481127ad5616b98a9d1be884eecb0fdc48af2a0a61f8c47160924451d661d7,TRACKED,.md,
backend/docs/saas/SPRINTS_91_A_100.md,650,a570c5c179dd4d450921d4b7f67ae711882e75a951d6dde1420d7b3297916156,TRACKED,.md,
backend/docs/security/SPRINTS_111_A_120.md,184,a79425d3ffe9492045ea2860fbaab198213563d3ce46b4d7d63ce708cf453c63,TRACKED,.md,
backend/pytest.ini,507,9084ac5a0d4a44bd0840e891f1803fd963be2a10f2c39ffffd1694aad50e4a67,TRACKED,.ini,
backend/render.env.example,1516,f8693a4cb58c0bbee5fffee88d3964c2d3ab293f03794e8aa7b5fcc1e217d0b6,TRACKED,.example,
backend/requirements-dev.txt,50,72c9e543651efc6d186655647bfb8f3b0421ee6247d5dc4484d692e2a2e7a114,TRACKED,.txt,
backend/requirements.txt,309,de0c41c65c61a54038e155c155bbca3745fe46aa0affb33ab6555dcbccfeec0c,TRACKED,.txt,
backend/scripts/__init__.py,323,ae7bbf80804acbe071f2eeff55f877dc3cd7b2e9afb4c02a13a8caafb0bf5c74,TRACKED,.py,
backend/scripts/ai/check_ai_governance.py,351,54d980ec396f23b35a9f9ff07044df890d21e27de0d14082830392f3d96da80d,TRACKED,.py,
backend/scripts/audit_alembic_reconciler_contract.py,1887,e578dbc38328aec686cb6a8604ac6c9765310e727a55f4b023d9d0078dfcb85f,TRACKED,.py,
backend/scripts/audit_backend.py,2425,b27543e46d20353170e5a6220b0aea18be06bb2ae7cf9a30b3223d7457aab75a,TRACKED,.py,
backend/scripts/backup_loop.py,355,36e59c96488db4c1f96d17c78cc0af7392468a2115cb26a1bbc62faf0299871c,TRACKED,.py,
backend/scripts/check_local_database_connection.py,1855,087a7d891485322f56ab0673c199a02f57cd9203fc657e0a60b3cae1bcace1c6,TRACKED,.py,
backend/scripts/check_python_environment.py,1525,73dbed543afe0ac1926ae8b245aceac095d41f270ceb522611e30f70fcd0200d,TRACKED,.py,
backend/scripts/data_platform/check_data_platform.py,534,dcc15be7195fa192549f74d4afeac80c649fcc06e7684b7651862d612c9d365f,TRACKED,.py,
backend/scripts/enterprise/check_enterprise_operations.py,253,69774a961a8b048c81e2128a54de4f321e13697a326879c82666cd160dc71ac3,TRACKED,.py,
backend/scripts/offline/check_offline_readiness.py,679,eb59b474942187333f975f7761832d870a19832ebfa7aed189e02576afac3f55,TRACKED,.py,
backend/scripts/operational/run_core_validation.py,834,d3e161815638e0e13473b0a9b3847bbb7264cb95e8f925ba11d336410b617d03,TRACKED,.py,
backend/scripts/precision/check_precision_hub.py,490,8fd426c2226deed101e744c6da3cf8dc69707c2370839b1197683ad72e20a68d,TRACKED,.py,
backend/scripts/quality/__init__.py,0,e3b0c44298fc1c149afbf4c8996fb92427ae41e4649b934ca495991b7852b855,TRACKED,.py,
backend/scripts/quality/archive_legacy_tests.py,1005,08062d260eee5727aadfeb936e349a99ab77975adb20d476858ae1dd0f9e5f84,TRACKED,.py,
backend/scripts/quality/check_architecture.py,1198,236138e71336e0294920a381735e371384dc3d0892c57a7fc4c52c52333b6fc4,TRACKED,.py,
backend/scripts/quality/check_consolidated_architecture.py,1575,152f1ad1123f2cf1bc101b2984fac12d0a72f7114074b9db931a6d6e1f13aae4,TRACKED,.py,
backend/scripts/quality/check_duplicate_tablenames.py,1989,24dfc570ad5cb665f37b558a12f66438a0c1453924ea166c84dda3e84074cff4,TRACKED,.py,
backend/scripts/quality/check_infrastructure_contract.py,569,453d6c08fbd1b162a06618995f84f74f46bc67ef6a06963d949f71e880fe0a6f,TRACKED,.py,
backend/scripts/quality/check_migrations.py,2466,3ab17ffe75124f75cf39abc91444d836acfd564b423d2bab8d20f4798f33a0be,TRACKED,.py,
backend/scripts/quality/check_openapi.py,1508,f9a1dba06a53b03c5205fef1af796e23239caef699f6ace916955bbf0455628d,TRACKED,.py,
backend/scripts/quality/check_performance_budget.py,699,bc2c045d4acb990efe1a637157941f2546154b6c80035c6dd41e8da44e1223d2,TRACKED,.py,
backend/scripts/quality/check_route_declarations.py,2152,f7d9350d0d257c906d6c657d2b760589c8d9103a1687eecca6e4c8c6bba6892f,TRACKED,.py,
backend/scripts/quality/check_test_contracts.py,560,6c599a7de7d514018a55cb7ff644235811ae1884f6cc07014de2455cfc4506d2,TRACKED,.py,
backend/scripts/quality/cleanup_shadow_modules.py,563,81374422c93461f71aac16d42a334430e7fdb969950da3121cf03eac07824089,TRACKED,.py,
backend/scripts/quality/run_cycles13_15_gate.py,807,3676ebe4afd7c794b01185a22bd2251abe6c58dab5d839e13248af00a29f9f1f,TRACKED,.py,
backend/scripts/quality/run_flutter_quality.ps1,432,5e415faab3403c40625abf1dcd4d9e0a6bc616a9d2594bb0299bd692e48f2dcf,TRACKED,.ps1,
backend/scripts/quality/run_quality_gate.py,1215,44f9fc5725d5e9625105aa48feeb55799e279ee7c2745c3aa56ef2f1806caca2,TRACKED,.py,
backend/scripts/reconcile_local_alembic.py,3362,c406e2b178a26df0e949f0ff82d01f3e5cb633cd5ab4292fb8872d80b1784195,TRACKED,.py,
backend/scripts/release/check_release_growth.py,141,c1ed598f084583829ea8fa84d3f65534f219e7c8d814f43f8b5fd0be92c9afa0,TRACKED,.py,
backend/scripts/render_auth_diagnostic.py,2677,e3115f9f4eddd6b9637c4827d550d50ed92cf2cebd0ace98f315f4921595d868,TRACKED,.py,
backend/scripts/render_import_contract_check.py,1125,4c4af9fb9356de09681a6e091fb8521098c70fb3b20258de95922a042d607fae,TRACKED,.py,
backend/scripts/render_post_migration_check.py,972,4278b6da9a38e0eaf32b05895c2b9bdebb0a8abf01cc43a6aea8b03a04b54a75,TRACKED,.py,
backend/scripts/render_preflight.py,4549,a88c48038569dac68a79ed49a4e7a3ece2661c1e83f6a0833e67b78682336a2b,TRACKED,.py,
backend/scripts/render_provision_admin_once.py,4826,9652e1b44c8a1e23e303cfec73e6d63f8113f914c5c72410cc775ee91d433cf3,TRACKED,.py,
backend/scripts/render_reset_admin_password_once.py,2381,ca904177df26578274b1e4eb20a98ebfb2a7d14346ee610caf0087a47bb6fe71,TRACKED,.py,
backend/scripts/render_schema_contract_check.py,3741,025cfc79a981e2af7d891a1cb3c3bafc8de1f9a29fd89ba4ce646d716f58afbb,TRACKED,.py,
backend/scripts/render_start.sh,1248,c8fa9e699e80a78ab9f99a06bab2ada3c30ba316d81bf3026742f76a91eafb6b,TRACKED,.sh,
backend/scripts/run_e2e_phase5.py,810,df87bfd654ff54953ee37039ef5cf822662082a3b3588b26eee59f1134148763,TRACKED,.py,
backend/scripts/run_platform_e2e.py,810,df87bfd654ff54953ee37039ef5cf822662082a3b3588b26eee59f1134148763,TRACKED,.py,
backend/scripts/saas/check_saas_growth.py,357,9479358cfabcc814ce2437b9928ed9129c4b46725984c4ad3bd5508ae89686e5,TRACKED,.py,
backend/scripts/security/check_security_compliance.py,317,17bc81069c731358851eddaed94ac9ca4ab266e2191fb3711dc7b3d2e6e13f89,TRACKED,.py,
backend/test_backups/legacy_sprint_phase_contracts/test_advanced_blocks_1_5_contract.py,726,b48858dbc475b0f224c3db07729cde94a9b9fddcba0c1969fa668b51fc0757bc,TRACKED,.py,
backend/test_backups/legacy_sprint_phase_contracts/test_blocks_6_10_contract.py,1011,42e37fe47e8a33b81aec0721c8baba8a8b3fd5f6a3e71f93bcb88aefdb5534ff,TRACKED,.py,
backend/test_backups/legacy_sprint_phase_contracts/test_phase43_models.py,717,0888bfa0b5578301b962eef936fa5e26b5a39e27bcfc167a9655d2b42611a555,TRACKED,.py,
backend/test_backups/legacy_sprint_phase_contracts/test_phase43_routes.py,467,53487b297ff600a8c5d66a9bdc83ac609e2cd24a6bd93e0ca188f323dc06f19e,TRACKED,.py,
backend/test_backups/legacy_sprint_phase_contracts/test_phase45_models.py,304,86e4a22058bf36ccc1f3341140f7dec649b33ce4309f10ffc811f638f06f74fd,TRACKED,.py,
backend/test_backups/legacy_sprint_phase_contracts/test_phase45_routes.py,424,7112686aed206516d0a0df0c77f533425578866bb9d9dbcc1e94ebed9e4d917b,TRACKED,.py,
backend/test_backups/legacy_sprint_phase_contracts/test_phase46_analytics_models.py,561,a0d2c820ec4894ec504d3b46af16ed4328e772a7d3834ef59a5dc5dc2bb82de7,TRACKED,.py,
backend/test_backups/legacy_sprint_phase_contracts/test_phase46_analytics_routes.py,413,13d835c4b65c2fbf9241970b40b48564c3c5bc4f0134212b9d75e16862a2ae23,TRACKED,.py,
backend/test_backups/legacy_sprint_phase_contracts/test_phase47_ai_models.py,431,276db58891bc40df51182ccfda877119870b87cd94271f7a53869e45ae3fe3b5,TRACKED,.py,
backend/test_backups/legacy_sprint_phase_contracts/test_phase47_ai_routes.py,355,6b77fb25a29445de14aa2d80670158d3bf46ac81d73da67cd4ed613810e62fb5,TRACKED,.py,
backend/test_backups/legacy_sprint_phase_contracts/test_phase48_realtime_routes.py,360,1785cad7b56e073228cc75bbc2c922102bac1e053a82cea5844780de8b323c22,TRACKED,.py,
backend/test_backups/legacy_sprint_phase_contracts/test_phase49_iot_models.py,431,06e563bf8044c9b7b0c9b6ca2b999816d4b8d2edcfe34d60bf727198c6a9e54c,TRACKED,.py,
backend/test_backups/legacy_sprint_phase_contracts/test_phase49_iot_routes.py,348,88103bcea9fcfd41c9c410c4b90467fe66503fc001affe130a579b650c616a7f,TRACKED,.py,
backend/test_backups/legacy_sprint_phase_contracts/test_phase50_commercial_models.py,722,d6876d894857bb3d066ee5cfd999f3b664b238a3cc429ad8d36a53a0e0113ede,TRACKED,.py,
backend/test_backups/legacy_sprint_phase_contracts/test_phase50_commercial_routes.py,579,db586d227169f9b2d1acec52a9b997c62c46572e5076cceaa2b41ba21c9f1bb6,TRACKED,.py,
backend/test_backups/legacy_sprint_phase_contracts/test_phase51_ml_models.py,723,2326702550d1c7a641393a78385661e4b553f2b5d3cc8711e93e6e443b2c90fb,TRACKED,.py,
backend/test_backups/legacy_sprint_phase_contracts/test_phase51_ml_routes.py,472,2a66dfc86f647e5ecfed3cb79503f1302d0cecc2cb69fed4c204ea7bbe775c05,TRACKED,.py,
backend/test_backups/legacy_sprint_phase_contracts/test_phase52_atlas_ai_models.py,669,23ba1b164f3e4f9d8c840981d9b8566d4d1d4596742a3bd9b18b34e65fe23395,TRACKED,.py,
backend/test_backups/legacy_sprint_phase_contracts/test_phase52_atlas_ai_routes.py,516,bda512a3ed8d81e8e3642054d1a050396175ed654e6a0acc2c55c2b6a1ba11ce,TRACKED,.py,
backend/test_backups/legacy_sprint_phase_contracts/test_phase53_automation_routes.py,419,b55141220f79961eec550793023296f8ca8b70a2f2620632e591baa318bffa4e,TRACKED,.py,
backend/test_backups/legacy_sprint_phase_contracts/test_phase54_governance_models.py,806,e68b7e35d70d61160f0275b8579ce881bb47b46284406ca6662e989d27f8ec24,TRACKED,.py,
backend/test_backups/legacy_sprint_phase_contracts/test_phase54_governance_routes.py,661,cfb0b4adce502235612da10d9da62701ca5dd34074917a8973dd43ea0fed8b05,TRACKED,.py,
backend/test_backups/legacy_sprint_phase_contracts/test_phase55_integrations_models.py,700,e7059fd89ee3e11f8feb40053754300309a52b92226abd7e81918f91745a3e44,TRACKED,.py,
backend/test_backups/legacy_sprint_phase_contracts/test_phase55_integrations_routes.py,679,9efa24ef282e0f3e1be7932c3932e4033c460970c239fcccb6492e6ec960042e,TRACKED,.py,
backend/test_backups/legacy_sprint_phase_contracts/test_phase56_security_models.py,767,26be3f10f5e127210932fd47e5484451da80f404ff8beeb45eaca1b8c05e4d5a,TRACKED,.py,
backend/test_backups/legacy_sprint_phase_contracts/test_phase56_security_routes.py,749,d3920c8d49a178733419e00df75d80848adca5421d77d667a5cce0a7c57f5897,TRACKED,.py,
backend/test_backups/legacy_sprint_phase_contracts/test_phase57_release_models.py,784,2062752e2d3f0f992c7ebc84d5e1ce88c02047764a0e24185d9040a7daf31a87,TRACKED,.py,
backend/test_backups/legacy_sprint_phase_contracts/test_phase57_release_routes.py,787,9f40fb821f44cccf15e92e54c204cbd3ab6fde3556523434a4205606eaab5ed3,TRACKED,.py,
backend/test_backups/legacy_sprint_phase_contracts/test_phases2_3_contract.py,1324,39e2ac4bb8dfac125cc46b61bdfe4369bb9d4ce2e51c12908b52e11639c5fe32,TRACKED,.py,
backend/test_backups/legacy_sprint_phase_contracts/test_phases4_5_contract.py,821,ea359912e741453cff4095dd53ff40db56636b67e8be37a0b92a779ff1ca1878,TRACKED,.py,
backend/test_backups/legacy_sprint_phase_contracts/test_sprints_11_15_contract.py,831,838f2a0fe7a31e67ed5d7d19462ba1e87cf808c91560760987b52e501c60517e,TRACKED,.py,
backend/test_backups/legacy_sprint_phase_contracts/test_sprints_16_20_contract.py,950,a6f22cadd640f7b3cfdbe4ed8db649ec6c62b580a304ebc4cd82405ea898b005,TRACKED,.py,
backend/test_backups/legacy_sprint_phase_contracts/test_sprints_21_25_contract.py,1159,f4a0f53b88c5b9e5e8dfc385a9716a71198440ca5a583f977da43d6eb9b024bf,TRACKED,.py,
backend/test_backups/legacy_sprint_phase_contracts/test_sprints_26_30_contract.py,1006,82141aa94cd56d7d4ff78985acc295ad3c2be10e844e9e0cdc3c0a623695f78d,TRACKED,.py,
backend/tests/conftest.py,704,63db5bd61369d342fd9397c9f2723bc636856c48ef11afdaf270e02b9924104d,TRACKED,.py,
backend/tests/test_ai_operational.py,927,41e4c822372170cc2c5a274a1c8a5720a13adb5edf69c6fdade32a8b4b9b4526,TRACKED,.py,
backend/tests/test_ai_operational_sprints_61_70.py,927,41e4c822372170cc2c5a274a1c8a5720a13adb5edf69c6fdade32a8b4b9b4526,TRACKED,.py,
backend/tests/test_animal_genealogy.py,4131,bddd92ecbf2b794b723f84b2462205f05197367fed963ca85d6b3d362b5e33eb,TRACKED,.py,
backend/tests/test_animal_timeline_history.py,2315,406e7945ea7cda530c78ec71a736172ffeeff13f72b245da3f13029fc958c817,TRACKED,.py,
backend/tests/test_architecture_consolidated.py,1950,694671b7dedc5078d71749d8ff03aed5856b6f6bf4259f2189d2e135dbb17ab3,TRACKED,.py,
backend/tests/test_auth_and_sync.py,2761,f260437129c29238d6bcd118eb44e5d9a618278c4d545ed82edab32c0fe95efc,TRACKED,.py,
backend/tests/test_auth_phase42.py,1846,097321053e09d55b554dfec36e65b76a583a1823a21d7a63043488e59c07803d,TRACKED,.py,
backend/tests/test_authentication_sessions.py,1846,097321053e09d55b554dfec36e65b76a583a1823a21d7a63043488e59c07803d,TRACKED,.py,
backend/tests/test_core_livestock_validation.py,2895,7582e25052470b23f0bc5646a2346d8654c56bd054102ea9d1d19f62d6b21f96,TRACKED,.py,
backend/tests/test_data_platform.py,897,be2c9afd08c61fb8d2da9713c1a96ee371799f72bea6e1b73ff0b0a53b1d5952,TRACKED,.py,
backend/tests/test_data_platform_sprints_101_110.py,897,be2c9afd08c61fb8d2da9713c1a96ee371799f72bea6e1b73ff0b0a53b1d5952,TRACKED,.py,
backend/tests/test_development_schema_reconciliation.py,2606,fe6d6fa36cffe653f0737fe75f09ce7f1af605f56bf105debd9093193b5c59aa,TRACKED,.py,
backend/tests/test_enterprise_operations.py,1017,5fe0de9392bdcc8c0d5f8916522854e4d8bb13cc8af9ae6ddc1b2a761b9c35ca,TRACKED,.py,
backend/tests/test_enterprise_operations_sprints_81_90.py,1017,5fe0de9392bdcc8c0d5f8916522854e4d8bb13cc8af9ae6ddc1b2a761b9c35ca,TRACKED,.py,
backend/tests/test_farm_scope_regression.py,1266,ffd7bf04623b33d86e49a0f072d4d653d25163771e3137ac496c803ea435fed8,TRACKED,.py,
backend/tests/test_local_database_connection_bootstrap.py,1147,fdbaedeb8878080d1445d2505dfb8d51160f49b7b0b6c54173a8e16414c82100,TRACKED,.py,
backend/tests/test_marco2_management_crud.py,6651,7eec96adcdced7029979145ef13b785accd90cee95d12205ea713bea1a7ccce3,TRACKED,.py,
backend/tests/test_marco3_agenda_integrations.py,9015,40745a94a6b24cfc063eedf34deb9795d7723fdee677136600bebbcbb83eba2b,TRACKED,.py,
backend/tests/test_marco5_final_production.py,1756,b73533e0ca7f060c4958b33e4e11b96a54fd4a1df573a94823d8eb29d14714c9,TRACKED,.py,
backend/tests/test_marco5b_production_security.py,3967,5cad801f5f6365a2a59e9b8f4da01ff3871e6ada1791349d97993bfbfb9e5328,TRACKED,.py,
backend/tests/test_marco5c_identity_isolation.py,6461,dce248709357b1bd32d795185a8eb91937b46ff405e7883cd1ef6e9af6cce4a0,TRACKED,.py,
backend/tests/test_marco5d_animal_media.py,5574,26844cc5ac971e2d1d7fae0031e483c5a34eeea9ad05b60f70b966e1aad78b29,TRACKED,.py,
backend/tests/test_marco6_alembic_reconciliation.py,2409,2b9b3f4168d6ec4bb70a3852d7f8502588356cafd06a2898d1c36e44a34285e8,TRACKED,.py,
backend/tests/test_marco6_alembic_reconciliation_v3.py,1694,c1f3c9c936584463bd9cacfcdc20ff940203b7a7979c65960792fa90000c4f22,TRACKED,.py,
backend/tests/test_marco6_alembic_reconciliation_v4.py,1277,d43b5c68808020d22b13ba140b31d61617a847e21b949aa322631b4d94a0da6e,TRACKED,.py,
backend/tests/test_marco6_alembic_reconciliation_v5.py,1368,d42217d668ab7720941e6751e5bb4c197b87568c215f21813adcf457a8df27ce,TRACKED,.py,
backend/tests/test_marco6_alembic_structural_reconciliation.py,1758,38a2bfa440c4f469ec2733a62cd91a73f3b3cf0ee8d3d1a9bfeb96a496b898c6,TRACKED,.py,
backend/tests/test_marco6_auth_diagnostic_and_reset.py,1720,9688c5f08429359faa40f0b054c7bf962b9c82a7dc08d084c1a5a23f47481e39,TRACKED,.py,
backend/tests/test_marco6_import_namespace_contract.py,1002,8bee0b7cc86c4e1dc397f2ce916d85b168c6b7d879600b66664cd31ea1843ae8,TRACKED,.py,
backend/tests/test_marco6_livestock_timeline_contract.py,833,932eb2d9825d6bd1ea02e34fc7a588aaa14212ac78fd7028ad25b7d2baf128c0,TRACKED,.py,
backend/tests/test_marco6_nutrition_contract_repair.py,972,ea16d18208d8c5e216321124fc8dd4d86115ce0a1728705c16ebc5d29acee3da,TRACKED,.py,
backend/tests/test_marco6_production_admin_provisioning.py,1613,2b63b3b211fc1484b948f27c229b1e3ff911356422393a8435e7afb5ddd2d7d2,TRACKED,.py,
backend/tests/test_marco6_render_database_driver.py,2608,cd392727ae33f5c171f5611badd33f85c747f7588ef3e16397ccf559cc881f01,TRACKED,.py,
backend/tests/test_marco6_render_startup_contract.py,949,65ac7a250a5c273d37a1a5c4a43ae9209eed8246928b0ab626ac0442149d482e,TRACKED,.py,
backend/tests/test_marco6_supabase_key_headers.py,579,254e5ed3f0cf3f2522f4fbeff1f779ae0cd2e7d0bf72711143ccde57689bf0eb,TRACKED,.py,
backend/tests/test_offline_sync_foundation.py,934,862b935b409d7d466b6099a30019b661a02a857087aeb311f8e4edc3edca0d63,TRACKED,.py,
backend/tests/test_precision_hub.py,1076,c5b58e4cf966dd044edf9e2226bb225e747602ac51bebc4846f4e24c13a016b2,TRACKED,.py,
backend/tests/test_precision_hub_sprints_71_80.py,1076,c5b58e4cf966dd044edf9e2226bb225e747602ac51bebc4846f4e24c13a016b2,TRACKED,.py,
backend/tests/test_quality_platform.py,1269,a6519b9d14a8c35dff4ee6225398577a01da0e9a0a26ad207ce2c6edf401c7ee,TRACKED,.py,
backend/tests/test_quality_sprints_31_40.py,1269,a6519b9d14a8c35dff4ee6225398577a01da0e9a0a26ad207ce2c6edf401c7ee,TRACKED,.py,
backend/tests/test_rbac_farms.py,1521,cb6e3282b87dd7568c56596a78b2f6368d5aa99523d08fbec074cce5e7e4d7db,TRACKED,.py,
backend/tests/test_rbac_farms_full.py,5267,e81198023e02c70f7b4902209bc98a6c6b213b5456c0a2a497761573698c0321,TRACKED,.py,
backend/tests/test_rebanho_enterprise.py,3886,ca02b81c54845f6d1a33798a993381f48f9fa407ec4e4dff5075976579f3abb7,TRACKED,.py,
backend/tests/test_release_growth.py,848,1c00a300522d5684913748a9e561739355e42a0e1c6eeca4b3534b60b9c4eaa3,TRACKED,.py,
backend/tests/test_release_growth_sprints_121_130.py,848,1c00a300522d5684913748a9e561739355e42a0e1c6eeca4b3534b60b9c4eaa3,TRACKED,.py,
backend/tests/test_saas_growth.py,667,6b65c6af6501227c3f1716e41118f4c423a74f4ebee2ea27f2f6c280256dae18,TRACKED,.py,
backend/tests/test_saas_growth_sprints_91_100.py,667,6b65c6af6501227c3f1716e41118f4c423a74f4ebee2ea27f2f6c280256dae18,TRACKED,.py,
backend/tests/test_security_and_tenant.py,7512,b247e6d504f184cd05b615898be77eb537086e16fc42d8887438fa6356d8f015,TRACKED,.py,
backend/tests/test_security_compliance.py,804,6ee750738be8d256ec34a4254fb88aae2490ceca2cf93a4f4ddeba1a113eda5d,TRACKED,.py,
backend/tests/test_security_compliance_sprints_111_120.py,804,6ee750738be8d256ec34a4254fb88aae2490ceca2cf93a4f4ddeba1a113eda5d,TRACKED,.py,
backend/tests/test_security_primitives.py,724,6a993aeaadac0e8983a1ed3f2de2363e4e70bf449ee57a171c9e18a379f45738,TRACKED,.py,
backend/tests/test_security_primitives_phase42.py,724,6a993aeaadac0e8983a1ed3f2de2363e4e70bf449ee57a171c9e18a379f45738,TRACKED,.py,
backend/tests/test_tenant_scope.py,458,856bc5e002e70406f1cd7e313f552adec1e605657bcb67b88bbdf302afb18b22,TRACKED,.py,
backend/tests/test_unit_of_work.py,153,756b30bd1cab1aae794d3d5b155286c8a64b101062d9d570bd1237274f9d14ac,TRACKED,.py,
backend/tests/test_v10_operational_intelligence.py,1802,19824cdf98f2892ccca445b0f667076ce41ba48ce46332e63bcfdc5be06e4f14,TRACKED,.py,
backend/tests/test_v14_v15_smart_agenda_executive.py,1276,1483a5a83faa9ed548d8a2a8936705fe9e0928f38a7ac34e790597da0c8f400a,TRACKED,.py,
backend/tests/test_v17_authz_session_security.py,646,ca1ebf82ac2a34e332b06dca52f70f042a74dd0de9e3c42ed075cd7141a35ff6,TRACKED,.py,
backend/tests/test_v20_4_text_normalization.py,1032,fb1ea6466155921b56b4e97d03087d6eda700dc83550e421ba959c43f4f9a93a,TRACKED,.py,
backend/tests/test_v20_livestock_genealogy.py,2572,e3f70767f2bdc526f09e6e12e77ac46c7f947ff9ae06be0cd2689aaddc818a78,TRACKED,.py,
backend/tests/test_v7_transactional_integrity_contract.py,1759,bf81de3e2c9ed553382eaeb2deae45691f68341240dd504d542a903b87a74c46,TRACKED,.py,
backend/tests/test_v8_transactional_roundtrip.py,11872,4f8f1e26288c37cb07aabdebd2388c4eeb76456638a526b6430b6ff1528954a4,TRACKED,.py,
backend/tests/test_v9_operational_integrity.py,850,46e448bbaa8d62db3343bdaca664cdc93b8ab53ac85090628d348e8c13e9a3c4,TRACKED,.py,
criar_snapshot_integral_atlas_v1_rc.ps1,9103,ef7871b084894561bfe69c09f88e2c07a757c3ef1689663fbace3557c0dbdc14,UNTRACKED_NOT_IGNORED,.ps1,
deploy/cloud/.env.cloud.example,169,2099512b257b29cac6f5623af46c112451fb376388741950f886f6619329197a,TRACKED,.example,
deploy/cloud/docker-compose.yml,572,c3659aa457a905e1f2e575e4125f4106bae01fbfbd5e95b673791e73f221209d,TRACKED,.yml,
deploy/enterprise_1_0/.env.enterprise.example,202,da5af588cf1ef7469fb22e961301a95e41dfe7d28c402d941b14b863f33c2ca8,TRACKED,.example,
deploy/enterprise_1_0/docker-compose.yml,788,850037a0612b92ca6a33b5f733a5d61a2a26c652a0c43aa93bbd86b8a37ba64c,TRACKED,.yml,
deploy/free_oracle_duckdns/.env.example,403,b64c2329fc506a17726e54347ac3a0e15801ab3949a091ede1ce8d2c2b2b76fc,TRACKED,.example,
deploy/free_oracle_duckdns/01_prepare_oracle_free_server.sh,1054,1f10a9af2edb1edbdc580f2f4ebb565c5466337f19ccf8e9b5795862224efc06,TRACKED,.sh,
deploy/free_oracle_duckdns/02_install_duckdns.sh,1745,3c1dfcf71d2a14488207e1ecfb90776e5b1d61b3a70a51c08a0a7cd78623e22d,TRACKED,.sh,
deploy/free_oracle_duckdns/03_deploy_atlas_free.sh,1694,07b06116abd86dc463aad425d6548d1c6b41ffa5e38c6cce01f37bcd32c667c5,TRACKED,.sh,
deploy/free_oracle_duckdns/04_audit_free_production.sh,1366,cd732dba6feb0872ccc7f17deb0b8ae75cfb5c73777636f18af718f78e58e14e,TRACKED,.sh,
deploy/free_oracle_duckdns/Caddyfile,368,048f3c4b6aad00e575d7dd3aab78a2492c7ea7b6d260cca14233528ae250b547,TRACKED,,
deploy/free_oracle_duckdns/docker-compose.yml,3884,41986ec4b8b34b3d629d4daeed49ebf68ca4023dc0350cbcc069fe5b922b869e,TRACKED,.yml,
deploy/free_oracle_duckdns/generate_secrets.py,242,85ac185879eaa7e224bbcb0e3cd393e6ef6987da1b64cbaa7a17d55fe88c0c54,TRACKED,.py,
deploy/homologacao/.env.homologacao.example,268,68e8c54810a1660817231db1d783f6b456263066efabbeb3e162ea206d8f4441,TRACKED,.example,
deploy/homologacao/docker-compose.yml,606,0a40e1ab08951c578ad3c8e92dcce5fb3f5d8f9409bdfc780e145c7b01330cd1,TRACKED,.yml,
deploy/production/.env.example,389,fb81c1f71e125e12a34eed5ae3c1f91eb99b3b1c7916d951fe536b272a49f2e5,TRACKED,.example,
deploy/production/Caddyfile,291,78ca5612528d1c2196232ad8b4b00c54e6868a74ab151cc153e9e66a0b5058f5,TRACKED,,
deploy/production/README.md,453,c8fa3acaf3f9cda7e18698f305247bea25fe712807de0b40c3342e5dabc038e0,TRACKED,.md,
deploy/production/docker-compose.yml,3751,43ba0392143b2a4444adbcbd9ccc812aa7d999d1fc0fee594b23bec17e7a6b40,TRACKED,.yml,
deploy/staging/docker-compose.staging.yml,651,f6f49659283b4cd5bf4c09f8a9269c7e204579eff4943eb4b9b529f9d4d616fd,TRACKED,.yml,
docker-compose.local.yml,845,be00d340f96a020aed9264ce2f24765729d418a04446e0d4eb9ee6df3669b426,TRACKED,.yml,
docker-compose.staging.yml,1363,3f57b329043a2ea1df18dab0c5441b870f94a19fb631ee10ca2ee686f31d217b,TRACKED,.yml,
docker-compose.yml,1882,30724f2e27d88590da807314712b4f973b81cb7b26cc393ba640e8791444a77a,TRACKED,.yml,
docs/ATLAS_POS_V21_CORRECAO_GATE_BASEURL_20260822.md,1783,061116e877ad8ec0dc16f8543bab695ef7e80ff242649033bdb55bf303224c09,TRACKED,.md,
docs/ATLAS_POS_V21_MACRO10B_INTEGRITY_MATRIX.csv,587,2c30e5e9bab94dd98f7de7f6b83934f63a0fa8d75e7860516b5d2366a54e5431,TRACKED,.csv,
docs/ATLAS_POS_V21_MACRO10B_INTEGRITY_MATRIX.json,6084,fddc8918c04b9c483b34013f02f964630da1c9fcb786ff2e00d75ea83a29f398,TRACKED,.json,
docs/ATLAS_POS_V21_MACROPACOTE_10A_CICLO_OPERACIONAL_MENSURAVEL_20260825.md,488,4808196a096710c7d16aa5565ed833ab5eb542417ac32a1027d9acd1faab3341,TRACKED,.md,
docs/ATLAS_POS_V21_MACROPACOTE_10A_MANIFEST.json,1252,c27d4a53d5cb2925d8bb7ffec78c7f712d76a053c1a8a6aaabd4e85cfd58a82a,TRACKED,.json,
docs/ATLAS_POS_V21_MACROPACOTE_10B_INTELIGENCIA_INTEGRIDADE_20260825.md,2093,e978bf79ce1798598ebf259dce1b0fd20818f2cb80995f3979b7d21ed14f0144,TRACKED,.md,
docs/ATLAS_POS_V21_MACROPACOTE_10B_MANIFEST.json,1181,a80eedaa3b985a130c48e817e6b2c3f8d125f47d0f73455280f7c7e1b6dcf6a7,TRACKED,.json,
docs/ATLAS_POS_V21_MACROPACOTE_10C_MANIFEST.json,1423,c851489a232a6126be092900f3c26d1e832a9fbb208b6bee2b50584c75203eb7,TRACKED,.json,
docs/ATLAS_POS_V21_MACROPACOTE_10C_RASTREABILIDADE_DADOS_UX_20260825.md,2011,c013921e18ca4f6cb6f304791c9835b004a81f08e27ad738848e902a3e2f8a03,TRACKED,.md,
docs/ATLAS_POS_V21_MACROPACOTE_10D_MANIFEST.json,1118,fc0bb680170eac00c025b87d74f0dc9e7cec18ce6045ff713820e7409788b6c2,TRACKED,.json,
docs/ATLAS_POS_V21_MACROPACOTE_10D_V1_RELEASE_CANDIDATE_20260825.md,1598,f9b6665c3b8fe28be4b3e4d5de80785895fe1c4bc28ed1eaaa5ae2574004dacc,TRACKED,.md,
docs/ATLAS_POS_V21_PACOTE_1_CENTRAL_ANIMAL_20260822.md,2504,3e622d0b05c3b61d591eb1758dace1b9bcd418b26f9e1e632dc269c5334b3f93,TRACKED,.md,
docs/ATLAS_POS_V21_PACOTE_2_DEPLOY_CHECK_FIX_20260822.md,1513,d56bac423b51a6a27141d965f4f612b3e2f270a7b3e6a1acd971717f419fa40a,TRACKED,.md,
docs/ATLAS_POS_V21_PACOTE_2_FLUTTER_ANALYZE_FIX_20260822.md,1397,0d86d8dce96f463f01e50f3fda4c73b7618dfa7cd0274abb5be5af7c1ebdbdd5,TRACKED,.md,
docs/ATLAS_POS_V21_PACOTE_2_MANEJO_MENU_20260822.md,2245,623cffdf14c516f697bc5d30b041dfd4d71156fa27ed01cd09f947a90c4140eb,TRACKED,.md,
docs/ATLAS_POS_V21_PACOTE_2_MANIFEST.json,3029,963452d8988d6ce740e2ec48edeeef092ad5d0fc9176588a989905deef00d00e,TRACKED,.json,
docs/ATLAS_POS_V21_PACOTE_3_CENTRAIS_GERAIS_20260822.md,1633,f9a43b83ec11722863561b3e7cf3f0f1db5fde856ef8a0ceeb4c585df44bcd7e,TRACKED,.md,
docs/ATLAS_POS_V21_PACOTE_3_COMPLETO_CENTRAIS_20260822.md,1968,e6fa98e9f820be2645116698c77776d5e964307fff0031e426742b506be66bd1,TRACKED,.md,
docs/ATLAS_POS_V21_PACOTE_3_COMPLETO_MANIFEST.json,4209,c137d12c3a3ea4af8e88316b9324db8ff1cfaae66c143937f74606547ed150ae,TRACKED,.json,
docs/ATLAS_POS_V21_PACOTE_3_MANIFEST.json,2035,5da3f162077074ecc85c9821eedbab889fbc4461d68c434366638f6ace052522,TRACKED,.json,
docs/ATLAS_POS_V21_PACOTE_4_CONSULTORIA_WHATSAPP_20260822.md,1800,374ea06ea7bd8920f317c6f0e2cfe1b9e3e0bef58dc92b49be3aa1ea08fe2342,TRACKED,.md,
docs/ATLAS_POS_V21_PACOTE_4_MANIFEST.json,2323,83b2246cabfbf846223356e86e9fd187de2da7c403e71271187a42f0a7ab76f7,TRACKED,.json,
docs/ATLAS_POS_V21_PACOTE_5_BOLETINS_WHATSAPP_20260822.md,4879,58d5a32856ee43bbf1c7128da76240bc664392082d8ac3efbfe802a82b19884a,TRACKED,.md,
docs/ATLAS_POS_V21_PACOTE_5_MANIFEST.json,4563,651b45be58193847f9f4c12b041ab7b28d7d6155035e11c7bf7d485afda8586c,TRACKED,.json,
docs/ATLAS_POS_V21_PACOTE_6A_ARQUITETURA_INFORMACAO_20260823.md,5744,99545a7f23d1fec5c164111049ab89c94fad89eadedec43523ff404aa8313839,TRACKED,.md,
docs/ATLAS_POS_V21_PACOTE_6A_MANIFEST.json,9965,459b335b0469ded34c22e4e3ae9b25b10562cb56f9a95c2a3950bee57f07c590,TRACKED,.json,
docs/ATLAS_POS_V21_PACOTE_6B_ARQUITETURA_RECURSOS.md,1917,8493d9f9c8b45872e00fc2f0a1874a7a534f23cefa2fbbe139be8ea9d0a21be4,TRACKED,.md,
docs/ATLAS_POS_V21_PACOTE_6B_MAPA_RECURSOS.csv,17497,d34043010f07a3c9930b661d4b312715cf94bdb417e315335ced93947347aeb6,TRACKED,.csv,
docs/ATLAS_POS_V21_PACOTE_6C_CAPABILITY_OWNERSHIP.csv,40405,40b963af37349c3afa0a951ebffdba0c61d8f2a8ede67aa7ce7013d5139fd3ed,TRACKED,.csv,
docs/ATLAS_POS_V21_PACOTE_6C_CAPABILITY_OWNERSHIP.json,62691,2df42d351d91b8cf29f74b26fa6880825c61137c698cd3c60c8f6b867d5bccab,TRACKED,.json,
docs/ATLAS_POS_V21_PACOTE_6C_CORRECAO_DEFINITIVA_TIMELINE_20260823.md,1472,49b2579ecc3fbe43a91edea51c5cd93ec414c384747573434d31b2e02a366cf6,TRACKED,.md,
docs/ATLAS_POS_V21_PACOTE_6C_HOTFIX_TIMELINE_20260823.md,1790,29cd373bbbc34b85f57a08852a6044bf3b392ed941e46d2383bb15c58cd353ad,TRACKED,.md,
docs/ATLAS_POS_V21_PACOTE_6C_HOTFIX_TIMELINE_MANIFEST.json,1890,8c2dcb5d0fc7fb6c45a12c752ded5eb75e6199216a0f07929236896ec72a7e94,TRACKED,.json,
docs/ATLAS_POS_V21_PACOTE_6D_B_NUTRICAO_ESTOQUE_FINANCEIRO_20260823.md,500,57f6ca21dc2a310c8d775b54447dfe79098dbc6d7f23215130ea5d913fb9f1f6,TRACKED,.md,
docs/ATLAS_POS_V21_PACOTE_6D_C_CAMPO_ANALISES_RELATORIOS_20260823.md,1320,d475b36a9b0b85c9d2ad02ed523e5f2fc23d5b3081311854b3576e13cb792f3b,TRACKED,.md,
docs/ATLAS_POS_V21_PACOTE_6D_C_MANIFEST.json,2386,a8df99b20cd53f29e0e017d05188fa89faed009f2098e53618eacefcb18d4e6f,TRACKED,.json,
docs/ATLAS_POS_V21_PACOTE_6D_D_AUDITORIA_GLOBAL_UX_20260823.md,3845,c0d1833a3647f6c96e220640fab9501c03c388b3744e931d078e89838026590a,TRACKED,.md,
docs/ATLAS_POS_V21_PACOTE_6D_D_HOTFIX_CONTRATO_FAZENDA_20260823.md,685,397462d9dba49c6f5d5fbbb29c2fd3302484a0a391480facc2849b4ab3c7fd57,TRACKED,.md,
docs/ATLAS_POS_V21_PACOTE_6D_D_MANIFEST.json,2743,dfcf095adc4c85986e49e643b2cc632bce085e49eac50345760ff73cb35555e3,TRACKED,.json,
docs/ATLAS_POS_V21_PACOTE_6D_D_RAW_UX_AUDIT.json,382191,3f9d3739216dcc4e5e3c081a49761c82f2354f6ec4305d767955bae4f8874780,TRACKED,.json,
docs/ATLAS_POS_V21_PACOTE_7A_DR_BESERRA_20260823.md,2705,613ed51e00d5cf10d07c3e90da448e1b8a87032488c705bfd22a9269a5207828,TRACKED,.md,
docs/ATLAS_POS_V21_PACOTE_7A_MANIFEST.json,2874,35d29f560d5f6ef5f3d1f163d35ca3f58c888970cd75f6d575bde42505e09aba,TRACKED,.json,
docs/ATLAS_POS_V21_PACOTE_7B_DR_BESERRA_VOZ_20260823.md,1939,dbbfd4765c73e25042a1546240898767d1dc4e0e7919c43f9b5703a63e7dc52b,TRACKED,.md,
docs/ATLAS_POS_V21_PACOTE_7B_MANIFEST.json,3085,5b439d497a8c4c7419492a12b73d294f513178a86db63ffb01dcf19b1847bd59,TRACKED,.json,
docs/ATLAS_POS_V21_PACOTE_7C_HOTFIX_PRIORIDADE_INTENCOES_20260823.md,1657,4a72679075459d9250f736fc2c65483f512bc3a5bf62cf23c507ae7e11adffcb,TRACKED,.md,
docs/ATLAS_POS_V21_PACOTE_7C_HOTFIX_PRIORIDADE_INTENCOES_MANIFEST.json,1855,f1d25b1a565659cbcfa4be2c47c2ba4d674981884629c323cd8d3ad59415cd85,TRACKED,.json,
docs/ATLAS_POS_V21_PACOTE_7C_LINGUAGEM_RURAL_E_CORRECAO_7B_20260823.md,2023,ee637bac6387bdf4be61e75c9c19e1d8e992068a198152801355d8a091755734,TRACKED,.md,
docs/ATLAS_POS_V21_PACOTE_7C_MANIFEST.json,2657,b37fd1467553619b48ba0f77ab9d37ba3a9dc3d04cfe2602c014b84ead9f37ca,TRACKED,.json,
docs/ATLAS_POS_V21_PACOTE_7D_MANIFEST.json,3856,59d0d109ca8868a5fc34ca0ea4754770ed471bad39a76c16e4faef1ff21089e7,TRACKED,.json,
docs/ATLAS_POS_V21_PACOTE_7D_OPERACOES_SEGURAS_20260823.md,3690,1dd23dd924fa5e8b32a9f908aa51bd3cdefa22c08e8c455861e458e41e9a1c83,TRACKED,.md,
docs/ATLAS_POS_V21_PACOTE_7E_HOTFIX_HELPERS_ORFAOS_20260823.md,1963,2b2b4ef428bdf7b45da4fc4fa7d92d41e1c0e4767f8a1d395fc07bc35fde4788,TRACKED,.md,
docs/ATLAS_POS_V21_PACOTE_7E_HOTFIX_HELPERS_ORFAOS_MANIFEST.json,1168,8732a73b698d19628b787728446d403ea7613c5ca40bc2832aeaf6502b6a9841,TRACKED,.json,
docs/ATLAS_POS_V21_PACOTE_7E_MANIFEST.json,2846,c2d8961ddd6bc604e39629f32474aca2e257601d4f0574a6a80ced045bc5c0a2,TRACKED,.json,
docs/ATLAS_POS_V21_PACOTE_7E_ROTINA_DIARIA_INTELIGENTE_20260823.md,3700,f66de99be0bcce3ef2b62cbcdc4d30281dc248da26bed6d680cda2166a45aecb,TRACKED,.md,
docs/ATLAS_POS_V21_PACOTE_7F_HOTFIX_CONTRATO_MATRIZES_20260823.md,801,0491a59c18a643ab46c162f4f52ee07e55e2e898b1aff6add8bd065bd29b5949,TRACKED,.md,
docs/ATLAS_POS_V21_PACOTE_7F_INTELIGENCIA_CONTEXTUAL_20260823.md,3939,97c8b700ed3e8144d31c2a172b1c89e6517ffe9d8d9fa2cf36d349343a38688f,TRACKED,.md,
docs/ATLAS_POS_V21_PACOTE_7F_MANIFEST.json,2865,6e488a2f7d3e4a8ae3c03a5f25739da5ea66af3fce4701ac394144abea4b801d,TRACKED,.json,
docs/ATLAS_POS_V21_PACOTE_8A_CAMERA_ENTRADA_WHATSAPP_20260823.md,4967,1e53de56caeeb46b5a635d578fe0929715b5658786355d8c4597cd15a08dda2e,TRACKED,.md,
docs/ATLAS_POS_V21_PACOTE_8A_HOTFIX_FARM_TYPE_20260823.md,1511,8b99a78c2c8c0736cb355dcbda841c9fefe94c19ebf3c77dfe2a324296513f8b,TRACKED,.md,
docs/ATLAS_POS_V21_PACOTE_8A_HOTFIX_FARM_TYPE_MANIFEST.json,1671,5fe7ca817359f892bc9747e152db4f987d2aabf6039f94bffc5f44accf5343d8,TRACKED,.json,
docs/ATLAS_POS_V21_PACOTE_8A_MANIFEST.json,4160,68939007429d056e3a8aadab05b785aad57a889d92c9d605f9734f83a1a8da6c,TRACKED,.json,
docs/ATLAS_POS_V21_PACOTE_8A_PREFLIGHT_UNTRACKED_FIX_20260823.md,1538,aa4e05723b76aaedc906c2a7ef3980e04f00cdb87375d76b77ce4186137dd168,TRACKED,.md,
docs/ATLAS_POS_V21_PACOTE_8A_PREFLIGHT_UNTRACKED_FIX_MANIFEST.json,1271,afa01d79eb2e428c108d1d752706eada8d602f99895845aa9e59147c661f7865,TRACKED,.json,
docs/ATLAS_POS_V21_PACOTE_8A_RELEASE_HARDENING_20260823.md,1744,44e48b8261dc41716c68fc06d16c47c7b8136e3419a9bf9d76e92e158a8ea65b,TRACKED,.md,
docs/ATLAS_POS_V21_PACOTE_8A_RELEASE_HARDENING_MANIFEST.json,1008,c664452f09386799a4b884f78d97772ddd0fec7572af31c71fb492d0cc8cb76a,TRACKED,.json,
docs/ATLAS_POS_V21_PACOTE_8B_GATEWAY_FISICO_CAMERA_20260823.md,3936,91a250eb4aff8729c059aa56f247e3364252c79c2c4b7761e11ff12da14e9882,TRACKED,.md,
docs/ATLAS_POS_V21_PACOTE_8B_MANIFEST.json,4587,8aea1937a8e5d5a81156d736d7ba29541df58ad2243abce66a27c7af1520fed5,TRACKED,.json,
docs/ATLAS_POS_V21_PACOTE_8C_COMPATIBILIDADE_CAMERA_20260823.md,2760,ad432579cad15aa5b1bdad53c861599fa73c8add02219b414d31835e0cf2a237,TRACKED,.md,
docs/ATLAS_POS_V21_PACOTE_8C_MANIFEST.json,2015,009dd54343cbbdfadcee13fc613db62eee07001d663a489f9fae9d041b4c235f,TRACKED,.json,
docs/ATLAS_POS_V21_PACOTE_9A_CONTATO_VETERINARIO_20260823.md,2582,2496c78acc2862c54707b93e69d39ce782090a6bfdb9ccdf4141379b9e8d97ee,TRACKED,.md,
docs/ATLAS_POS_V21_PACOTE_9A_HOTFIX_CONTRATO_TESTE_20260823.md,1793,51e8d98d8d8af61f78ace0370d3a92385ecfd75f9e7076a12aff1bb72396e63e,TRACKED,.md,
docs/ATLAS_POS_V21_PACOTE_9A_HOTFIX_CONTRATO_TESTE_MANIFEST.json,1430,2baaf51d90c82d30385f3c7f58f74dd1e34136eb90be608fd5c29294fd4e1df8,TRACKED,.json,
docs/ATLAS_POS_V21_PACOTE_9A_MANIFEST.json,3721,4c45beab82d4da64f486f3be8a045dc17898a62f5177d66c568133e3cc14d286,TRACKED,.json,
docs/ATLAS_POS_V21_PACOTE_9B_MANEJO_COLETIVO_SEGURO_20260824.md,3073,4d6b1a5e761a0a8d87aa595d78c4672a06f328a4e295dfd23185dc772b9d5699,TRACKED,.md,
docs/ATLAS_POS_V21_PACOTE_9B_MANIFEST.json,3643,12cd5ee734f94dee0f2c68c2b202cffd12da3b8a20a8efea78819420169674f0,TRACKED,.json,
docs/ATLAS_POS_V21_PACOTE_9C_IMPLANTACAO_ATLAS_20260824.md,2256,b0e1dcfe1022572ddbbbd79aa84b9ac6d4f398c2eea4b4f45988a78742ef88f0,TRACKED,.md,
docs/ATLAS_POS_V21_PACOTE_9C_MANIFEST.json,1350,5a14815e9050e1723efdb5941167e7f774426a6138a677d7fdfa29cee96d774c,TRACKED,.json,
docs/ATLAS_POS_V21_PACOTE_9D_IMPLANTACAO_VERIFICAVEL_20260824.md,1345,ad83662c29bdb6fa65e5ae3ccae17f1cb4e7eddcf7d3eca0cacbe64342263ef6,TRACKED,.md,
docs/ATLAS_POS_V21_PACOTE_9D_MANIFEST.json,1415,70b4c36140c6fb1051dbfb4800a6bb5e61284eb8eb20315791297c127dd9a95f,TRACKED,.json,
docs/ATLAS_POS_V21_PACOTE_9E_MANIFEST.json,1104,85b42df2822b976524cd10512e5c0af27960ab7ce9efa970ad0916f69d0f2667,TRACKED,.json,
docs/ATLAS_POS_V21_PACOTE_9E_ONBOARDING_FARM_SCOPED_20260824.md,1391,202f431cb77ff851338b6851f243b8ccbcface3b0ae8441d589c92bdd0ad9eb6,TRACKED,.md,
docs/ATLAS_POS_V21_PACOTE_9F_MANIFEST.json,1427,a02ddbcb588d96657963a10ba765a39a0270e1e2c29ec050020cc38c15fab8ff,TRACKED,.json,
docs/ATLAS_POS_V21_PACOTE_9F_PLANO_ACAO_CONSULTIVO_20260824.md,1309,5bb42ecccdefeff85816955f9282d63d4a4017d36459ae3d833f8b8755af750d,TRACKED,.md,
docs/ATLAS_POS_V21_PACOTE_9G_EXECUCAO_COMPROVAVEL_20260824.md,845,17718d91e055b7509930ae83cd3404858fa412e792dc8d20de572493d647d24a,TRACKED,.md,
docs/ATLAS_POS_V21_PACOTE_9G_MANIFEST.json,1161,e43e5d9590899e80554a672742cee315a64c268d410cb9e2245e419e47570bfe,TRACKED,.json,
docs/ATLAS_V20_10_AUDITORIA_UX_INTEGRADA_20260822.md,2127,f07fe9599def1e94cd739427ebcb6c8c14cf5d11b85a0cc21c5d8ad65d90109f,TRACKED,.md,
docs/ATLAS_V20_1_LINGUAGEM_GENEALOGIA_20260821.md,2799,d8d0d006d50156cd9bc0e945754f575ef1803ddf646ee5ec397e3972b0a46294,TRACKED,.md,
docs/ATLAS_V20_2_CONSISTENCIA_OPERACIONAL_20260821.md,2060,9abcd413b32478d28ecb7c1e9eff3c52cc140f095baade3f1bd37ac37ae1fa1b,TRACKED,.md,
docs/ATLAS_V20_3_DESCOBERTA_OPERACIONAL_20260821.md,1983,2d6fc27580482de3d4ea0c88637c786807d0cfa5fe73d0dfa15982b961cbb2b5,TRACKED,.md,
docs/ATLAS_V20_4_TEXTO_FORMULARIOS_20260821.md,3195,ebcb3d0fb41056f5ba96e140bc5573086d2112d994a8324681a9ff01a72ad0d1,TRACKED,.md,
docs/ATLAS_V20_5_VALIDACAO_FEEDBACK_20260822.md,1291,3507d86dc198ea0e2f1c97cf2321fb3919e4df5a0b27a949a8caae4dc0831e0f,TRACKED,.md,
docs/ATLAS_V20_7_CONSISTENCIA_MODULOS_20260822.md,1432,89f7dbebd7e252d0ab35de0bdd16e0015f650945bbd9942c4767bca8760c6976,TRACKED,.md,
docs/ATLAS_V20_8_CENTRAL_ANIMAL_FINAL_20260822.md,2840,22811a5bfca96065a8f2385f9e9c0f7854a5a5f4fea496682854ebc83b456970,TRACKED,.md,
docs/ATLAS_V20_9_ACESSIBILIDADE_SIMPLICIDADE_20260822.md,2270,787c095167545d48f2f4317b1600fdb501b55c8353bd8844f7702cc2850ec1b2,TRACKED,.md,
docs/ATLAS_V20_UX_FOUNDATION_20260821.md,2383,4c5e2a1761f0eb1ddf8e1f820bcfb299bd3fa43d4902b8a801701326fc27edf9,TRACKED,.md,
docs/ATLAS_V21_1_CORRECAO_GATE_HOMOLOGACAO_20260822.md,1182,00537f08cf8063aed81db2af986257072e6f64e28a0fc61c70544cc09d198681,TRACKED,.md,
docs/ATLAS_V21_2_FORESTGREEN_HARDENING_20260822.md,1147,9342cc2894ec25aacda8ce6900e1ce4241b227e4fb2f293bb5e3c3372b960678,TRACKED,.md,
docs/ATLAS_V21_3_CONTRATO_TESTES_CENTRAL_ANIMAL_20260822.md,749,b03916b7f6396879a378415a54b1e065f2d49f90dec8ce169c4cfda73cef61fb,TRACKED,.md,
docs/ATLAS_V21_4_RENDER_COLD_START_HARDENING_20260822.md,1095,aea9e4a84b95dc6a5ffcd646a6cf70798a6500b839c58951219e0d619a14c22e,TRACKED,.md,
docs/ATLAS_V21_5_POWERSHELL_PARSER_FIX_20260822.md,964,26ec92397bd249c1574714843c68872d47f81a583ac260cb393b85ea55bac93a,TRACKED,.md,
docs/ATLAS_V21_6_FLUXOS_CRITICOS_20260822.md,665,9680055ea3d64592986c7c418f1229cdde25ffe6d97d5541c1ae5876b37c2a7c,TRACKED,.md,
docs/ATLAS_V21_BASELINE_MANIFEST_SHA256.json,405885,ec4f8795dce69ad8bc740d621e903453f06a02a33851615814766f567539cdeb,TRACKED,.json,
docs/ATLAS_V21_BASELINE_SEALED_STATUS_20260822.md,1160,b62106f56141b5413d4d3f6aff28551772f9f814f9c1854dcddfada072cc9633,TRACKED,.md,
docs/ATLAS_V21_CHECKLIST_HOMOLOGACAO_UX_20260822.md,1623,72541aa8eac832eb6e64aa33faa08dba244da4e7d444710e7a2acccc64a0e9a1,TRACKED,.md,
docs/ATLAS_V21_STATUS_FINAL_HOMOLOGACAO_20260822.md,876,a0c94ead65d68630ed6af995216f37991b1abfd353f65119b92b28dde0b2ec03,TRACKED,.md,
docs/android/ATLAS_ANDROID_1_PASSOS_11_A_20.md,1338,513620686b4fc464e2e7baa3c51d8c17c2bbfe59ef600568d54f8564282589f0,TRACKED,.md,
docs/android/ATLAS_ANDROID_1_PRIMEIRO_DISPOSITIVO.md,3191,e0368b49c93320c5ec85fed4ad534b954724e8ba671430d0cc3b8391fdfdc3ff,TRACKED,.md,
docs/android/ATLAS_MARCO6_COMPLETO.md,692,8c6ea5fa3db3b4a188c10bf25f755bb725b2069e48995a338395c83de6d08298,TRACKED,.md,
docs/android/ATLAS_MARCO6_GRATUITO.md,979,a02f72d041a091a105a9456e82f592d02d3d03d9f3a48324e48047ee4d02193e,TRACKED,.md,
docs/architecture/ATLAS_INTELLIGENCE_CONSOLIDATION.md,1397,07905d9dd5879f470a3da9f0a1b9a28950721c23b195e1688f5a6f1399503fc5,TRACKED,.md,
docs/architecture/COPILOTO_CONSOLIDACAO_CANONICA.md,997,97ee3149d6d30d682f594b1e2b5ee9c9f6a4f879228302647ac490c9885e3bba,TRACKED,.md,
docs/architecture/PROJETO_ATLAS_MAPA_VIVO_DA_ARQUITETURA.md,15370,1fedb255146df0a62717c6a4d62f68523e0acc2e4a6cf4843c6c00d2f1984dbc,TRACKED,.md,
docs/architecture/atlas_architecture_baseline_2026-07-30.json,491718,72add92d86eb5d0511c11ebbe7ef97d8975c68ee6f2d710a29bbdfd2c255cd22,TRACKED,.json,
docs/architecture/atlas_architecture_map.json,1010308,feebce1a7e9b2da88d5be3be7dda8d9955feb34f49c454aebdc73727443f230b,TRACKED,.json,
docs/architecture/atlas_dependency_edges.csv,429187,b9176b500f6717463b4a447f3ba756e0e7e17f5cebd19dea9c4b0481854a95d9,TRACKED,.csv,
docs/architecture/atlas_duplicate_public_declarations.csv,8274,05090877c0f5e28273ef41a7ccbd58f98415ca11849117875dddf60a7a6b4a96,TRACKED,.csv,
docs/architecture/atlas_file_inventory.csv,194144,680b096c121d91ab988bcd8ff4849b7d821afcd43cc532b18315a60e760c2dcd,TRACKED,.csv,
docs/architecture/atlas_module_matrix.csv,28405,62d6648247e0d5bd490654105fae47e82f829d98b0de2ffdbb16d12a805f0a1d,TRACKED,.csv,
docs/atlas_advanced_ai/FASE_22_PACOTES_111_A_120_ARQUITETURA.md,990,79d520ea00762aeae80b73b96dc1cc4a66becad28bf0d2ee019bb37c279529fb,TRACKED,.md,
docs/atlas_auth_sync_enterprise/FASE_37_PACOTES_261_A_270_ARQUITETURA.md,1055,41f659d42ccc1641a54ff72008df811d964ed71be0539dc1008712e8e4532db2,TRACKED,.md,
docs/atlas_automation_operations/PACOTES_59_60_61_62_ARQUITETURA.md,591,91338a11cc1ce3aab059565966ef523710215390e7751e185a22b0569e50b68d,TRACKED,.md,
docs/atlas_autonomous_enterprise/PACOTES_99_100_ARQUITETURA.md,1108,5a336ccf771b30f83617b92b63efe6e61a11156093d4d7f8acbe62cdc62dc6c4,TRACKED,.md,
docs/atlas_backend_foundation/FASE_36_PACOTES_251_A_260_ARQUITETURA.md,908,664274b20e4d9a2b85c3b396ce37984c30e5369d2f9bd5de93cf9358c18c9d59,TRACKED,.md,
docs/atlas_climate_enterprise/FASE_30_COMPLETA_PACOTES_191_A_200.md,982,af0db69763a686794aed2bfb9ece14c3686fda4ab1d97301b7affcad84516165,TRACKED,.md,
docs/atlas_climate_enterprise/FASE_30_PARTE_1_PACOTES_191_A_195.md,782,8ab18c342c779d1f673e1cbc13351d3c1b1ab57814967b8590a43ede48e6de68,TRACKED,.md,
docs/atlas_cloud_security_enterprise/FASE_34_PACOTES_231_A_240_ARQUITETURA.md,1033,91ce07fed6234c68099dc50e82a0585058ca9ac06cf949f1a199c016a411f779,TRACKED,.md,
docs/atlas_commercial_enterprise/FASE_28_PACOTES_171_A_180_ARQUITETURA.md,867,fcb3501acac4ddf7d14aa0d683111b41626b0fb0b409ac67b6ab8995615e0c0b,TRACKED,.md,
docs/atlas_commercial_operations/PACOTES_75_76_77_78_ARQUITETURA.md,1096,08787b701c1fadbccf1d58b82712698e00813430bb1a4a1e3d36e1c82b8d6321,TRACKED,.md,
docs/atlas_connected_offline/CORRECAO_BACKUPS_FASE_44.md,260,0e91b07d4896f5cbff9df9352c3d860f9826082015b2948af8022e834d604a6d,TRACKED,.md,
docs/atlas_connected_offline/FASE_44_PACOTES_331_A_340.md,1158,ae4d3440ee12e57723eafa2442e84b482c17acc0e548570a28e9ffd653365745,TRACKED,.md,
docs/atlas_connected_offline/FASE_44_STATUS.json,1011,33bd99a60be5dca67a82d5adb246fd7f4f936d963bbc4b51929f94bf8e8b4a00,TRACKED,.json,
docs/atlas_connected_offline/TEST_RESULT_PHASE_44.json,385,28e72959b9b1d4088c602cf35234365bfc3394c7436c85a3ea19c74cff06ae4a,TRACKED,.json,
docs/atlas_enterprise_operations/PACOTES_79_80_81_82_83_ARQUITETURA.md,928,1e5f769219a9becb252496a87c154e94309aa42e927a8064dc001fc26e318b43,TRACKED,.md,
docs/atlas_environmental_ai/PACOTES_56_57_58_ARQUITETURA.md,559,975e81459ca32792debbcfde176c5b3331d0aa8beb72bc1e6db7487a6fc36e23,TRACKED,.md,
docs/atlas_executive_intelligence/PACOTES_89_90_91_92_93_ARQUITETURA.md,856,4b9433678cfea9043c2f6068dabd5664310ff563d532f8c0a9bc574f5ac38f1b,TRACKED,.md,
docs/atlas_executive_platform/FASE_35_PACOTES_241_A_250_ARQUITETURA.md,945,4a7318290e75902c0c345cede1eb78b1bf721aa81daf759b8203018400a44158,TRACKED,.md,
docs/atlas_finance_enterprise/FASE_27_PACOTES_161_A_170_ARQUITETURA.md,891,c60b7dce1d32c77ef5f6559a01ae0f833bde280ba0123bf494413f0b189f66c7,TRACKED,.md,
docs/atlas_financial_integrations/PACOTES_67_68_69_70_ARQUITETURA.md,945,08b526a01c9e241db6bc457603c9f4ca16db2c7c7a453bf53b85e472912af35a,TRACKED,.md,
docs/atlas_geospatial_platform/FASE_24_PACOTES_131_A_140_ARQUITETURA.md,771,b6b102e0018ff020076076ec75e655828202fb0a6bf4e080ad844e237cc1e4e8,TRACKED,.md,
docs/atlas_global/ATLAS_GLOBAL_API_CONTRACT.md,1227,9d2f65af60e6baeca7e960238c18ef2ee399200d14c9a6ff09f83e656cdc0004,TRACKED,.md,
docs/atlas_global/atlas_global_migration.sql,1351,10aa817d6e139c4ebb0208f874dbf3a574fabb2643870aebad733abdb2f72612,TRACKED,.sql,
docs/atlas_governance_operations/PACOTES_84_85_86_87_88_ARQUITETURA.md,923,30eb65299c812a1c24bf60264b4f754c57c6ae885862b6c7da728256c7946ac9,TRACKED,.md,
docs/atlas_governance_people_enterprise/FASE_33_PACOTES_221_A_230_ARQUITETURA.md,955,330d06f449a062981f5e6b7a90931a74f664304e9889bf729ec90c35ff9867f1,TRACKED,.md,
docs/atlas_intelligence_reports_experience/FASE_39_PACOTES_281_A_290_ARQUITETURA.md,1098,e983db30511f6f9c49cb09dec8eff7a363a93323397b76cab5b2f8574daab5c5,TRACKED,.md,
docs/atlas_iot_platform/FASE_23_COMPLETA_PACOTES_121_A_130.md,1555,a485cdd51d8f11bc0389c2d90659657e1f97e1051b210bba180be0e3133e8207,TRACKED,.md,
docs/atlas_iot_platform/FASE_23_PARTE_1_PACOTES_121_A_125.md,618,72c0dd85bdaae3053587ab507a618e0f98962ea4f94d1e157c2168e999ffbed9,TRACKED,.md,
docs/atlas_iot_platform/FASE_23_PARTE_2A_PACOTES_126_E_127.md,600,b17a60aff7f92c6e36f2fedbbe110809c59cc1e4ead09d79360c089ffa7a8094,TRACKED,.md,
docs/atlas_livestock_integration/FASE_38_PACOTES_271_A_280_ARQUITETURA.md,1040,30d87f95ae865b2cf802e267a3268c6dc24f390e39a70879500068d7a1fc6abd,TRACKED,.md,
docs/atlas_official_integrations/PACOTES_63_64_65_66_ARQUITETURA.md,871,a08366877092b75a8e697edb8ed27c8b0ad3a7f669428fe84cd5cf060adbd75c,TRACKED,.md,
docs/atlas_operations_enterprise/FASE_31_PACOTES_201_A_210_ARQUITETURA.md,903,eb5de23f4f24e049d3a69a5b1f7fb8f8786094a8fd14a6a6c16bc6bf0afb183b,TRACKED,.md,
docs/atlas_phase_45/FASE_45_PACOTES_341_A_350.md,942,88e838a8bd7dba04836570db69d2bc7adf24dc09a8d1866cac386e846363cb63,TRACKED,.md,
docs/atlas_phase_45/FASE_45_STATUS.json,974,2ab8d0f60da03a0d38feb6edce3bcc7b5c29a6364b92310939f425ac60ad6510,TRACKED,.json,
docs/atlas_phase_45/TEST_RESULT_PHASE_45.json,343,71758901300d997f3ead75a6d34ffe318d1430445b264097879eaf934c12df98,TRACKED,.json,
docs/atlas_phase_46/FASE_46_PACOTES_351_A_360.md,952,9c809d19c957a180e80c34c8a16405c929a93a41437d739e5739891552624353,TRACKED,.md,
docs/atlas_phase_46/FASE_46_STATUS.json,929,79dee234291c73437f930ddfaa7508ecfa5032ffd935044625fb1df1bb893660,TRACKED,.json,
docs/atlas_phase_46/TEST_RESULT_PHASE_46.json,343,c431f77d607352afff2e34db0059998e1b1f2987ef9c965c48d212910da3eca9,TRACKED,.json,
docs/atlas_phase_47/FASE_47_PACOTES_361_A_370.md,941,9dbc4597b47b25b72237012048190c2a37babbeaa2f4cd7d6d0cfc1609c33de5,TRACKED,.md,
docs/atlas_phase_47/FASE_47_STATUS.json,915,f32cdccdc2707ef3bd9879c644d2e4a5f1055bd6f22e8c2e6da4d407a0febbe4,TRACKED,.json,
docs/atlas_phase_47/TEST_RESULT_PHASE_47.json,433,8a594e1dfe35cc891e3ede11680245060a90cc2ad295e4bf98f98098fb6d1394,TRACKED,.json,
docs/atlas_phase_48/FASE_48_PACOTES_371_A_380.md,953,f3f24629c614214d31f6ec1462b28ec1b55db78917737ca1dc6a10d7a96de820,TRACKED,.md,
docs/atlas_phase_48/FASE_48_STATUS.json,923,eb82695acc9aeb9343055a33e4a9595ccd5d0ce4f4e5be52ce455f9513b85abc,TRACKED,.json,
docs/atlas_phase_48/TEST_RESULT_PHASE_48.json,275,a70c6c46e4a3eda18cd7a5e1e267ffc517a3c850a2dca9634bf305bd5a63b4d6,TRACKED,.json,
docs/atlas_phase_49/FASE_49_PACOTES_381_A_390.md,1103,3a5e078c0c07f1592f2425576d0c32b6c02ddc722218cb83b91804ba9903e8fa,TRACKED,.md,
docs/atlas_phase_49/FASE_49_STATUS.json,907,4d40ffcc90c1fd0620cd4ad0eb106a984640c17d43221bb1f0f0ba4b21f96dc1,TRACKED,.json,
docs/atlas_phase_49/TEST_RESULT_PHASE_49.json,370,8c70817c88a09fda2c38934de4b5406702250f15c09bbda5ad000af9cb3cf5f4,TRACKED,.json,
docs/atlas_phase_50/FASE_50_PACOTES_391_A_400.md,908,3c95a21a7cf463484342c1d458af4d18477a1c5d3071d374e21aad1f31047eb6,TRACKED,.md,
docs/atlas_phase_50/FASE_50_STATUS.json,904,71846ab91f67c42b1c81457efa0eeffdb475a3882a66784696f140eb15d9220c,TRACKED,.json,
docs/atlas_phase_50/TEST_RESULT_PHASE_50.json,390,a57ce8becc1e27a9d191b9fb84abc75c6525353bc50a25ddc3b632f0bf0c44ba,TRACKED,.json,
docs/atlas_phase_51/FASE_51_PACOTES_401_A_410.md,1018,0d410785bb0607c2b498ba45a23dab81097afdf446c22f63669807f6c665a959,TRACKED,.md,
docs/atlas_phase_51/FASE_51_STATUS.json,916,addbf1b9ce10eb638747f21772f346f2026cda45f37f684003c58aeff6600fb4,TRACKED,.json,
docs/atlas_phase_51/TEST_RESULT_PHASE_51.json,389,47b860463ec46da01b28644475d0bd08ddba9f61f6668884b4a3bc9b1bc57708,TRACKED,.json,
docs/atlas_phase_52/FASE_52_PACOTES_411_A_420.md,1011,b6299dc81849a00a9aca62fe90aaab2c17dc4cd912219a72824aea4bf8b44c2a,TRACKED,.md,
docs/atlas_phase_52/FASE_52_STATUS.json,948,fa5ab42de693cc4a985aa64e2e605364d71fcbcf931f2f7649ae352e3f322906,TRACKED,.json,
docs/atlas_phase_52/TEST_RESULT_PHASE_52.json,300,a87be7a06f84582bd46a1d11f9502e11f8733008c412bed9e9d92173634a8b62,TRACKED,.json,
docs/atlas_phase_53/FASE_53_PACOTES_421_A_430.md,422,96a9c3382d6fefa5186de73d65a6df958e440a84ce06d14f7660227dd48d61ac,TRACKED,.md,
docs/atlas_phase_54/FASE_54_PACOTES_431_A_440.md,922,380c1f918671c04c15f7ac2d225ce0238208209fad711ee258ff47435690f065,TRACKED,.md,
docs/atlas_phase_54/TEST_RESULT_PHASE_54.json,276,e9dbde49a60c736dcc7c47129b3a4e902af7d7f07d8b3387d40f9b49334aa410,TRACKED,.json,
docs/atlas_phase_55/FASE_55_PACOTES_441_A_450.md,876,07ffc1a85961c6a229557e9b88026756d78701fcf29159ec546b91f602a64a9e,TRACKED,.md,
docs/atlas_phase_55/TEST_RESULT_PHASE_55.json,290,8a4a977d1ec248fa5f5579e29ee4cc4f0e6b556cba281588915c98664eb62640,TRACKED,.json,
docs/atlas_phase_56/FASE_56_PACOTES_451_A_460.md,927,74f34ca5217092b91a90f8efa9c092a74662c3325d82828765a71180fe540550,TRACKED,.md,
docs/atlas_phase_56/TEST_RESULT_PHASE_56.json,291,4ca52c9c0817e92ed2ea3a623542a81b57a29a4754308b1b406f91558bc5acb4,TRACKED,.json,
docs/atlas_phase_57/FASE_57_PACOTES_461_A_470.md,852,6f329c18a011cdae04246808344604f47f0b047f77112acd81fb351a8ae8a0ca,TRACKED,.md,
docs/atlas_phase_57/TEST_RESULT_PHASE_57.json,262,91fe8f4409ae56940ebfd0624c0aad635d3ea6492ada1103835086c88eb34fe7,TRACKED,.json,
docs/atlas_platform_resilience/PACOTES_94_95_96_97_98_ARQUITETURA.md,909,7ff32d2272c56d4150871700dbb04826db28c5a2a3e0c80065a6426b0d02369a,TRACKED,.md,
docs/atlas_precision_livestock/FASE_26_PACOTES_151_A_160_ARQUITETURA.md,864,9e9581337445817474f01d539a9b38fd3978faa50de6eed30842ce54acf32e89,TRACKED,.md,
docs/atlas_predictive_ai_suite/PACOTES_53_54_55_ARQUITETURA.md,522,9e77ff89847b0b5b06ffff71c73c4a4c80ca4c7045f5e8d782fe2b387dcbb42c,TRACKED,.md,
docs/atlas_quality_release/FASE_40_PACOTES_291_A_300_ARQUITETURA.md,995,df6d5523b806bf114aead131852ceb2b19a478cae446ca9f6d01013ef5723c21,TRACKED,.md,
docs/atlas_reproductive_ai/PACOTE_52_ARQUITETURA.md,672,2cc72a9b4dedcdc4798aa8a25797a9dd81aee0c8d4f977b94f6e8ff8bf8cb1e7,TRACKED,.md,
docs/atlas_reproductive_premium/FASE_25_PACOTES_141_A_150_ARQUITETURA.md,842,8255f748673a843c3c9668bf7d32b9b6bf11038a747da54e315061bff167f6d2,TRACKED,.md,
docs/atlas_rural_business/PACOTES_71_72_73_74_ARQUITETURA.md,929,3f9d9f59356610bed180f4f84b367e8403e2c98b5840b0cc78d0fbc3ed9d8e4e,TRACKED,.md,
docs/atlas_saas_platform/FASE_21_PACOTES_101_A_110_ARQUITETURA.md,754,05e6e4219d361de0ed5edf73839e30f31d8aeab33b3a2861dc1c2d5dc383ace3,TRACKED,.md,
docs/atlas_supply_logistics_enterprise/FASE_32_PACOTES_211_A_220_ARQUITETURA.md,959,9743bb023699ea15fc6f797038c68f0230ecebc348d0dbcf2cd9197d3059317d,TRACKED,.md,
docs/atlas_sustainability_enterprise/FASE_29_PACOTES_181_A_190_ARQUITETURA.md,874,efab3885adf4b449dbfc5ea498adfb772cca547d0daa75e035248cffaa94e166,TRACKED,.md,
docs/atlas_veterinary_ai/PACOTE_51_ARQUITETURA.md,850,8b4fdcbfac9c369a4af5e9d8500258544254842d407f52cbbc662b51aff155d6,TRACKED,.md,
docs/commercial/IMPORTACAO_DADOS.md,219,62980f5f038f5835e60d3f86ac31856da245ef42605ebce6a161e7e560f40523,TRACKED,.md,
docs/commercial/ONBOARDING_CLIENTE.md,234,769e7c1c88bd98002c37c4cf13434e0b09995b4f88f4e27a85d680f1353c3af6,TRACKED,.md,
docs/commercial/ROTEIRO_DEMONSTRACAO.md,219,54cb7122b9a8b43188992957bb29b6a4848724b0799f1f3ecf5453f24ec8d81c,TRACKED,.md,
docs/enterprise/ANIMAL_OPERATIONS_API_CONTRACT.md,973,d04776ea8582906034d2a2e22042d4e5fea601a943fe73c96da41714ee27121e,TRACKED,.md,
docs/enterprise/ARQUITETURA_ENTERPRISE_FINAL.md,382,8c76712caa9e18140da8ac165a4c127ab6d158180a1a84aca3e110c27a228bdd,TRACKED,.md,
docs/enterprise/LGPD_PRIVACIDADE_CHECKLIST.md,314,46f6979d1c69e0daf6c15f83dccbb72a136a181dfd45c25cbf0307bda27bc09e,TRACKED,.md,
docs/enterprise/RELEASE_ENTERPRISE_CHECKLIST.md,273,2d8b0dd95ddb986c079d869857356377f4b8b13d7af3ed510db9064294a93292,TRACKED,.md,
docs/enterprise/RUNBOOK_INCIDENTES.md,282,bbc7882f90fce9e6f47ba68b62f0e0d01ced28f94b68d1407c9d4446dfc24084,TRACKED,.md,
docs/enterprise/animal_operations_migration.sql,899,9ec1602dbd69ed206a457e40a59b628b0905324f0237fc6067aa8fe57d331faa,TRACKED,.sql,
docs/integration/CICLOS_7_A_9_PLATAFORMAS.md,631,14a41ed3b0718456259e90412d5a39495e09bd6272dcaabf4d18c3d7006e1f02,TRACKED,.md,
docs/integration/CICLO_10_DADOS_ANALYTICS.md,174,7d552a687443b8fbf70b771e1dff79ac454bac519af40ff6cdb3c7b4be0d764d,TRACKED,.md,
docs/integration/CICLO_11_SEGURANCA_CONFORMIDADE.md,181,042cb52ee7aa6e3d15af09fc719c2be5eaadc85623ee7ca04a24aa247561ebcc,TRACKED,.md,
docs/integration/CICLO_12_QUALIDADE_FLUTTER.md,143,0e176862e257a5b021ef8310146853613c300a72398df84e9fdee2a09b85a6c8,TRACKED,.md,
docs/integration/CICLO_13_QUALIDADE_BACKEND.md,250,ecbb457437de59550a658372d48874cbb8d4909be979dbd815b13ff6af9aa948,TRACKED,.md,
docs/integration/CICLO_14_DESEMPENHO_OBSERVABILIDADE.md,276,163fff86853ef3c008c8b5744abe94d669d858f95acc249658cb4f0d62d215a7,TRACKED,.md,
docs/integration/CICLO_15_INFRAESTRUTURA.md,239,872140e637b3569a8d0596f424578005e8d22fae82e29a9ca8bd20decb89f9d6,TRACKED,.md,
docs/integration/CICLO_1_MATRIZ_TELAS_ENDPOINTS.md,68906,199744682b082fac4a12fc7adccde0cdf8b6911b3594215f85e8459a96b0bcb9,TRACKED,.md,
docs/integration/CICLO_2_REBANHO_INTEGRADO.md,1390,a9566cfed68b64bce911aac84199f283593c6ddae262cefc9e42f62216f6842b,TRACKED,.md,
docs/integration/CICLO_3_MODULOS_ZOOTECNICOS.md,1015,f5f6460beaa4dfdd18ebd6c6af3b989f565082300099ae87496116960240923c,TRACKED,.md,
docs/integration/CICLO_4_OFFLINE_SINCRONIZACAO.md,1039,e22846f92648a177f034ac43135bf3d5763c51d984c91f6eb0af185e334ad3a0,TRACKED,.md,
docs/integration/CICLO_5_OPERACAO_DE_CAMPO.md,236,8768b2420dd1774d8a9408df7558209e0061d966835157c9c361b0accd83d7c5,TRACKED,.md,
docs/integration/CICLO_6_INTELIGENCIA_ATLAS.md,243,ec67563d167222f76687d54cc6df76923fcc3826ccf29a41dc15fab3989563f2,TRACKED,.md,
docs/legal/PRIVACIDADE_RASCUNHO.md,411,4857c492464e96b7a34b45f61d34ad2c33f6eead2078af7d3a2803f0bc0af4a4,TRACKED,.md,
docs/legal/TERMOS_RASCUNHO.md,391,8a53429f7d4fb20fc8078f2663ac030721a13037b82fe8a8ca22885b58a85496,TRACKED,.md,
docs/pilot/PILOT_RUNBOOK.md,529,12695d24a99c440253d86ea4df0286995e87663586b77ce53249fbc649689c6c,TRACKED,.md,
docs/pilot/PILOT_SCORECARD.md,255,3f1fdaadbc1fccde018894155ced896cd7a883aad525a6f4f53180be98e0128e,TRACKED,.md,
docs/publication/ANDROID_RELEASE.md,341,69185ec5087fb5d9ef4f63ec6d33223d5fe702c94ec44e284bddbdf34902873c,TRACKED,.md,
docs/publication/IOS_RELEASE.md,304,c8ef571ffd76fee4562da46bfffe626e2069486da8fda83fef1ece20869e1c59,TRACKED,.md,
docs/publication/PRIVACIDADE_TERMOS_SUPORTE.md,288,4d8914a520c5e084caeb478f461b8888363aea344f3067c4c796e6ce6b158ade,TRACKED,.md,
docs/publication/WEB_RELEASE.md,261,51f410030aa4c15db4632887077ee234e68b6e463e70a286137cfc5b07229596,TRACKED,.md,
docs/release/RELEASE_RUNBOOK.md,322,e2c337e3efa9db713e91d68157e53d2ac72812866db12d1750547fe2704d1c49,TRACKED,.md,
docs/release/ROLLBACK_RUNBOOK.md,203,4504cc318c44a6ca6c33c787b610699df3516236908d82e7bab24bf395851a60,TRACKED,.md,
docs/strategy/ARCHITECTURE_MODULAR_TARGET.md,264,5151f8b941f55b0b9f7cd2362583cf500f57c5319bcf4cdec13063b6a8044fd1,TRACKED,.md,
docs/strategy/ATLAS_3_ROADMAP_5_ANOS.md,583,9c6d915a3d34ddc4ae10d9abec86786b7426b2612138fdd12ed50446fe78a788,TRACKED,.md,
docs/strategy/MULTITENANT_SCALE_PLAN.md,278,e7a3347ac3aa2d59682000988861115c4580ba616856f027d7b1b160ba8d4138,TRACKED,.md,
docs/training/TREINAMENTO_INICIAL.md,198,baec5f8b8161c4fc941509c2a65444cf405abe312d91c1792b19213f4b60c39c,TRACKED,.md,
docs/v1/ATLAS_V1_PASSOS_11_A_20.md,2343,5775b4a35208be5bb690c443e4933f20fc0cdeae8dfc05df02820493d212a985,TRACKED,.md,
edge/camera_gateway/.env.example,444,0a409c935764e438b30a7501737b30308be1e9d8ddfba29ca90c1390113e4dac,TRACKED,.example,
edge/camera_gateway/Dockerfile,281,9a551218b303f4ae5631c1443788d5ab1b92383a59654efe8ff422a8661a94b2,TRACKED,,
edge/camera_gateway/README.md,3004,b2dc2439ed5afb7ba7e43077895bdcc3e075fc179a0723ca751af80eb13872e3,TRACKED,.md,
edge/camera_gateway/atlas_camera_gateway/__init__.py,22,91447944015cec709e8aa7655f7e9d64e1e4508e7023a57fe3746911c0fc6fed,TRACKED,.py,
edge/camera_gateway/atlas_camera_gateway/adapter.py,882,6b8bef6e2c827288ba40fc0c9341e319b1e80939761cd312f06099cd80847f18,TRACKED,.py,
edge/camera_gateway/atlas_camera_gateway/cli.py,5180,08beb09400337129765f8d5669c7f74897222e1414212d2d2d894d03efbc4c51,TRACKED,.py,
edge/camera_gateway/atlas_camera_gateway/config.py,1865,331aba9a2a77ee5765005c2df9bf272b685e49540745c23175ee2669f8a92a2e,TRACKED,.py,
edge/camera_gateway/atlas_camera_gateway/event.py,2594,e4acf01e381cf84008522bbf38a991e062096e2c89eb331796bd374bee3b5316,TRACKED,.py,
edge/camera_gateway/atlas_camera_gateway/folder_adapter.py,3199,f006167769648f37409e0a3dfb378ddf5bf14e91908554266d9268adc7d45429,TRACKED,.py,
edge/camera_gateway/atlas_camera_gateway/hardware_profile.py,6662,fe3185c3f7060e85fd524652232a6a54038127d06c9233badfdaf3269811dce7,TRACKED,.py,
edge/camera_gateway/atlas_camera_gateway/spool.py,2827,54bcd9202c1b2820389da8d33698859b25c2e8360064762108447e3364dec43a,TRACKED,.py,
edge/camera_gateway/atlas_camera_gateway/transport.py,2740,15b5a540536bca953d897afd62ecbf3a2f11aea1a0fa4812030d4ce8d8bc6f22,TRACKED,.py,
edge/camera_gateway/atlas_camera_gateway/worker.py,1957,b05c60496955b71ad3347344f0e44839407c0a51e5991792eff2b7a7cb35f5ae,TRACKED,.py,
edge/camera_gateway/docker-compose.yml,180,de3e03b903f72eaf421abc84e67b17d06b6622f1f9e6809341015f9ad8b7793c,TRACKED,.yml,
edge/camera_gateway/examples/person.event.json,169,292580a0e9647fe04e17807db6a852bc642af7ff770074fbc8d4d87027f85abf,TRACKED,.json,
edge/camera_gateway/examples/vendor_adapter_example.py,633,20d316c247a4d33eaf3aff48f83ab81b35243c70cd46d6ca701fe7a200dbf65c,TRACKED,.py,
edge/camera_gateway/pyproject.toml,327,f0c1c60625d189d317371253607f02d537b7dcc71e57fc95674c550ef886295e,TRACKED,.toml,
edge/camera_gateway/scripts/selftest.py,2678,d78de902e2b83ae45f8bf694c7e84b0387417eb6f10b1f7dded013e1a5f2379f,TRACKED,.py,
edge/camera_gateway/tests/test_event_and_spool.py,1636,b6810a3e2f43e6be06691311ec660c52a7380d58d93d82588ee847cd476db68d,TRACKED,.py,
edge/camera_gateway/tests/test_folder_adapter.py,1764,ea5c6826e1af0ca7c10a1a9c5dad131dfb08c94dd83ba11677a759b7d2098e72,TRACKED,.py,
edge/camera_gateway/tests/test_hardware_profile.py,1717,093683699b8cc0db61dbe48a80d1788905d6fda5118fe95f41b6f16007d85e97,TRACKED,.py,
infrastructure/DEPLOYMENT_CHECKLIST.md,424,19340922512acc119c4e3aacecb0cee41e9d43a0bb855b2c2b8b50de473a904c,TRACKED,.md,
infrastructure/nginx/atlas-enterprise.conf,276,e71fbff5ca21471a07e4dca1e21994937f4713e8d2b3687362ae980ecd3380ca,TRACKED,.conf,
infrastructure/object-storage/README.md,208,5a65e36839d8e65687ba864570b18459a95d592f90b57d469e666c4ad7e4e883,TRACKED,.md,
infrastructure/observability/grafana/provisioning/dashboards/dashboard.yml,127,319c7260c323356c438a40c45940285b99f2d36580ffc140ed3bbe1c6359a45a,TRACKED,.yml,
infrastructure/observability/grafana/provisioning/datasources/datasource.yml,139,f50c135b9d5102b3d286683340fc6a6a1bb8f6c5215ef3a6e541ac0f02848ecf,TRACKED,.yml,
infrastructure/observability/prometheus/prometheus.yml,148,61251570c9cfac302ab9531244c375c0b64eb37e5510dc9628b9f15b95aa16f2,TRACKED,.yml,
infrastructure/production.env.example,434,245e0712a1131dae5d565173d09b38c9c9d36ae3ec1813b2085e4c6b976342ac,TRACKED,.example,
infrastructure/staging.env,478,67ab34011371258a92b6f0be30c06d7e785764f9f0bc79372fb790d00db401c0,TRACKED,.env,
infrastructure/staging.env.example,478,67ab34011371258a92b6f0be30c06d7e785764f9f0bc79372fb790d00db401c0,TRACKED,.example,
ios/.gitignore,603,e85b4db8ba6ed14708e5f7d3c60336e5a3067ce11329b84aa8ba5d98603ee253,TRACKED,,
ios/Flutter/AppFrameworkInfo.plist,800,88e403d33087654522431733ad261741f836f92c94a50ee792820b4f1ed89716,TRACKED,.plist,
ios/Flutter/Debug.xcconfig,31,c0d1da54718e75f2028962b689258ecc741abf7cdaed50483aa5225264d0a7d7,TRACKED,.xcconfig,
ios/Flutter/Generated.xcconfig,618,fe32d44ce6e81eb28d5fa31db81137302954883520475e98604ace900ddbbc6b,PHYSICAL_OR_IGNORED,.xcconfig,
ios/Flutter/Release.xcconfig,31,c0d1da54718e75f2028962b689258ecc741abf7cdaed50483aa5225264d0a7d7,TRACKED,.xcconfig,
ios/Flutter/ephemeral/flutter_lldb_helper.py,1276,05cfe3977fdee593efad2049a4f62d374e55c69cedc8aabeee5566b37acb8384,PHYSICAL_OR_IGNORED,.py,
ios/Flutter/ephemeral/flutter_lldbinit,108,eaec5f5268e3a5024d9703046f4097701107d574d0de7a2d8d81f0bf4644a333,PHYSICAL_OR_IGNORED,,
ios/Flutter/ephemeral/flutter_native_integration.env,468,08f2c7f717fbae5aa2ceca5f2c54d90a94a17463e8b3a716619c347eebe34506,PHYSICAL_OR_IGNORED,.env,
ios/Flutter/flutter_export_environment.sh,657,e5008be87e35dfdc2befe096c5b7d07c5fecc63b07ee3fc3777e6335cc344aea,PHYSICAL_OR_IGNORED,.sh,
ios/Runner.xcodeproj/project.pbxproj,24294,68c8343a236eb7a95c8fff7e7ea8ad3eca4aa8f931019e16de56a4cdf1482e0f,TRACKED,.pbxproj,
ios/Runner.xcodeproj/project.xcworkspace/contents.xcworkspacedata,142,ac28b35c2b940210bec0fff8e424b07fd0efe9112ab178a10533583f251a386c,TRACKED,.xcworkspacedata,
ios/Runner.xcodeproj/project.xcworkspace/xcshareddata/IDEWorkspaceChecks.plist,246,d557c2c32fc6258ec28981fa45dc847b76c9968beb90a2e26d13ef9c4ea45c30,TRACKED,.plist,
ios/Runner.xcodeproj/project.xcworkspace/xcshareddata/WorkspaceSettings.xcsettings,234,dd64c0308ab2971c456871b990b24a008bdc3ece09833e8dbe9675e33a496e74,TRACKED,.xcsettings,
ios/Runner.xcodeproj/xcshareddata/xcschemes/Runner.xcscheme,3934,570c49fd61c67330efb75097018d1b0df0c68d03667631105a5acf5621112b1b,TRACKED,.xcscheme,
ios/Runner.xcworkspace/contents.xcworkspacedata,159,706a4c812f2a1e220e6785c27580020d58048e2ae4d30d1280f3c43344ce6b38,TRACKED,.xcworkspacedata,
ios/Runner.xcworkspace/xcshareddata/IDEWorkspaceChecks.plist,246,d557c2c32fc6258ec28981fa45dc847b76c9968beb90a2e26d13ef9c4ea45c30,TRACKED,.plist,
ios/Runner.xcworkspace/xcshareddata/WorkspaceSettings.xcsettings,234,dd64c0308ab2971c456871b990b24a008bdc3ece09833e8dbe9675e33a496e74,TRACKED,.xcsettings,
ios/Runner/AppDelegate.swift,404,13e99dab5435148efc15d9177ba505da3d24859a6ba663767510622fdf7a97fa,TRACKED,.swift,
ios/Runner/Assets.xcassets/AppIcon.appiconset/Contents.json,2641,5f8b941b774bde4496d73347c1f79cbdd786bb76fbdab9ed1f3f0cb78a0fb0d3,TRACKED,.json,
ios/Runner/Assets.xcassets/AppIcon.appiconset/Icon-App-1024x1024@1x.png,10932,7770183009e914112de7d8ef1d235a6a30c5834424858e0d2f8253f6b8d31926,TRACKED,.png,
ios/Runner/Assets.xcassets/AppIcon.appiconset/Icon-App-20x20@1x.png,295,cab10a0d391ec5bc09ef50ce49e8ad401cee7ef03707ec0923a222c5c2b3d212,TRACKED,.png,
ios/Runner/Assets.xcassets/AppIcon.appiconset/Icon-App-20x20@2x.png,406,b9ad02cf6576a04d1b6806ac02a2431481b448dd0c2e505ce25842d1f7c4730b,TRACKED,.png,
ios/Runner/Assets.xcassets/AppIcon.appiconset/Icon-App-20x20@3x.png,450,c6e6d3b215ae744a9c391f4c4d44157eff5e739d6ad6c39f9bfa5df66dddd267,TRACKED,.png,
ios/Runner/Assets.xcassets/AppIcon.appiconset/Icon-App-29x29@1x.png,282,5dee24dc104ac76dc162e42ae0beb163d426bf365562ee28ba7b3ad368559a60,TRACKED,.png,
ios/Runner/Assets.xcassets/AppIcon.appiconset/Icon-App-29x29@2x.png,462,a9b21eb6f4271385655a8771f76e29eef8c1107d7879cbcfc567e6619d1f716a,TRACKED,.png,
ios/Runner/Assets.xcassets/AppIcon.appiconset/Icon-App-29x29@3x.png,704,e677d701ffe4af7bc2935098d6b3984cc9ab7ace573e6900955a5535b12410cf,TRACKED,.png,
ios/Runner/Assets.xcassets/AppIcon.appiconset/Icon-App-40x40@1x.png,406,b9ad02cf6576a04d1b6806ac02a2431481b448dd0c2e505ce25842d1f7c4730b,TRACKED,.png,
ios/Runner/Assets.xcassets/AppIcon.appiconset/Icon-App-40x40@2x.png,586,7c61c42fc7b657d9cf314d32a4ec458f0647c3aaf360be1b9377857266ec2499,TRACKED,.png,
ios/Runner/Assets.xcassets/AppIcon.appiconset/Icon-App-40x40@3x.png,862,19be171481dc71a0b2803ebcd01dd8b0c5fd5778dee34c0a3cabc948c225f24e,TRACKED,.png,
ios/Runner/Assets.xcassets/AppIcon.appiconset/Icon-App-60x60@2x.png,862,19be171481dc71a0b2803ebcd01dd8b0c5fd5778dee34c0a3cabc948c225f24e,TRACKED,.png,
ios/Runner/Assets.xcassets/AppIcon.appiconset/Icon-App-60x60@3x.png,1674,4209a49e44a92ec40a327d3455eb1b1c153ee83d75de1c2be0a12ab18b2ff9de,TRACKED,.png,
ios/Runner/Assets.xcassets/AppIcon.appiconset/Icon-App-76x76@1x.png,762,836c918cb613249eba0483a6b02fa3df3c1c0a89a315ee4d3b88509b83c7ab73,TRACKED,.png,
ios/Runner/Assets.xcassets/AppIcon.appiconset/Icon-App-76x76@2x.png,1226,41c7d42f6e61f8fe7f30b1ffa2256aecbc9682be06d18c4a3062043e1a2e547c,TRACKED,.png,
ios/Runner/Assets.xcassets/AppIcon.appiconset/Icon-App-83.5x83.5@2x.png,1418,5d7e5bdf01b93802bc973345b3a78c038907147625035952a08a115a563b7f81,TRACKED,.png,
ios/Runner/Assets.xcassets/LaunchImage.imageset/Contents.json,414,fbd112a9f3b541a1d811f71ac8e4fe68b6176687d973a5f4d99b7aa4a722e94e,TRACKED,.json,
ios/Runner/Assets.xcassets/LaunchImage.imageset/LaunchImage.png,68,93ae7d494fad0fb30cbf3ae746a39c4bc7a0f8bbf87fbb587a3f3c01f3c5ce20,TRACKED,.png,
ios/Runner/Assets.xcassets/LaunchImage.imageset/LaunchImage@2x.png,68,93ae7d494fad0fb30cbf3ae746a39c4bc7a0f8bbf87fbb587a3f3c01f3c5ce20,TRACKED,.png,
ios/Runner/Assets.xcassets/LaunchImage.imageset/LaunchImage@3x.png,68,93ae7d494fad0fb30cbf3ae746a39c4bc7a0f8bbf87fbb587a3f3c01f3c5ce20,TRACKED,.png,
ios/Runner/Assets.xcassets/LaunchImage.imageset/README.md,340,853ac958e2416fe2540f6f61165283a3618b71a7ba5f85f65ac41c2158dfcd21,TRACKED,.md,
ios/Runner/Base.lproj/LaunchScreen.storyboard,2414,bc3644fbb251ff1e18de25a4932c927850ae1a025be3dd1447940429633fe4b2,TRACKED,.storyboard,
ios/Runner/Base.lproj/Main.storyboard,1631,dcea4686c02065e56217fd19fcfb73d7509b41872e7486126149d47a18559363,TRACKED,.storyboard,
ios/Runner/GeneratedPluginRegistrant.h,378,a5f88cc6415d2e639d2cb549348b84e02a7fdd0261603b0063abef6fa11f075a,PHYSICAL_OR_IGNORED,.h,
ios/Runner/GeneratedPluginRegistrant.m,2274,a90bdd45bc7dcffcff54833c35833f5f7828385fead49f7e39faa718b57dacb8,PHYSICAL_OR_IGNORED,.m,
ios/Runner/Info.plist,1954,8f7016b660ed43297879e0d9cf6116b00ab186387c3a1766cc9a7646d8e45be8,TRACKED,.plist,
ios/Runner/Runner-Bridging-Header.h,39,efe657d8b27f7f8595a0d416bffb33fe7d93bd2869d81f7353b556c439d7a1a7,TRACKED,.h,
ios/RunnerTests/RunnerTests.swift,297,c0e04141287eb7f9c9f3d31cf5be8cb626a9ea71351206c9121578e8b8f480c3,TRACKED,.swift,
lib/LEIA-ME_ARQUITETURA_VIVA.txt,1441,5f9aa16b3b30972d054ef6666e651402dd4045ff63cfe1e1e246898ff0eb1c0b,TRACKED,.txt,
lib/app.dart,1384,32015892920d5acff6cae921e7dcd391d257b4d8e935c2fceb30ff1c4ad1ecae,TRACKED,.dart,
lib/core/auth/atlas_active_context.dart,1703,86927625f9e3e7069e06576a0d6f26b7a4f9e3decd07fae5eefddbf50641bafb,TRACKED,.dart,
lib/core/auth/atlas_auth_models.dart,574,e5d77a2290ab4b2e5de5ecf81673f5768efcb61b4f0ae3b3c206b2c78c7967e3,TRACKED,.dart,
lib/core/branding/atlas_branding.dart,924,af88c2c4906fbc02676a1cf2c1773e0d756f9bc44fc4637a01741bb32c722713,TRACKED,.dart,
lib/core/branding/atlas_livestock_icons.dart,379,b1b3652b960df15503c604e1dbebf457112ce459c4d2934290978a05fac41c94,TRACKED,.dart,
lib/core/contracts/README.md,1603,056abf14e78f41be0ca332e1f1c625bdc42ab4efa3e6c4b655c4d0366e928f8b,TRACKED,.md,
lib/core/contracts/atlas_action_contract.dart,1849,97c47b4acf409785427a06f64ccd424880523c81e48504ccb46f545c78238ad5,TRACKED,.dart,
lib/core/contracts/atlas_alert_contract.dart,1099,e4f76c24eb0cc9fc32a5fe1def2bd24c417ffc9c2e8fd40a7bed8d877b360e38,TRACKED,.dart,
lib/core/contracts/atlas_canonical_types.dart,1521,9aedeaa58c3ebc222a197bed648eaa701f3d6719a1190562b345ae80fa20f9d3,TRACKED,.dart,
lib/core/contracts/atlas_decision_contract.dart,2830,20f5b3fe79de8566c0b06cb6004c0367f9537644d5a4d890156095c5512cee6a,TRACKED,.dart,
lib/core/contracts/atlas_intelligence_contracts.dart,233,87742a63714260eba8abf20d09e013b175cc7dd9f64312009b6be7b85f884643,TRACKED,.dart,
lib/core/contracts/atlas_recommendation_contract.dart,1259,ebbd5d3e36a2dc33f0cce61b616855ceb574418c8daa1c021751da7a1d54c4f0,TRACKED,.dart,
lib/core/contracts/atlas_scenario_contract.dart,1202,105bc78fe8be1ef8b93d00c06aa1f806060b845a25ac65cceb62dcaa543c068c,TRACKED,.dart,
lib/core/database/atlas_database.dart,595,58e0e1e782f278f0c2d7e532fc4a68a1e198759ab251177ce0fbb182a5c9c755,TRACKED,.dart,
lib/core/database/atlas_local_database.dart,4214,000917a18cec255ec8fb6c64dc94dc2b6b73aeafc04378b7c4755974d2701e39,TRACKED,.dart,
lib/core/errors/atlas_error_reporter.dart,579,e407f197902b1d464e5c2c803a6f112f055e3ff375a9e76490491160a5e56504,TRACKED,.dart,
lib/core/event_center/atlas_event_analytics_data.dart,2938,295c477ff9cbe72eecebfd5f7699eb0e50607a385af5c6f697afbea19b9bf832,TRACKED,.dart,
lib/core/event_center/atlas_event_analytics_screen.dart,15913,2f2de8fb71bf69458af2433e3ae69a303921cd6d5d9f9a165e79913334009da0,TRACKED,.dart,
lib/core/event_center/atlas_event_analytics_service.dart,9387,a5659b781c08ac7531f0255f55b09636bbaa2f43fbfe7d75666eef83e95b2659,TRACKED,.dart,
lib/core/event_center/atlas_event_center_screen.dart,21170,b0496d97e5f0313820d2a8b4efe64932abc43a4d73825722533edaf7f7fc290c,TRACKED,.dart,
lib/core/event_center/atlas_event_detail_screen.dart,8556,74d213597125f239b86009426f4426630c723ae8ae704e2fe9950d0b30efcc62,TRACKED,.dart,
lib/core/event_center/atlas_event_log_entry.dart,3446,2384f6b6f3d041e8bf12e11bce8682fa44c8e8f2228723bc49681cb00d9c35cd,TRACKED,.dart,
lib/core/event_center/atlas_event_log_filter.dart,1735,cb294f2c2a80a04973f1433d3bfe32e8f145d159dc9ff8847fedc087f436c837,TRACKED,.dart,
lib/core/event_center/atlas_event_log_service.dart,3791,d69c60cbc0f3dc5033c674ad7fc7c16f163976b4bbe9e22012602e5c2e997ac4,TRACKED,.dart,
lib/core/events/atlas_event.dart,8165,22fdf84b6bd6e1588388b51c966e14016225ade717fa5aceef76748d0d0fddd9,TRACKED,.dart,
lib/core/events/atlas_event_bus.dart,4822,1e40a223d119ef0fa62d3a6b02270c0eda8e5243e5266123340dbef98d807fa7,TRACKED,.dart,
lib/core/events/atlas_event_factory.dart,5485,239721f3597daf913838ef7c1986db0ef28121776d8573d57d1bfca827625630,TRACKED,.dart,
lib/core/events/atlas_event_filter.dart,1429,ecef8e305f9debc1850d5a3a048ab388882da901f50ce1a4213a3a1b46ef7a60,TRACKED,.dart,
lib/core/events/atlas_event_observer.dart,1039,35300c58c2e4ba94f6893b47c03b923b52629a6715f7d9d3a2fb82dab39b6421,TRACKED,.dart,
lib/core/events/atlas_event_subscription.dart,543,5154d92974205c2424affbca0e0baa7933e9c199b37c36e3f66ca8c46b21cca7,TRACKED,.dart,
lib/core/foundation/atlas_foundation_center_screen.dart,5946,29816fe7d823a28f93eab0c02ea91ff97dde1d9b5f0bde153f3d99bf60512aaf,TRACKED,.dart,
lib/core/foundation/atlas_foundation_models.dart,1780,ac100c5fc04682d7c485190b2d237298f568a651ede9904ebcd3d5f8946a97db,TRACKED,.dart,
lib/core/foundation/atlas_foundation_repository.dart,3712,ea78d0226bd4be201b5ac9277d1037efd694a5f5724369dcc045a6b7fa7070fd,TRACKED,.dart,
lib/core/integration/atlas_integration_core.dart,2692,757e1b4aefba6aec205599ba13e33f3c4556d6dc50981387680f448666916453,TRACKED,.dart,
lib/core/integration/atlas_integration_core_screen.dart,7785,f5eaa479bc5b12b714a527b1280a31fc73cf9aea4bf73a4242a205cc9e3e79a2,TRACKED,.dart,
lib/core/integration/atlas_integration_event.dart,643,5f85b3314b06490fcbc8693fd22829f9cb53113c51c8d4f8d272d9a259817f57,TRACKED,.dart,
lib/core/integration/atlas_integration_module.dart,980,b9904864c1ccdddc43556a85972fb63b53c75a9d2c59f7d2f6a6d1e1305f1924,TRACKED,.dart,
lib/core/integration/atlas_module_registry.dart,3238,4183071aeee56b573ce7421e5ae4038c604d1ebb3cda288944ce7625d6287167,TRACKED,.dart,
lib/core/navigation/atlas_home_shell.dart,28180,c387512cd32ef5ad528ba56f3af2d61cb6197a645942072b7cf965e6914a8efd,TRACKED,.dart,
lib/core/navigation/atlas_product_surface_policy.dart,6332,02f2d10f7ad7bea801f38368e65b6b306710f1af2e09dfe1ce0946f023a65dae,TRACKED,.dart,
lib/core/navigation/atlas_route_definition.dart,2017,6c07127a6a3883d07355415de2c32b7d036b86c1cf67370c4d5669cc6514c2f2,TRACKED,.dart,
lib/core/network/atlas_android_endpoint.dart,1039,e04369671e421bed2a7afd9f6215a430fc142aab622446f5f4db430d1980217b,TRACKED,.dart,
lib/core/network/atlas_environment.dart,4638,6a23af06542125dee7cfe9405f1276a19be30070582ea53730829afcc9c02906,TRACKED,.dart,
lib/core/network/atlas_http_client.dart,16970,8539ac109189180bb161aa617a0fed120366bcc8fb2bc1754ded6198c6f926b9,TRACKED,.dart,
lib/core/offline/controllers/atlas_offline_controller.dart,4087,e1c895750be4b4f7ff3878b584c86047a673b3f6fdb30325da2f79f7837a14f3,TRACKED,.dart,
lib/core/offline/database/atlas_offline_database.dart,4976,1678644de71a61d4057b0a3914dd77084f20a90dcb125c93c5351492f8bea8dc,TRACKED,.dart,
lib/core/offline/models/offline_operation.dart,3161,49db7e8c3a91555fa8920968a5cacfe2065713a63a5ffab0335f6db8ac063c27,TRACKED,.dart,
lib/core/offline/models/offline_sync_models.dart,4161,20c0cbb5faf484fcddd628a33e7fd0f8cacc358e2ee8db064a40a653d8318386,TRACKED,.dart,
lib/core/offline/presentation/atlas_offline_center_screen.dart,9230,32567cfbd941b99e81de18b9f2aed27555442f36f8f0b2ab07335c4954235bc3,TRACKED,.dart,
lib/core/offline/services/offline_mutation_service.dart,1467,57c0fb0b1bbcd217e98f95145a932534fd7effe7cda20a592c557a62c7f2abb3,TRACKED,.dart,
lib/core/offline/services/offline_repository.dart,11078,dccbb36cf4b0195f812facf4385c4ef8e141fd3fa0986927df8ec1a7bbb21a23,TRACKED,.dart,
lib/core/offline/services/offline_sync_coordinator.dart,7245,3690c22c74c563a21474a8306ffe99443cdfeeaab67502870ea4162cea652037,TRACKED,.dart,
lib/core/operational_intelligence/action_plan/atlas_action_attention.dart,1659,6ee1e1c87d8c32e3e637e1a70bae654297060cdef48213936aac76ccbd346386,TRACKED,.dart,
lib/core/operational_intelligence/action_plan/atlas_action_attention_controller.dart,2346,96a158bf012456657e1051055be7c03f4ba68c99335d142c64f0ec52b2ac6591,TRACKED,.dart,
lib/core/operational_intelligence/action_plan/atlas_action_attention_preferences.dart,1553,aa67e0922270dd1021f70b263baf3a7b2b573a843ce6cef0e27319d85e43935e,TRACKED,.dart,
lib/core/operational_intelligence/action_plan/atlas_action_attention_screen.dart,7423,64f5c6f1a624136f3c723d20907c84e13b607177a0bc62a742e4f723825f4620,TRACKED,.dart,
lib/core/operational_intelligence/action_plan/atlas_action_attention_service.dart,4687,97b3b2e54b6fcc196d423f21eeb21cb4e33f3d5a76543fbf01ff0f3633ca7023,TRACKED,.dart,
lib/core/operational_intelligence/action_plan/atlas_action_outcome.dart,4380,24419493e7687cccfe9857b0332d2603e1933b9f0886f1a684c014b13fb58438,TRACKED,.dart,
lib/core/operational_intelligence/action_plan/atlas_action_outcome_service.dart,5014,3d0f6b5ba24ac51a4f7453d3be704e58cbbdce085d7f268d49d2f5f8da013ef0,TRACKED,.dart,
lib/core/operational_intelligence/action_plan/atlas_agriculture_models.dart,9930,78eb3ccec8f8d53b79f02f450ebc01ee123bf0b8d0fb03d690aa9b98c19ac518,TRACKED,.dart,
lib/core/operational_intelligence/action_plan/atlas_agriculture_screen.dart,34930,05cd00eb434bdfb35d6f05e7f0782c28c4fa22de3547ed9421e48b50013dfcd7,TRACKED,.dart,
lib/core/operational_intelligence/action_plan/atlas_agriculture_service.dart,7966,c846d3182cf20b2c0650c1515d58d771fc3d55a5260d8629998d4daec0c231ed,TRACKED,.dart,
lib/core/operational_intelligence/action_plan/atlas_area_performance.dart,824,52e29ff29bed7f146d73a458eee250e0a40f9b869a799c71777cf59bd3a72e09,TRACKED,.dart,
lib/core/operational_intelligence/action_plan/atlas_asset_maintenance_models.dart,15010,050c7b59ced604952817591079f24e3a3f78a47571e834be439ee415b62afee7,TRACKED,.dart,
lib/core/operational_intelligence/action_plan/atlas_asset_maintenance_screen.dart,53523,18db31fa28fc80e91456ae02eedf22581165d8afdb3f3c50bd5037a882435389,TRACKED,.dart,
lib/core/operational_intelligence/action_plan/atlas_asset_maintenance_service.dart,10198,014d73a89adca764bdf65f617f129bcc05afff463905a55661b274c18aec1215,TRACKED,.dart,
lib/core/operational_intelligence/action_plan/atlas_climate_models.dart,5449,44febc5155735da28a1fb99ce7e27db3613b0daa3d94b611180fde0c380715a5,TRACKED,.dart,
lib/core/operational_intelligence/action_plan/atlas_climate_screen.dart,20752,e937fdd7550ade53a80f7f95473532b518fc38f5769b6757cf140158cedf458d,TRACKED,.dart,
lib/core/operational_intelligence/action_plan/atlas_climate_service.dart,7233,e997cba204d4d9ca14babefe868e4ae01bd933925cb4aea65f68b94a56a26bb6,TRACKED,.dart,
lib/core/operational_intelligence/action_plan/atlas_command_center_action.dart,6565,0f7d38229a590b30262c43496036a6aa5ddc2ef2eb2c882f443f78bb4956acd6,TRACKED,.dart,
lib/core/operational_intelligence/action_plan/atlas_command_center_action_analytics.dart,1243,624534eceae89f6f401bfbccb11d73831b1aea5afd467106787a2da1a8a6dbfc,TRACKED,.dart,
lib/core/operational_intelligence/action_plan/atlas_command_center_action_analytics_service.dart,3504,3c8621c72aa088e0bb3fdbce1038733fdcd089f57f050e8df344f62bbfa1641e,TRACKED,.dart,
lib/core/operational_intelligence/action_plan/atlas_command_center_action_controller.dart,6482,1b5198849b9a23e605594f8579ca0fea15a30afc1635f7182e0043a5d7ef5dc1,TRACKED,.dart,
lib/core/operational_intelligence/action_plan/atlas_command_center_action_filters.dart,1883,8cdc88f85e016a8604ae4112df747e9b968f08c8d73291cd027a5bfacfd076fa,TRACKED,.dart,
lib/core/operational_intelligence/action_plan/atlas_command_center_action_plan.dart,5578,76720ea05fc00184dda2a0f4e12e874fecdf4be827ec98b579dc240308f64c0a,TRACKED,.dart,
lib/core/operational_intelligence/action_plan/atlas_command_center_action_plan_screen.dart,44476,9931be5ad225a95febc11ca2d2fded26f9fe9bb60ae0d5b535ff126de1467f75,TRACKED,.dart,
lib/core/operational_intelligence/action_plan/atlas_command_center_action_service.dart,11439,42ab300094ec2ab840276a0670fde549eb629fa092d4bc99f3e60dba88cc3af0,TRACKED,.dart,
lib/core/operational_intelligence/action_plan/atlas_command_center_action_update.dart,1356,7cd91f88d648bef9ee87abcfc6accd3d56294e1acd399e3c4ba4d44c4f397cfa,TRACKED,.dart,
lib/core/operational_intelligence/action_plan/atlas_command_center_action_update_service.dart,4296,3365c62f9727ad63c444f472b54ce4a1da079c93aa86ee5f320da7b68e11f754,TRACKED,.dart,
lib/core/operational_intelligence/action_plan/atlas_commercial_models.dart,7027,213a1c808de2a221a1f13a957f4ef35148c721abeceaca5cd7ab9a1e490d0d8a,TRACKED,.dart,
lib/core/operational_intelligence/action_plan/atlas_commercial_screen.dart,29792,84de6d6763bca507b0334c73e266b0bd7e9032b66e7f2aec65377d210ce72815,TRACKED,.dart,
lib/core/operational_intelligence/action_plan/atlas_commercial_service.dart,6912,547ef88081e322c2269ac9c476caed9d927f0313f6f23911fe154f0ade0dae40,TRACKED,.dart,
lib/core/operational_intelligence/action_plan/atlas_decision_action_auto_sync_service.dart,1581,32380ba69be74b392b881f2295170c00685de6781c56c7af81a37401ce437cf2,TRACKED,.dart,
lib/core/operational_intelligence/action_plan/atlas_economic_intelligence_models.dart,8432,4d93a31884d25fc31fe3d7e8d59f04847a71c75430ff699778d8de0a2a7bede7,TRACKED,.dart,
lib/core/operational_intelligence/action_plan/atlas_economic_intelligence_screen.dart,24730,0409ea1d0e5d15c3034d54f62f31ace5cea9d7ba43b44bd68934baade3d75a34,TRACKED,.dart,
lib/core/operational_intelligence/action_plan/atlas_economic_intelligence_service.dart,8822,7b6c0d07e09282273e3de3a9abe72f73e630d0c37f51cc7a550a21442e1f84d1,TRACKED,.dart,
lib/core/operational_intelligence/action_plan/atlas_economic_scenario_models.dart,2499,e16bd0a287845846dbeb42b4e6283151f76bd02e9fd46602d24769c54f4a33c1,TRACKED,.dart,
lib/core/operational_intelligence/action_plan/atlas_economic_scenario_screen.dart,9863,8e5773ef67a87e35fa3f97eca8209f3e6b19cbabf2b8e69d33b87dbff3ec018a,TRACKED,.dart,
lib/core/operational_intelligence/action_plan/atlas_economic_scenario_service.dart,6407,92f37577993ef4e46fe6712a231df84da937c653d44dd51395450254dbd11260,TRACKED,.dart,
lib/core/operational_intelligence/action_plan/atlas_esg_models.dart,4069,6138273282debb6578a6384576c0f70aa69adad1e87f2b17c38e817bb60e673b,TRACKED,.dart,
lib/core/operational_intelligence/action_plan/atlas_esg_screen.dart,18143,0e04ce8f3af9200349589c5a37c19cc4c11b621168766e8511ec5c4c2bc488e2,TRACKED,.dart,
lib/core/operational_intelligence/action_plan/atlas_esg_service.dart,8405,d06512998aae00199366a69f05d1cdd91faf642b6632eeb5b4f796b60110179e,TRACKED,.dart,
lib/core/operational_intelligence/action_plan/atlas_execution_audit_entry.dart,1815,c2e9f701f4b44f1f2acbb6df550ef048763c6347443fb378730ef03ba5f89d81,TRACKED,.dart,
lib/core/operational_intelligence/action_plan/atlas_execution_audit_screen.dart,3141,3280bcda41c49880f935925ee6e563cfd698c0120f1866e317dcb5be915db06b,TRACKED,.dart,
lib/core/operational_intelligence/action_plan/atlas_execution_audit_service.dart,3214,f1dcdf4492f3921189a60571028b7d291e6da5f83aa1d00ab791c76cabacd0d4,TRACKED,.dart,
lib/core/operational_intelligence/action_plan/atlas_execution_cycle_report.dart,3928,e55f807e7c6590e7138eedc694061b8adc52eaf97016ddba5d784a1eb2e2e177,TRACKED,.dart,
lib/core/operational_intelligence/action_plan/atlas_execution_cycle_report_service.dart,7624,f493460b0759fa7a7a70d5ed51a3c1aa1502ecb90fb1132ce0a5a346313fcc85,TRACKED,.dart,
lib/core/operational_intelligence/action_plan/atlas_execution_meeting.dart,3190,a912a2bd12d3b067c118a9c73b5908d4756962ef86047b89db8ef3da086b48c9,TRACKED,.dart,
lib/core/operational_intelligence/action_plan/atlas_execution_meeting_builder.dart,1566,65223840e17355a4c98a6498f6e2486a845a4f02cb66c6ddb39cd9046de6ee31,TRACKED,.dart,
lib/core/operational_intelligence/action_plan/atlas_execution_meeting_decision.dart,2276,d39f12586594292983e8ae1d9906f3e9aefb12d1cb615809f07733bafa6d7ed5,TRACKED,.dart,
lib/core/operational_intelligence/action_plan/atlas_execution_meeting_screen.dart,27773,c5e018484298ae508e299615eccaa79a025299b3af6faeb84e120ae360f5378c,TRACKED,.dart,
lib/core/operational_intelligence/action_plan/atlas_execution_meeting_service.dart,5645,8f7808b04014fd990f866baa3cfaddfb2d079339f03f867b1be585f4c716b56e,TRACKED,.dart,
lib/core/operational_intelligence/action_plan/atlas_execution_weekly_review.dart,3980,17b07c0455f0400892bc6ac9ed97e29b43fbce1ceca77059f968f51e1d86aa2b,TRACKED,.dart,
lib/core/operational_intelligence/action_plan/atlas_execution_weekly_review_builder.dart,6216,058177cec1b8ee58f01e792e311afabaaa34fb385e660e73db129a262ce4cdc2,TRACKED,.dart,
lib/core/operational_intelligence/action_plan/atlas_execution_weekly_review_controller.dart,2263,75ada11e2c324270ca03a42dd6b017104645796de8377c8908f32dde1b76d7a6,TRACKED,.dart,
lib/core/operational_intelligence/action_plan/atlas_execution_weekly_review_screen.dart,10753,1fcf03140ce04b7a4f12803079e422cc3e4bdafb9d13b4d31d562874453e6f2e,TRACKED,.dart,
lib/core/operational_intelligence/action_plan/atlas_execution_weekly_review_service.dart,3523,540ee5d146fd100194b4624f375acf2db1dcb8e03500fbe1717781ab8d3f4632,TRACKED,.dart,
lib/core/operational_intelligence/action_plan/atlas_executive_360_models.dart,1212,e172f36979831d1a3860d066dac4a36ac40d09938eb6f915f0c00e76cc6878c0,TRACKED,.dart,
lib/core/operational_intelligence/action_plan/atlas_executive_360_screen.dart,9538,492c06665045c41b8e50d91fa25aec0d9fc0d6817d6d1b0361c8eccbbb43add4,TRACKED,.dart,
lib/core/operational_intelligence/action_plan/atlas_executive_360_service.dart,5474,03b6d47aab361516cfc06706d156620ffcc14eb25208ac5b6b1bdc0afdc384fc,TRACKED,.dart,
lib/core/operational_intelligence/action_plan/atlas_executive_intelligence.dart,3288,fbe94406b12fcdedee8f16ff8880b1a963d59478968858b7c4878db1de946c3f,TRACKED,.dart,
lib/core/operational_intelligence/action_plan/atlas_executive_intelligence_screen.dart,15472,c9a15807b952a017b30274ca06d75763d66e2b56c1b528497f003be858c3466e,TRACKED,.dart,
lib/core/operational_intelligence/action_plan/atlas_executive_intelligence_service.dart,15927,54a62b36b91f456da126a736e3cc5e23c5a0114fac69654e0726e0a3f894b357,TRACKED,.dart,
lib/core/operational_intelligence/action_plan/atlas_farm_execution_score.dart,544,640511cb75bea6d6c59b4b598af9aa6274f98f6b37966c181d1ebc881291c4df,TRACKED,.dart,
lib/core/operational_intelligence/action_plan/atlas_financial_management_screen.dart,34608,fce42d63a666b1630ce53462dcc2fc13c8e57240282a92db7e05938fd67e3b8b,TRACKED,.dart,
lib/core/operational_intelligence/action_plan/atlas_financial_models.dart,7701,e37575e54cd8a109d9863aeb3c1db70ce6963abd7d3a7070080f18afbc3fc743,TRACKED,.dart,
lib/core/operational_intelligence/action_plan/atlas_financial_service.dart,11596,40e7154a186bcdb9ee92e0086c97d9123dbe9a799694e675d933d8d2c1a34d73,TRACKED,.dart,
lib/core/operational_intelligence/action_plan/atlas_goal_action_link.dart,1173,487698132ab10b0963ec5b131f723f81786896b7ed35a97314122864e1e0ee66,TRACKED,.dart,
lib/core/operational_intelligence/action_plan/atlas_goal_action_link_service.dart,2241,806feeecb54e8fd5a4032067e9b761773ed4fa03069bebbc69aa4684ea926ab1,TRACKED,.dart,
lib/core/operational_intelligence/action_plan/atlas_goal_performance_summary.dart,851,2fc09d0f33423f89aa1077c0d1de1693e86d707e5162469bab2a3ca212d35b91,TRACKED,.dart,
lib/core/operational_intelligence/action_plan/atlas_health_intelligence_screen.dart,37497,2c80d9ddfe38bd43618297fac3c91fed581b16dddc4b1e9a8f75fa1e60e41109,TRACKED,.dart,
lib/core/operational_intelligence/action_plan/atlas_health_intelligence_service.dart,9496,e5cce7995496d3e4933a7c91a337a71678ad7413d3c36f412bbc90497de84395,TRACKED,.dart,
lib/core/operational_intelligence/action_plan/atlas_health_models.dart,7524,7f86fbb02d590c8b796a3a32b667d0c3b76e70f35829eff3331925d50f64bf54,TRACKED,.dart,
lib/core/operational_intelligence/action_plan/atlas_health_strategy_models.dart,2715,c1b490dfddb6196c5b1895721398a16d085d046a092b50e7396c62b3b8347dc6,TRACKED,.dart,
lib/core/operational_intelligence/action_plan/atlas_health_strategy_screen.dart,15714,6acdc5cab6c7d6ce90cb6b5eea5c9ccf5f877049bfd7e20185cc4296ebabbbbf,TRACKED,.dart,
lib/core/operational_intelligence/action_plan/atlas_health_strategy_service.dart,7226,a32a08141c036223ee22e7b220dbe1115f3a4c8eac6f3c02c7ce79ae7c8cfdc5,TRACKED,.dart,
lib/core/operational_intelligence/action_plan/atlas_inventory_management_screen.dart,71419,7c0b73bf90c71a21e97261c006a4248d269f2578f47b77ad372555b26194595e,TRACKED,.dart,
lib/core/operational_intelligence/action_plan/atlas_inventory_models.dart,17651,321447bdc8f0402db9600f08dda4c29d2879a9db0695ba342dc2c6f9a32e813b,TRACKED,.dart,
lib/core/operational_intelligence/action_plan/atlas_inventory_service.dart,13921,46dcbd0d1729fedbcaf08d55f04affadef8f84fa00ac7e2b9fe1331f1d3e730e,TRACKED,.dart,
lib/core/operational_intelligence/action_plan/atlas_meeting_decision_action_link.dart,925,3198cb5f52d68f3690d54161e941d8d7377b4045e41264fa025fbb7cbc4f85d1,TRACKED,.dart,
lib/core/operational_intelligence/action_plan/atlas_meeting_decision_action_link_service.dart,1988,4e1897a0875fcb4438793b29d048d265783adde0acba40d6e6aee80aa6bc4fd1,TRACKED,.dart,
lib/core/operational_intelligence/action_plan/atlas_meeting_decision_action_service.dart,2896,32e10252d359a7acfc493314d701c4aa5cc8978febe33e17f151a57593329adb,TRACKED,.dart,
lib/core/operational_intelligence/action_plan/atlas_meeting_decision_action_sync_card.dart,4748,e9ffa749e6efeb2440cbca877368ced45a92718d22f999064ed54d9ee7751d14,TRACKED,.dart,
lib/core/operational_intelligence/action_plan/atlas_meeting_decision_action_sync_controller.dart,1356,8d7a42a8ccba4039526dce25ae13ad16a0bcb76f43eefcafb00a95cbe0e02e50,TRACKED,.dart,
lib/core/operational_intelligence/action_plan/atlas_meeting_decision_action_sync_result.dart,534,dbc2752857b9e9232fee68b6a34e4530895f2b303526a348fbd45eda93d3c717,TRACKED,.dart,
lib/core/operational_intelligence/action_plan/atlas_meeting_decision_action_sync_service.dart,6188,2e94026adf5b38c47fe4a8588603b2b91062f919ba034d756175bf1889f7d41b,TRACKED,.dart,
lib/core/operational_intelligence/action_plan/atlas_meeting_decision_monitoring_controller.dart,2151,1e7256c7633ac67cc80f7f597c140af3ccc0de758a604037bc818856c0a77ae5,TRACKED,.dart,
lib/core/operational_intelligence/action_plan/atlas_meeting_decision_monitoring_item.dart,1845,5b0ad623d6157dae08863d040766ba28241e1bd08c605f5948736570436fe1e3,TRACKED,.dart,
lib/core/operational_intelligence/action_plan/atlas_meeting_decision_monitoring_screen.dart,8428,d248f617b1da4f5a8dcc3b073b36266028685c17dd01fb4ae745b28f00f2a756,TRACKED,.dart,
lib/core/operational_intelligence/action_plan/atlas_meeting_decision_monitoring_service.dart,2907,48627000b73f8a7bc32513f6dd17be9dba2fd1321c126f6791f131917fe6b3e1,TRACKED,.dart,
lib/core/operational_intelligence/action_plan/atlas_nutrition_intelligence_screen.dart,12922,b2fd993798f6aed72d9c44045cf47507213845a6a28c646b98a513da39a6dbf6,TRACKED,.dart,
lib/core/operational_intelligence/action_plan/atlas_nutrition_models.dart,6912,69a616cfd5220f68fee82fcbae94fbb2d0895c60fd137b52d3dab6224c41aa55,TRACKED,.dart,
lib/core/operational_intelligence/action_plan/atlas_nutrition_service.dart,4122,7842dd1bb3c77266bdae32b0f693a046e8c69597fc4a6299e1573d2415f753ef,TRACKED,.dart,
lib/core/operational_intelligence/action_plan/atlas_nutrition_strategy_models.dart,2934,bb65731649d7f722cc08c33515b71e87eb22e40b9c64ca8060a2cfdfd4d73988,TRACKED,.dart,
lib/core/operational_intelligence/action_plan/atlas_nutrition_strategy_screen.dart,16958,9f5f7b611f6e119a20c39ccd920aa32f0e898ad4ba22e0f7501ad5ae73a227e9,TRACKED,.dart,
lib/core/operational_intelligence/action_plan/atlas_nutrition_strategy_service.dart,8494,724a20b80d4c5af777813dd8c615056e6c7d00c1c96eaff9759664113089ea07,TRACKED,.dart,
lib/core/operational_intelligence/action_plan/atlas_operational_goal.dart,5631,c7388e9a762231ccfc9bfad662deb5f4ea1826bebeb3bfb14a433f8a5c5a5785,TRACKED,.dart,
lib/core/operational_intelligence/action_plan/atlas_operational_goal_service.dart,2560,16e4b6f5d2dcbf8c342c85c32b5801cd40b43bdf7edf18fa8dc3ec08222c7fb6,TRACKED,.dart,
lib/core/operational_intelligence/action_plan/atlas_pasture_management_screen.dart,15334,6a78f94721185b3991489804f4e0024b361858240624d6d80781f4251021f41f,TRACKED,.dart,
lib/core/operational_intelligence/action_plan/atlas_pasture_models.dart,6697,63dd7a55a7298d9cf52323c963422f9ef60f47cf8b692c98cd47b83942caa06f,TRACKED,.dart,
lib/core/operational_intelligence/action_plan/atlas_pasture_service.dart,3697,9389d253c13f989edefd2be94bef8c1f35b737d367dfdf77df295aa9edf463ff,TRACKED,.dart,
lib/core/operational_intelligence/action_plan/atlas_pasture_strategy_models.dart,3438,3936e616d38ec12711bfd832711f3634de1ae42467db59dc3b641e4aeb051a85,TRACKED,.dart,
lib/core/operational_intelligence/action_plan/atlas_pasture_strategy_screen.dart,20480,875637d2a1bf4baa7fdc8be993d810be2805b1dde6f6d1648b4cda2847fb0d45,TRACKED,.dart,
lib/core/operational_intelligence/action_plan/atlas_pasture_strategy_service.dart,7283,9ddaf91026a4f5312125f6a9d74eb854f31e9cb41fae84a9dfe49bde265c9436,TRACKED,.dart,
lib/core/operational_intelligence/action_plan/atlas_people_management_models.dart,6090,646b3589c99d33ddb772ced0731370f4ab63e049d1c79d412c6201d3234e8da0,TRACKED,.dart,
lib/core/operational_intelligence/action_plan/atlas_people_management_screen.dart,31530,27a30e3b089bdddd2e401cebb91ace0f9b8c9e1d6256fa86f73536ddd4f2a5a1,TRACKED,.dart,
lib/core/operational_intelligence/action_plan/atlas_people_management_service.dart,7138,377e1fc40064c10e0b43b52478431fe052f083f3d36c674b4be136bf234e76ff,TRACKED,.dart,
lib/core/operational_intelligence/action_plan/atlas_recommendation_effectiveness.dart,638,beafbd059281c18596b371cbdbb1cfc245bf6e19f8345e2bd1f04a83f33a0707,TRACKED,.dart,
lib/core/operational_intelligence/action_plan/atlas_recommendation_effectiveness_service.dart,3283,633d2155247abe528800b620896d4f4bc3f55f98fc7a30a0cca6f48bf1e35e46,TRACKED,.dart,
lib/core/operational_intelligence/action_plan/atlas_reproductive_intelligence_screen.dart,35322,c57e35790a586be6d56f3447bb037e60e24e6763ca67fbbc94949a09ae863ce1,TRACKED,.dart,
lib/core/operational_intelligence/action_plan/atlas_reproductive_models.dart,7481,e02628f98e668637c62fe46b6be64ce64a7297273822d6be41a222ae08659f97,TRACKED,.dart,
lib/core/operational_intelligence/action_plan/atlas_reproductive_service.dart,9341,0bb6f257102f5437e29d9451949aec16747180c9a52c1e9e9c96160bec8cc1cb,TRACKED,.dart,
lib/core/operational_intelligence/action_plan/atlas_reproductive_strategy_models.dart,6562,a2e9dcc536c9f4b2aa964e23d9461203a05fd30f413cb4e942a4da0e88221ce7,TRACKED,.dart,
lib/core/operational_intelligence/action_plan/atlas_reproductive_strategy_screen.dart,24671,79e6b24b6493a0fddf819433163b48daff8a8d033fe993146d92230300b637c3,TRACKED,.dart,
lib/core/operational_intelligence/action_plan/atlas_reproductive_strategy_service.dart,7268,4843053c6cef1450ee9f928928542865700b8e6084cde929cb5c680be5d4efbe,TRACKED,.dart,
lib/core/operational_intelligence/action_plan/atlas_results_intelligence_screen.dart,27353,a64a77abcad12583328e41434d67d5673b5953dac228de74e5c62938210c8233,TRACKED,.dart,
lib/core/operational_intelligence/action_plan/atlas_strategy_performance_screen.dart,32781,497cdaab04f02920c78db39a38ae1e5304366fc86a371b11496a7bc835760a20,TRACKED,.dart,
lib/core/operational_intelligence/action_plan/atlas_strategy_performance_service.dart,8450,2d9e6473b22495fdc7878ca657d671067fdc5798915b4184d647b538709d5141,TRACKED,.dart,
lib/core/operational_intelligence/action_plan/atlas_team_management_screen.dart,19336,e8aff7f215efa6cc2de702253b80df0dba97e844d6b2e3d5629a1ad49a18cdbf,TRACKED,.dart,
lib/core/operational_intelligence/action_plan/atlas_team_member.dart,2820,ae34ba2c5e51465d9709419b9562ba7b23620082a01bba9a06e6109cc3f961d4,TRACKED,.dart,
lib/core/operational_intelligence/action_plan/atlas_team_member_selector.dart,3426,2a2dfacb4d05edb446f0375963881da983192cb4471eb57879b45676a5651467,TRACKED,.dart,
lib/core/operational_intelligence/action_plan/atlas_team_member_service.dart,3019,6e1e68acd8868fb576fec7e424f6e90d08dd31c2ba519563a9632d5ef6c6ed41,TRACKED,.dart,
lib/core/operational_intelligence/action_plan/atlas_team_workload.dart,851,3c0ea7bdd63f9545606ef8b426662fc80f4fb28cb476ed61ed45a46fd32aca8c,TRACKED,.dart,
lib/core/operational_intelligence/action_plan/atlas_team_workload_service.dart,2867,4fb21165080004f1b346dad4ac47bc36113566c8319701308a63e240e8843f32,TRACKED,.dart,
lib/core/operational_intelligence/adapters/atlas_command_center_adapters.dart,272,bef2e632a40b3e20ca0967c22d9f3175605acf3d2531e9b07347e7a21d155d3b,TRACKED,.dart,
lib/core/operational_intelligence/adapters/atlas_copilot_command_center_view.dart,2793,7d8d095a4cb2129a120f34140938c5e6754a5adda0f08d47f53329cec7ec998b,TRACKED,.dart,
lib/core/operational_intelligence/adapters/atlas_dashboard_command_center_view.dart,1805,cd90fd0cc1b594a80a8c19de664b465d18824b28a1e3f7a4b3d279180a070cad,TRACKED,.dart,
lib/core/operational_intelligence/adapters/atlas_digital_twin_command_center_view.dart,2259,dbb04e48b913c85ee4c3372a9ed648ae0fdf834dbb4c27ae81a991489d742ffe,TRACKED,.dart,
lib/core/operational_intelligence/adapters/atlas_executive_brain_command_center_view.dart,2375,df2cc6e5c4ab835dc141b791425a8607a0a156aeefdc14493e32f1f2d05662b6,TRACKED,.dart,
lib/core/operational_intelligence/adapters/atlas_technical_dashboard_command_center_view.dart,1856,e224ae66cf144df7e69e94bb69907d8faf8fa73896e08ca8f96ab65fb9917e23,TRACKED,.dart,
lib/core/operational_intelligence/atlas_command_center_cache_entry.dart,922,41c10cf824bca6d398d2e8c72f777511e3ad1ec208ddea6ceb5d2c2cb6f1e648,TRACKED,.dart,
lib/core/operational_intelligence/atlas_command_center_cache_service.dart,3496,6a5043eed9714ef521d04935616571895bfa0d77878d1688c389f1b81e67cbbc,TRACKED,.dart,
lib/core/operational_intelligence/atlas_command_center_cached_service.dart,1648,5baacbb7857530378a8ad1c86b858eba731f809caf80a49c1dc936435d53c76f,TRACKED,.dart,
lib/core/operational_intelligence/atlas_command_center_controller.dart,2436,56412f82453d7a0930625a9d9c2ec629ab2d0082f9979ebb820f74a600ad77d1,TRACKED,.dart,
lib/core/operational_intelligence/atlas_command_center_reactive_runtime.dart,1927,79b310d24a615ab19ae95e06bc95b61918f823e9e965ebbb4cbcabf7f85faab3,TRACKED,.dart,
lib/core/operational_intelligence/atlas_command_center_runtime.dart,2137,68789dc7ef6c80934e9bedb0c82088a246b3941519ea6f510c23ac8ced242917,TRACKED,.dart,
lib/core/operational_intelligence/atlas_command_center_scope.dart,984,76c85fd0b28e58e863f0aa46fcdfac4ff57dc08c4c968d0884b55348a4644226,TRACKED,.dart,
lib/core/operational_intelligence/atlas_command_center_service.dart,2353,f216218ca0b32e67eba5ef8597ef9d31317305c164fac59b5fea70e8a0a06079,TRACKED,.dart,
lib/core/operational_intelligence/atlas_command_center_snapshot.dart,1118,881a6a9f9a99f776c2513233f08c74a1fe7dcc33d1b771af71859d16095f36b2,TRACKED,.dart,
lib/core/operational_intelligence/atlas_command_center_state.dart,1822,3c180315c31a1608e58724d6d7510ed9a8848b2b8891a9a0c8e49858d6d195c8,TRACKED,.dart,
lib/core/operational_intelligence/atlas_command_center_store.dart,2200,2a9fb5cfc0eb6f2b73571c0c83aeae597f6c266002885095aa29c44f3696dbdf,TRACKED,.dart,
lib/core/operational_intelligence/atlas_command_center_version.dart,337,cb57da8eb32216b51061d777daafc1200191d2e045fe6168661309d79a4cfcc8,TRACKED,.dart,
lib/core/operational_intelligence/atlas_command_center_version_service.dart,1634,565ae048926bfb9f8f83eb3ad97ce904c57dce10238843ddf1c062d6f4faa989,TRACKED,.dart,
lib/core/operational_intelligence/atlas_operational_domain.dart,1085,3d41eef375bd0acc7c79c3d5122cbbe0ce4045b6b1591803fe3e3d5da47884a1,TRACKED,.dart,
lib/core/operational_intelligence/atlas_operational_insight.dart,746,1ef86405970244bb0686043d6acac03f10c746fc82e13db7b8254dd17fe349ba,TRACKED,.dart,
lib/core/operational_intelligence/atlas_operational_insight_service.dart,6804,9f221a8562e33820544918cb34acaba99c919d4e1da0defc29fda3f00135aa2c,TRACKED,.dart,
lib/core/operational_intelligence/atlas_operational_intelligence.dart,188,b18612c8879c1e5f5a75fa2ee141d1dbfff7bc9415211ad94fa1c3d41351d9ac,TRACKED,.dart,
lib/core/operational_intelligence/atlas_operational_invalidation.dart,1029,728337377928515cde61da8423be1c91953e6cb8f31c3c5def33fc852a4be815,TRACKED,.dart,
lib/core/operational_intelligence/atlas_operational_invalidation_service.dart,4336,e2579f8999264e403deda6b31344ecf3cf5c9399db3b847201fd937fd2e47986,TRACKED,.dart,
lib/core/operational_intelligence/atlas_operational_metrics.dart,852,a805f89f07f5999817927a2ea358d08357277e87c999e4ef7c4a748329322e5a,TRACKED,.dart,
lib/core/operational_intelligence/atlas_operational_metrics_service.dart,3013,72b11b605971c758fab1cba74a2b6aa745fe5c74b5700bbbeee2535680b01f48,TRACKED,.dart,
lib/core/operational_intelligence/atlas_operational_priority.dart,874,6970d75fb441f4e3e5545b1b60dce7492713a1f93ff44eb678f14e6698fa76fc,TRACKED,.dart,
lib/core/operational_intelligence/atlas_operational_priority_service.dart,4129,f1e63f37689ab2999e4f612bdb0ffd8bc2492829f2e132c945e477d0e8af94c9,TRACKED,.dart,
lib/core/operational_intelligence/atlas_operational_timeline.dart,903,6f53fa882d3080f45690d5ddbcff82696852024e46655e448b15e10cad3e0531,TRACKED,.dart,
lib/core/operational_intelligence/atlas_operational_timeline_service.dart,1992,f66c6354b16cf6ec679a91a5f6d24d1572628efb09b3daffdd762ae519ba94b0,TRACKED,.dart,
lib/core/operational_intelligence/presentation/screens/atlas_command_center_details_screen.dart,25377,8ec9b77ec6daaad03f0408b3c335eaf12fa04193b3e0f2f3d0c2463c541af088,TRACKED,.dart,
lib/core/operational_intelligence/widgets/atlas_command_center_module_card.dart,10985,0dd987697a93137dae9ae8ca81f44eefa959919d4eb02cd400380a1ac125a2b8,TRACKED,.dart,
lib/core/operational_memory/atlas_event_correlation.dart,923,fab5bd98f1beee128e3017ca3b19c038b1436e4a41bf37ed7f8934ac9cd92acc,TRACKED,.dart,
lib/core/operational_memory/atlas_event_correlation_service.dart,5945,f70c2581641ee6e2e3a62e49871b359fc34d32f84996bf514fb3a5fde0ce99ec,TRACKED,.dart,
lib/core/operational_memory/atlas_operational_memory_entry.dart,1855,df14a130b601f9b3016465392c8f912329e8665edc4b4de055a1d47bf6ec1dff,TRACKED,.dart,
lib/core/operational_memory/atlas_operational_memory_screen.dart,18356,f32b977168d33742382ab7b44b8cbceab96ad1f4e44de006f79208d02fec583b,TRACKED,.dart,
lib/core/operational_memory/atlas_operational_memory_service.dart,2462,355c588b5f06932b643430e6693484fc8507a645e323e0461b22894347803d13,TRACKED,.dart,
lib/core/orchestrator/atlas_orchestrator_dashboard.dart,8085,40f5d2cfa5668efd716c9c1aff6a89334325d5b242d24439ae4989e1e30eacee,TRACKED,.dart,
lib/core/orchestrator/atlas_orchestrator_engine.dart,2236,179cd0745c2aebfc09da5fbd52fd366a1dcba3c5aa326c2fa00471afcb28910d,TRACKED,.dart,
lib/core/orchestrator/atlas_orchestrator_models.dart,3142,46f5b7a15de1d4c5407c49c496c90985754c4dea2aa739796c0996b5d418f0a2,TRACKED,.dart,
lib/core/orchestrator/atlas_orchestrator_repository.dart,3700,9697dd74f689ab847e814c16323d080f172c3f89d2077281b08ae6fe2b0069ae,TRACKED,.dart,
lib/core/platform/atlas_external_open_service.dart,2542,bcfd5aa849add15d4bb471b8211b40132789fc118fb63892a540b0dd5b3b52e1,TRACKED,.dart,
lib/core/presentation/layouts/atlas_main_layout.dart,20300,5d426f56bc88b556d721d5719a1c76db123df3d375bc666157fba162632a8f56,TRACKED,.dart,
lib/core/reactivity/atlas_reactive_diagnostics.dart,1981,d38f94d89d047ab72bf9ecda108f8ce695847aaa8b0c4e0f2be833cd95198b26,TRACKED,.dart,
lib/core/reactivity/atlas_reactive_diagnostics_service.dart,4394,2417456c90bb56bb14c20d80ebbaf3dfc175c5807ab1bdbfb301c90b9441acc9,TRACKED,.dart,
lib/core/reactivity/atlas_reactive_intelligence.dart,258,c147d483e3d5ccebd302ee29d4bb8733c94483706d337dd4224df4c7ed8f38d6,TRACKED,.dart,
lib/core/reactivity/atlas_reactive_intelligence_coordinator.dart,6914,50bd1fd7e1b956ed4302d68eadb7229740afc78cd1f1b1683be89924719728c9,TRACKED,.dart,
lib/core/reactivity/atlas_reactive_policy.dart,4538,bf50aa1b33b76d9e33e7c55e46269b793e0a530c0e277205f711e517648bdea9,TRACKED,.dart,
lib/core/reactivity/atlas_reactive_runtime.dart,1296,e6638d5e4ce9aaae7c4e526f95f1e6181fe223f81883e736b5e80000eefe9614,TRACKED,.dart,
lib/core/reactivity/atlas_reactive_target.dart,267,74548ca92b09a1b741c55514afcfccfab4f59607497f41e323ad4c1f5c56b9da,TRACKED,.dart,
lib/core/reactivity/atlas_reactive_update.dart,611,32825905eef558568724211dd2fd1ab1d5cbac9a445e7c7bd6ef3b6e1e8031a6,TRACKED,.dart,
lib/core/release_candidate/atlas_release_candidate_models.dart,643,5e58aabd955d26798cd148cd05a8f88ce43c6f9c23596471dbfb1fca1d03ac4e,TRACKED,.dart,
lib/core/release_candidate/atlas_release_candidate_repository.dart,1134,da9faba9a45db934f290946cdef58bcda539398cedeafae6423a9202bab9bebf,TRACKED,.dart,
lib/core/release_candidate/atlas_release_candidate_screen.dart,9551,b7e95965717a490ca8917fa464645af5fc059cedc2bebf496c40e85bc086e1ea,TRACKED,.dart,
lib/core/services/atlas_canonical_operations_service.dart,2257,217e45454367b6871d13a30eb2e1550d21f78e3f6e986d1823c1df13012d48eb,TRACKED,.dart,
lib/core/session/atlas_session_controller.dart,7048,a59937bd55eaf5474a35130c1078aec49308dc9829075001a96770cfbf575193,TRACKED,.dart,
lib/core/session/atlas_session_gate.dart,3596,6a0b1d2c79455fa8cf06ea66a598c6f0fac7f9e1cea638a580802c72d7381eab,TRACKED,.dart,
lib/core/session/atlas_session_scope.dart,912,d3d124f59e1e449d030ce54521ee93c45a8a34ff7e6b64b1a288b664c9a36558,TRACKED,.dart,
lib/core/settings/atlas_system_settings.dart,901,0482fe09b54b18aeb58097094a0bc056ff3361aac7fb173da10e00278473edce,TRACKED,.dart,
lib/core/sync/atlas_conflict_resolver.dart,1409,b2e8b797c21252fe83cea2809cda87166dca660be68137e8b56cdfc40a727840,TRACKED,.dart,
lib/core/sync/atlas_sync_engine.dart,4482,6f341d31acf8c3c9e790460832bcb19b215aeafcdcf5c0129ede95e2eba4d7fd,TRACKED,.dart,
lib/core/sync/atlas_sync_operation.dart,849,e6158af0de9e37f770af024084d2675641ccaf968eaea86408f98351c6928bf7,TRACKED,.dart,
lib/core/sync/atlas_sync_status_button.dart,1965,268739fef24a5b6e05c1fe7020c77be095d5cc3210216abe6bf5569a430c6413,TRACKED,.dart,
lib/core/system_center/atlas_system_center_models.dart,1634,7affd2a4589ed59f1fc8fa491af269308d40ab79eadca7c697e1a12728cb4152,TRACKED,.dart,
lib/core/system_center/atlas_system_center_repository.dart,3776,e101aa6601788dfb674b3cfab2d0b56e2a8e9b7cd8c906eb2e24528d5d7efc90,TRACKED,.dart,
lib/core/system_center/atlas_system_center_screen.dart,7957,bec9777e546e945856eb73666d50203db659ff3ff06aae85a41e394724ead098,TRACKED,.dart,
lib/core/text/atlas_text_normalizer.dart,1978,f6addbdc155e977bec7e4183f38ee47a77e8dcab80a1ce8d2549dcc1f82d26cd,TRACKED,.dart,
lib/core/text/atlas_ui_text.dart,1737,d1f6e423dc8c1f2f3b6c96dbef000e910a7b22f88360fc3b344e75047e48ddc8,TRACKED,.dart,
lib/core/widgets/atlas_empty_state.dart,1327,f7eb3397dd532220ecb8b918bca341ea9922663cc9df8e67aff934fed8853c24,TRACKED,.dart,
lib/core/widgets/atlas_error_state.dart,1634,931b1e3070bf092eb2c5de75bf39f4de5389a1c32e910e8d0b120ed5e0a436f5,TRACKED,.dart,
lib/core/widgets/atlas_feedback.dart,2952,6f90294c12d7217512033b18aa4e24d9423c0603b7961e45a44f6bc706a5dc60,TRACKED,.dart,
lib/core/widgets/atlas_form_actions.dart,1939,448abe7221155f99602ec460b590f89cb388e5c5969509ce213f1a1bb2a1a1c5,TRACKED,.dart,
lib/core/widgets/atlas_loading_state.dart,606,b1b2ca86ba6a8e915b8355d093672e00957f9e0720f6268bc6d9e420a4b68985,TRACKED,.dart,
lib/core/widgets/atlas_module_decision_panel.dart,4665,5a24df8e3775c6112a1e2beccae5a609705f354e9525ff32a7175fabf7072873,TRACKED,.dart,
lib/core/widgets/atlas_module_role_card.dart,1518,a5917a3f8b9fc784eaea46578beaa0ac12f01509b370726702bb11387eb49862,TRACKED,.dart,
lib/core/widgets/atlas_module_workspace_guide.dart,1886,f4c9eeb384c6b20f73addcdd70caa2a14d6ac4c829a4eeeecf69966d842f57f0,TRACKED,.dart,
lib/core/widgets/atlas_operational_action_bar.dart,2401,b4bb6384e3a3bf9b78c0e22d9c9d2a02159eba90db0d83402f8fa1aa1c560464,TRACKED,.dart,
lib/core/widgets/atlas_operational_feedback.dart,2024,97563b737965d12f471d74d10cf0d6c155261b69bf991a7dd4fbfe3de888855a,TRACKED,.dart,
lib/features/action_plan/data/services/atlas_action_plan_storage_service.dart,1546,8223fe8079d023047a936e6e7df1bbb987a59e0e58b88e4f5f0b7cd4fbdcc101,TRACKED,.dart,
lib/features/action_plan/domain/adapters/atlas_action_plan_canonical_adapter.dart,9293,85c534e0d8e8c44bdc05d0d628fd3c2158fc8813519997fb1b4d188eeda27a2a,TRACKED,.dart,
lib/features/action_plan/domain/models/atlas_action_plan.dart,7222,c05e5d665149321d96cba620919cf71ad15fcbb67bc2514d9c08b74e85bdf498,TRACKED,.dart,
lib/features/action_plan/domain/services/atlas_action_plan_engine.dart,4894,e4d9191cce8ebb2b6045084eb15ba37e27990113f7d0eeb226f3515cfae005d5,TRACKED,.dart,
lib/features/action_plan/presentation/screens/atlas_action_plan_screen.dart,15546,5badb5dd179849ee7b571bda982afb226f56718687616a04b45a60eeddb29ba7,TRACKED,.dart,
lib/features/analytics/data/atlas_analytics_repository.dart,1240,b914b3422271b770f198dd1b1ad57a1acba74fc873329ab29d7d1992840bf577,TRACKED,.dart,
lib/features/analytics/presentation/screens/atlas_bi_dashboard_screen.dart,6244,f7e766851baf8d7b40222f5e6856a088276d9b34c98774dac81f772b118fa852,TRACKED,.dart,
lib/features/animal/data/services/animal_enterprise_service.dart,1639,9e3809e13019793d72b9984e2c94e67f0f860a41adb136692aa241facab28fc0,TRACKED,.dart,
lib/features/animal/data/services/animal_media_remote_service.dart,4107,35234b805ded31f0550f0dec3326a3bd7ab67624c872b611db745b51efc0a292,TRACKED,.dart,
lib/features/animal/data/services/animal_storage_service.dart,9454,d7d4ec59b5ba621d347cde1d69713279364e57c26000d5a664e1a3d5e6c4c875,TRACKED,.dart,
lib/features/animal/domain/models/animal_data.dart,9814,91a716fb159ef25c6bf6292ac4d34c54370e52e4bdeaef0b5cb4c02b74d78d3f,TRACKED,.dart,
lib/features/animal/domain/services/animal_finance_integration_service.dart,5455,c5d36669bb2a2f370713ced0dfcaed177333551b16cd0c79a2aecfcd638b96b5,TRACKED,.dart,
lib/features/animal/presentation/screens/animal_detail_screen.dart,214532,3f66e09064fb1da9c6ffc667a87affc48775a5bf50c48a6efb87e54f62fa4b10,TRACKED,.dart,
lib/features/animal/presentation/screens/animal_form_screen.dart,25303,b6c38a3c82c1a117d6c730ef1aec8b5b3e047076b82d86d6e04a7b8ff932b0f9,TRACKED,.dart,
lib/features/animal/presentation/screens/animal_list_screen.dart,35599,edf3d7bcda606e17b2bcafc04add630238ccd85eccc293e517ffee363aee7b71,TRACKED,.dart,
lib/features/animal_document/data/services/animal_document_storage_service.dart,6485,e4163c832fbfa7af9675ced1373f5fd4072a939604b00cec08cc3f544e2f146a,TRACKED,.dart,
lib/features/animal_document/domain/models/animal_document_data.dart,5079,393822456f85370c63ef31d67333fef0215740f1831668a3ede0be77c2b146f6,TRACKED,.dart,
lib/features/animal_document/presentation/screens/animal_document_form_screen.dart,19128,5f5485a8dd0111b74a9981b8e8cc16d4ae3d4c53459eaa2ed00a42c52c408146,TRACKED,.dart,
lib/features/animal_document/presentation/screens/animal_document_list_screen.dart,28003,ff48c0fbff01829dd74153b26067997dd03c90fe1ede98eccfdf8c449cb9809e,TRACKED,.dart,
lib/features/animal_enterprise_suite/presentation/widgets/enterprise_module_widgets.dart,5964,acf60517a606629f7adbf4a1beecc3aa5db03ed9fd4a14675ca74f069d6a3fc2,TRACKED,.dart,
lib/features/animal_event/data/services/animal_enterprise_timeline_service.dart,1131,a7878f389394f6ef243ee06a79b54efe00bc3d9b790569a72cef296b96ce91a1,TRACKED,.dart,
lib/features/animal_event/data/services/animal_event_storage_service.dart,2094,d166eaf93dfd9efbc1dd998018ae60cc4b8a4c3877ab260845e9c3ca29abf459,TRACKED,.dart,
lib/features/animal_event/domain/models/animal_enterprise_history_data.dart,745,4d0883edfa35fa9ea7351b8c22ce42103425169c39b777ea84cbc8e487378022,TRACKED,.dart,
lib/features/animal_event/domain/models/animal_enterprise_timeline_data.dart,2799,cca3317dc9b9fd38bc7d4615c75042459b1b0e0d2058f3340c750be37a9a9fea,TRACKED,.dart,
lib/features/animal_event/domain/models/animal_event_data.dart,797,eba1af88108a5915f2572af9cb551746d1b13eecf1e335375bda6d89fe121b19,TRACKED,.dart,
lib/features/animal_event/presentation/screens/animal_event_form_screen.dart,8671,5ac7a0aec1cca652e54e0bc073b0dd1846afa3f6f4aa996b348dd50318445580,TRACKED,.dart,
lib/features/animal_event/presentation/screens/animal_timeline_screen.dart,46916,70fac02897d5dfe6e1255c621bf0db85c29ef844809e8486bb4b2668f4828d4c,TRACKED,.dart,
lib/features/animal_executive_panel/presentation/screens/animal_executive_panel_screen.dart,15132,616087abb320ffcc0646d560eb0ff587a83a1ea7539b3913bce38a92ce6897e0,TRACKED,.dart,
lib/features/animal_genealogy/data/services/animal_genealogy_enterprise_service.dart,631,efbf50990fdd4a3c2277dc3d37bbf8ed423b7e8218183a328c97f447f9c2d7a2,TRACKED,.dart,
lib/features/animal_genealogy/domain/models/animal_genealogy_data.dart,4331,4bb62ce03ab903b656f0a6eee7aae602eb751a623db263a27084971b0697deee,TRACKED,.dart,
lib/features/animal_genealogy/presentation/screens/animal_genealogy_screen.dart,18514,3c7a96bacfe73ecbfeece2da3cf47357bb4ec076975e9e14e59094f03d31fe64,TRACKED,.dart,
lib/features/animal_health/data/services/animal_health_storage_service.dart,5830,106c4da7359f32b442eeb232e88e394d8d3ee38bfcd8ffbce1cf3df517b1d4f3,TRACKED,.dart,
lib/features/animal_health/domain/models/animal_health_data.dart,7128,2b9127f7754d44389198de8dd103802dc83f8952f36d0d3112706067151ef8f4,TRACKED,.dart,
lib/features/animal_health/domain/services/animal_health_event_service.dart,4147,410ea8c01ead4af0ef4f0adedbc1df091746e6c999e5bc1cb8302c8eb93b320b,TRACKED,.dart,
lib/features/animal_health/presentation/screens/animal_health_form_screen.dart,25514,7d8aacb1e34dd8f342468bf20bc49d317779885ca271407290cc38419c6402a3,TRACKED,.dart,
lib/features/animal_health/presentation/screens/animal_health_list_screen.dart,22144,b7f4bcde1750256664ea69a2e64b1fb1072c1fbd5c845465c4b522ba14c07b73,TRACKED,.dart,
lib/features/animal_health/presentation/screens/health_overview_screen.dart,28064,4b18c6130d25082c9bfaf1179766864e95102171fad2d7444e0531721562b41d,TRACKED,.dart,
lib/features/animal_health_enterprise/presentation/screens/animal_health_enterprise_screen.dart,10012,8b195fafedf074f0db0ce968af5285996e42b7e2b93767a23957098da230a70d,TRACKED,.dart,
lib/features/animal_intelligence_360/data/services/animal_intelligence_export_service.dart,3771,7cb670979c003ff668318566230ab0529c4483afbcf516c9dc67237f2b19e1ac,TRACKED,.dart,
lib/features/animal_intelligence_360/domain/services/animal_intelligence_engine.dart,4172,f7b995cd46ba8005ba0111ffb5863cd06b7471bf922c420c8329c80517fb2847,TRACKED,.dart,
lib/features/animal_intelligence_360/presentation/screens/animal_intelligence_360_screen.dart,35349,2468be7b3d312c530a312df51e0a870f390d46d7bd864bf71f8528b738239594,TRACKED,.dart,
lib/features/animal_movement/data/services/animal_movement_enterprise_service.dart,1971,09426c016ac1cdc75a939c43a22047c96874266894fb976859fa68ad4d22a2b8,TRACKED,.dart,
lib/features/animal_movement/data/services/animal_movement_storage_service.dart,2134,a5199177350b841e9cdf813b72fa5ddaf7480b930d53102bd50d08b7e570fc1d,TRACKED,.dart,
lib/features/animal_movement/domain/models/animal_movement_data.dart,5261,e959604147e5d3db816cac2dd490c97db1561cf3b45fa7e93e76ca7cb8fa6684,TRACKED,.dart,
lib/features/animal_movement/presentation/screens/animal_movement_form_screen.dart,12283,f4ee2c41b35a848f9b1163866f602f58845025bd2fd4c3d7b68eb690ddc16921,TRACKED,.dart,
lib/features/animal_movement/presentation/screens/animal_movement_list_screen.dart,13697,09690fca53edbc971c1592ee6338070a1722e7903d5a39d67feb24bdb3f034d2,TRACKED,.dart,
lib/features/animal_nutrition_enterprise/data/services/animal_nutrition_storage_service.dart,1289,ac258593229178791a41548a970da671613651eb3abde529738faf1040e1f010,TRACKED,.dart,
lib/features/animal_nutrition_enterprise/domain/models/animal_nutrition_plan.dart,1400,3a3c3c3b9b7130fe74845b1bf65c6b6191a6069bca4ef99dad860c4311d07de5,TRACKED,.dart,
lib/features/animal_nutrition_enterprise/presentation/screens/animal_nutrition_enterprise_screen.dart,17294,d318150aea389c6234aa03828cd6e368a825c44bb5eef793cf52713a23eeb435,TRACKED,.dart,
lib/features/animal_operations_center/data/services/animal_operational_task_storage_service.dart,1658,13ab47d255b0777a4c3f3574df28af06edf97c8c3a35c351cd721d1ac1b73461,TRACKED,.dart,
lib/features/animal_operations_center/domain/models/animal_operational_task.dart,2308,d6b41991bb6461f7973d620d7b8f80bbcc30ad4416bf62a4d807355e36576f32,TRACKED,.dart,
lib/features/animal_operations_center/presentation/screens/animal_operations_center_screen.dart,33304,a339298f7c92844f8154d1b75ccd0af421ce1398589035f894d96164e8c5f5de,TRACKED,.dart,
lib/features/animal_photo/data/services/animal_photo_storage_service.dart,6877,158f77d859739c84bb248e60b53ecedeb8c10eb010b882044ef6133fd6e48452,TRACKED,.dart,
lib/features/animal_photo/domain/models/animal_photo_data.dart,1530,8902720d84b8a189353a2bae9c6aba3f5abd26a00e03a1c24291e15237577eac,TRACKED,.dart,
lib/features/animal_photo/presentation/screens/animal_photo_form_screen.dart,10082,c0771401dd43db913bac7319f3b362c1656d7359654bfed1e8a2a3bc59aaf3dd,TRACKED,.dart,
lib/features/animal_photo/presentation/screens/animal_photo_gallery_screen.dart,19558,91a52ca26f31ea18d8f0f545722609931e77d6a078a62061d66c81d718b420b5,TRACKED,.dart,
lib/features/animal_reproduction/data/repositories/atlas_remote_reproduction_repository.dart,2711,28ea9f81c3137d1bd1aa08a380371163bf96f7063cdb2cccb277f3239e18568f,TRACKED,.dart,
lib/features/animal_reproduction/data/services/animal_reproduction_storage_service.dart,5250,e5784854c7555ff1ed3236d6122642bc5f93298ac933b6f36eb2d599d151e951,TRACKED,.dart,
lib/features/animal_reproduction/domain/models/animal_reproduction_data.dart,4728,33c80caf95c3409e703896002c4576138147f1210dc7d68d395ba7c43d852fc5,TRACKED,.dart,
lib/features/animal_reproduction/domain/services/animal_reproduction_event_service.dart,5372,8418b57dbfb4cbe2d45470938fdfa02b4b2d743201f2bc37b5707d0b517fec56,TRACKED,.dart,
lib/features/animal_reproduction/domain/services/reproduction_metrics_service.dart,1993,1bcf29fea006e7f83ad795d4687a9434afa9188b164c975c5be5294da112ab87,TRACKED,.dart,
lib/features/animal_reproduction/presentation/screens/animal_reproduction_form_screen.dart,18654,8a0e674aeacc51cb2f4973fc27789ecba6a5c833bf4f3cd55cd2d98afc0e51e7,TRACKED,.dart,
lib/features/animal_reproduction/presentation/screens/animal_reproduction_list_screen.dart,26328,1152ccdffdbaed152d110f18e20a73e65b8b56d6a900fb01256afe3be49bca99,TRACKED,.dart,
lib/features/animal_reproduction/presentation/screens/reproduction_overview_screen.dart,27810,d2512ca254544413e375c09e13b15b899e9e0c9af8a5bb1f768a4995ef51afd9,TRACKED,.dart,
lib/features/animal_reproduction_enterprise/presentation/screens/animal_reproduction_enterprise_screen.dart,9404,fdd57e4c536b1090939767e6ad542c3ea0a22168307522e62cf3919647b2be4d,TRACKED,.dart,
lib/features/animal_weight/data/services/animal_weight_enterprise_service.dart,1006,549a9bf4d74da30e1485c0cc884fbd788aa525b1640db361171e24ab46e0d38f,TRACKED,.dart,
lib/features/animal_weight/data/services/animal_weight_storage_service.dart,3409,ffc296cc45ae58f30ab1a0f61958d2ed9c06af1087c4795b5bcdf3930db523c6,TRACKED,.dart,
lib/features/animal_weight/domain/models/animal_weight_data.dart,2702,abbb180267d13e38fed3d8d6092f7860982da693de42e7d7c785d8cfa2d30070,TRACKED,.dart,
lib/features/animal_weight/domain/services/animal_weight_event_service.dart,1254,c582397318a24939c7544b277481a8002e89b21db7e029f4b6d2f678ae0924f1,TRACKED,.dart,
lib/features/animal_weight/presentation/screens/animal_weight_form_screen.dart,9267,6a05a2ee17e05e933e81e77c5c3bb63e5b1c29bb15281171198922622c5e29dc,TRACKED,.dart,
lib/features/animal_weight/presentation/screens/animal_weight_list_screen.dart,21802,425901c541f5c6b1b5442fd2a65581427aa21307bb60cdb62c628fc349a57dfa,TRACKED,.dart,
lib/features/animal_weight_intelligence/presentation/screens/animal_weight_intelligence_screen.dart,9405,b58aabfdcb948cd5b638a630feef0b201246abe569914499eb7f63ae7e381c71,TRACKED,.dart,
lib/features/animal_zootechnical/data/services/animal_zootechnical_dashboard_service.dart,6528,e1a2df58df5961ef2eb6005d904b0c9c6e48f3e551270fe461770537aae94f6f,TRACKED,.dart,
lib/features/animal_zootechnical/domain/models/animal_zootechnical_dashboard_data.dart,1590,232ac581e3ba0e5f4a80309cda92e12aeba8dd6db03a1600faadef3c8a2c90b3,TRACKED,.dart,
lib/features/animal_zootechnical/presentation/screens/animal_zootechnical_dashboard_screen.dart,20689,a69958d493f838da25c1957bc58c7d13a2952d42eb10cc8a4e0abdbf0591ce5c,TRACKED,.dart,
lib/features/atlas_advanced/data/services/atlas_advanced_service.dart,2257,6d7005e15fd040d12268303f3c8287f4c2ba2e382133ce4812b3c64189ead7d9,TRACKED,.dart,
lib/features/atlas_advanced/domain/models/atlas_advanced_data.dart,1972,4b3f34064b2b27e555b2c06c0af627d4b22565a02d78d1cfc346ad3218f47fc4,TRACKED,.dart,
lib/features/atlas_advanced/presentation/screens/atlas_advanced_dashboard_screen.dart,3278,4246c168cf8acefdbdd974c310d974ba363d6a41499a5d5920281417ed2a9c04,TRACKED,.dart,
lib/features/atlas_advanced_ai/data/services/atlas_advanced_ai_storage_service.dart,1462,42663a78cf780e15fdbe26f8cd44f3a82b4ef4a34802fc197256fc01281bcf3a,TRACKED,.dart,
lib/features/atlas_advanced_ai/domain/models/atlas_advanced_ai_record.dart,8919,b1c1f9126ae37a0e57186f6b353adbe983f6b4cec79ed274d9f124ee2c1ff87a,TRACKED,.dart,
lib/features/atlas_advanced_ai/domain/services/atlas_advanced_ai_analytics_service.dart,6592,0415ff0d6e0c2edcd40d7e92c81a44f9da5e59691bf3ce67904947738e242930,TRACKED,.dart,
lib/features/atlas_advanced_ai/presentation/screens/atlas_advanced_ai_screen.dart,29894,2a1b0f34a188d389a742973ec70aca138346f528ff88641331da56e58d1c424c,TRACKED,.dart,
lib/features/atlas_ai/data/services/atlas_ai_conversation_storage_service.dart,7636,87292a537796436ace2c37b10aaed3456fe2317ef469bce2376f58f4a855e723,TRACKED,.dart,
lib/features/atlas_ai/data/services/atlas_ai_operation_actions_loader_service.dart,1422,8128e5bc93c86df706baae64e5e58be80c7c44972028e0216bf7ab1698c78f2b,TRACKED,.dart,
lib/features/atlas_ai/data/services/atlas_ai_tracked_action_storage_service.dart,2771,7def292093a1cd83af04ba4c502936cb4b38560a12fa8bed78a80d0ab853eb7b,TRACKED,.dart,
lib/features/atlas_ai/domain/models/atlas_ai_farm_context.dart,9915,b09a43a9e2e2b209be1c0ae7131c56355e28cc01675ab652a26d0a237119a5e3,TRACKED,.dart,
lib/features/atlas_ai/domain/models/atlas_ai_memory.dart,3379,e3b06f073a48bd4b0989921f28d72ec5f5427e7417a8e13c0747abebc7104b1c,TRACKED,.dart,
lib/features/atlas_ai/domain/models/atlas_ai_operation_actions.dart,4379,17bafc1fc2433897759c956b07a1a7bf20f218b5ba7179646e0e0cdc46534e57,TRACKED,.dart,
lib/features/atlas_ai/domain/models/atlas_ai_response.dart,6178,bd8c35efb5e35669548892ded3934cd940565cd8c2c0c9979d9681b2ec759305,TRACKED,.dart,
lib/features/atlas_ai/domain/models/atlas_ai_tracked_action.dart,5329,65e63b7ff55d312a1b08ad2d389fcdd44193b3738d3e708cafa2f1bc7c676915,TRACKED,.dart,
lib/features/atlas_ai/domain/services/atlas_ai_action_tracking_service.dart,6865,d16b0994253b39ac3fdcc9b4671c98d78a90401f253fe1945fb9bbd74c3dfab4,TRACKED,.dart,
lib/features/atlas_ai/domain/services/atlas_ai_context_service.dart,6932,f4905a9131081d61ef52cb278255e066b8f9f567a05c2da1b970cd25037f1fca,TRACKED,.dart,
lib/features/atlas_ai/domain/services/atlas_ai_memory_service.dart,8654,b6ee762ef951e10ea7d9d6aa08bb265a3b60e40e1a697549e1a3ba7bc031d038,TRACKED,.dart,
lib/features/atlas_ai/domain/services/atlas_ai_operation_actions_service.dart,8385,8f9a03d5afa37f2d0619db22bfd2c56778b54058b40318be60f939d27ae233a3,TRACKED,.dart,
lib/features/atlas_ai/domain/services/atlas_ai_response_service.dart,50959,a834cfe3e7c373cce8e0f1d08847292dcb5220721af896528bf5318acbdb3c0e,TRACKED,.dart,
lib/features/atlas_ai/presentation/screens/atlas_ai_operation_actions_screen.dart,23343,1e3c1d14b7f46425bd48514a051484a2cf7474b80d4f4c12535ca883a2a94423,TRACKED,.dart,
lib/features/atlas_ai/presentation/screens/atlas_ai_screen.dart,58348,30c4d7649be3c94f571353bb01f42dcc3c4c327305c9bbcd8e34482b562dae8b,TRACKED,.dart,
lib/features/atlas_ai_2/data/atlas_ai_repository.dart,2297,c5a0cb545db59588190224fae42e8ce9fd452c9fbe55c875599c36d56e88a5f3,TRACKED,.dart,
lib/features/atlas_ai_2/presentation/screens/atlas_ai_conversation_screen.dart,7718,37df3d60f8ea75e5a862fcee32e6386f6434c478b355dbcd3620426c3f6ddfd1,TRACKED,.dart,
lib/features/atlas_ai_2/presentation/screens/atlas_executive_ai_screen.dart,5194,0081a4d6edffd0284ca02a764f221d3f07ead28b131dfd59402ba24f57d02cdf,TRACKED,.dart,
lib/features/atlas_ai_enterprise/data/atlas_ai_enterprise_repository.dart,1718,749826b11d567dc76ba74c9f15e5cdb196ed0948c780d725d428884649ae84b0,TRACKED,.dart,
lib/features/atlas_ai_enterprise/presentation/screens/atlas_ai_enterprise_screen.dart,10269,d751bab6ebfa5159586f146f55554b43ffd7310722db7d8cde61cbb33089c151,TRACKED,.dart,
lib/features/atlas_auth_sync_enterprise/data/services/atlas_auth_sync_storage_service.dart,1459,ca0fb3f178177a154f7972ee9244d4f55173a3c1c2db4ae4ea1a64c13910edba,TRACKED,.dart,
lib/features/atlas_auth_sync_enterprise/domain/models/atlas_auth_sync_record.dart,8321,eda4e20e8c46773c6d2f5708f4ddc8a59b477b90615d56bba031153e8674407f,TRACKED,.dart,
lib/features/atlas_auth_sync_enterprise/domain/services/atlas_auth_sync_analytics_service.dart,5589,bab9fc4098dd915687f7132655c47ae0cb4206b52b569a390d3516902a9cd023,TRACKED,.dart,
lib/features/atlas_auth_sync_enterprise/presentation/screens/atlas_auth_sync_screen.dart,24973,c1497c7999df4c6d0f880464c3fc485d9c4c3336823d1b1290ce3aa6580099ad,TRACKED,.dart,
lib/features/atlas_automation_operations/data/services/atlas_automation_storage_service.dart,1481,2c3c35d6e1558be3285f7a1f3bf9f2bcf8798994595452dabd778b992a8a8494,TRACKED,.dart,
lib/features/atlas_automation_operations/domain/models/atlas_automation_record.dart,5068,e4c0225724ea9ef3d37613ea19d48be0e42853be032bfe3fc5990f0408c0b270,TRACKED,.dart,
lib/features/atlas_automation_operations/domain/services/atlas_automation_analytics_service.dart,4096,c4b88b5a429f150f7a77f746db62d2c3a3cc8302efa41b357ff704fa3b9f1bbc,TRACKED,.dart,
lib/features/atlas_automation_operations/presentation/screens/atlas_automation_operations_screen.dart,24746,7457c59a2b2ed2b934d2743a848348af07804f0d253cdd8fb4000304dd43393a,TRACKED,.dart,
lib/features/atlas_autonomous_enterprise/data/services/atlas_autonomous_enterprise_storage_service.dart,1532,072a2eeffd069f420f473f2ebf660273f2c2e1f70e81ac899ade4bc7157acdf6,TRACKED,.dart,
lib/features/atlas_autonomous_enterprise/domain/models/atlas_autonomous_enterprise_record.dart,5628,1f8b6ef853b461cd04d6256ae614096f3a9da8681bc44b07259f4740e6e21aff,TRACKED,.dart,
lib/features/atlas_autonomous_enterprise/domain/services/atlas_autonomous_enterprise_analytics_service.dart,5624,ee79f4ca3fb51ffdf7b5edf5be0ba19d4c5a6f30df269e3b5f510be2fd8dbdc8,TRACKED,.dart,
lib/features/atlas_autonomous_enterprise/presentation/screens/atlas_autonomous_enterprise_screen.dart,28553,342e4de9dee1c5fa1c34e7b5a2878ab794460d4c91fdc913e05b1e19296ac401,TRACKED,.dart,
lib/features/atlas_backend_foundation/data/services/atlas_backend_foundation_storage_service.dart,1454,e94e5dd45c21d295a21d750ae8d942fea6a0af5481a4a981d7839d3c628abfcd,TRACKED,.dart,
lib/features/atlas_backend_foundation/domain/models/atlas_backend_foundation_record.dart,7987,eac09b0c677cbc84fc09bffc9c610e4c3057a3042bc9c7d727fc83a96ef5cd11,TRACKED,.dart,
lib/features/atlas_backend_foundation/domain/services/atlas_backend_foundation_analytics_service.dart,3338,e154630681f84bb3ad70f014c480ee7bf375a3fe6f7be16337fc03ea09d035b9,TRACKED,.dart,
lib/features/atlas_backend_foundation/presentation/screens/atlas_backend_foundation_screen.dart,19081,373026595b47d2907a70e91c55867939fc7182c5b3f97d1d353f059e2ec0755f,TRACKED,.dart,
lib/features/atlas_bi/data/services/atlas_bi_loader_service.dart,10151,9387f2573fc001abbb661137c7ac27b836dad03199c9de6e137b96309c393a97,TRACKED,.dart,
lib/features/atlas_bi/domain/models/atlas_bi_benchmark.dart,2977,3ecd307eaf231e20a0b8c42158e655808fd46364549aac90cffb18d4c8d5113c,TRACKED,.dart,
lib/features/atlas_bi/domain/models/atlas_bi_data.dart,6125,c01896c71179d867e06e6821713112dd5082601033542c3c5f7cc42bedf02f36,TRACKED,.dart,
lib/features/atlas_bi/domain/models/atlas_bi_forecast.dart,3420,89caaad8250d02fcc09ce6a09d00b617c365b6a7413bf664c4b644ddd69f2a5c,TRACKED,.dart,
lib/features/atlas_bi/domain/models/atlas_bi_management_summary.dart,1479,004ad1542e60db3df712a616052e09693a4468224f6144f050e79bc9729bdad5,TRACKED,.dart,
lib/features/atlas_bi/domain/services/atlas_bi_benchmark_service.dart,8033,2e5ff9064c53f134a3ca2104c33ebc65fffa5977e6e28d52bb285b81105748ca,TRACKED,.dart,
lib/features/atlas_bi/domain/services/atlas_bi_forecast_service.dart,12829,c82d313c380b58544fc0320ce333b71f3a9cf92d3f28c165d89bde069ab83100,TRACKED,.dart,
lib/features/atlas_bi/domain/services/atlas_bi_management_service.dart,3647,6c480582cba1acc44756c0cc87b18c054021809df6455d950b92f1b30d3d8f40,TRACKED,.dart,
lib/features/atlas_bi/domain/services/atlas_bi_service.dart,7761,4a49b44e31649dbf116bbb142aeb96530b85a0d9d01c2d20ec0cc0cd11248918,TRACKED,.dart,
lib/features/atlas_bi/presentation/screens/atlas_bi_benchmark_screen.dart,20083,4fc755bab82208dd272cd016cd5553acea15494ef6c8dc4680c376a0686db054,TRACKED,.dart,
lib/features/atlas_bi/presentation/screens/atlas_bi_forecast_screen.dart,18014,619e661320f72ad965263d0df08d29b1c7fccf782e0f8225bf4440920b482902,TRACKED,.dart,
lib/features/atlas_bi/presentation/screens/atlas_bi_hub_screen.dart,68853,20e7839f265625e4bd9ce2d2201e018120f5d553d1f0e4ae66047cbac669fd5d,TRACKED,.dart,
lib/features/atlas_bi/presentation/screens/atlas_bi_management_dashboard_screen.dart,9289,a812e407680c11e644053abff14ba4c75fcb570e94d5ff24157a473f816a2507,TRACKED,.dart,
lib/features/atlas_bi/presentation/screens/atlas_bi_screen.dart,21895,b6f789ed7a31e600dbbcd69fbf4db823990ebd62cf98e896cde60f0c66b12d94,TRACKED,.dart,
lib/features/atlas_bi_analytics/domain/models/atlas_bi_analytics_data.dart,6217,b5319607b516dc013f331d63628e855db878a86638f5ff095dd3022f9752bead,TRACKED,.dart,
lib/features/atlas_bi_analytics/domain/services/atlas_bi_analytics_service.dart,15062,e9d25bebf58eef926b3e9c3e1c39271edd9e7708fdd12cf32a83031a1e69115e,TRACKED,.dart,
lib/features/atlas_bi_analytics/presentation/screens/atlas_bi_analytics_screen.dart,17110,0dbc5f97f5629cbafab29784e877680bc64c3407f7349578da673e2c85a6260e,TRACKED,.dart,
lib/features/atlas_business/data/services/atlas_business_service.dart,2187,f49cecd5a1b4ca6ef69ebc8e78d6fe5c325792b36648ab5d609afae6de8e3631,TRACKED,.dart,
lib/features/atlas_business/domain/models/atlas_business_dashboard_data.dart,1184,916df6f46381e7602e7fa068458dd7683431db6201d559285bb1b8885c1dcdfc,TRACKED,.dart,
lib/features/atlas_business/presentation/screens/atlas_business_dashboard_screen.dart,8808,bbc7631094625b31a9f3e44ec5591b8808ce86fc567a4b4b57cea4ae157df1fe,TRACKED,.dart,
lib/features/atlas_climate_enterprise/data/services/atlas_climate_enterprise_storage_service.dart,1511,d070bb6466475d837c9c6ed1f4da92026908d404cf0b5be6fbb41d0baef01a77,TRACKED,.dart,
lib/features/atlas_climate_enterprise/domain/models/atlas_climate_enterprise_record.dart,9353,da00e88ac519e431cf558cf618587c419199493502caeb8bc1fd850183cf78f2,TRACKED,.dart,
lib/features/atlas_climate_enterprise/domain/services/atlas_climate_enterprise_analytics_service.dart,5329,3f45a3f2036c84f7f13d08d11015073f8e0a0a348e16f70d10095a2e18d3a631,TRACKED,.dart,
lib/features/atlas_climate_enterprise/presentation/screens/atlas_climate_enterprise_screen.dart,28174,5011e339a532e8fb9498dbe283fc0e9bc4501e7cb974c2983dd4d13de88ba198,TRACKED,.dart,
lib/features/atlas_cloud_security_enterprise/data/services/atlas_cloud_security_storage_service.dart,1494,dab0bc340cbc5ac60dc5ccc6497165a6f2b1a02ff873fdf200913b5f46e8fb00,TRACKED,.dart,
lib/features/atlas_cloud_security_enterprise/domain/models/atlas_cloud_security_record.dart,8493,d59082221591bd4c9f3590ec129c583411a31030f2d9ec60ecbc8cd2830838d6,TRACKED,.dart,
lib/features/atlas_cloud_security_enterprise/domain/services/atlas_cloud_security_analytics_service.dart,6129,86e9cad28d4a10533692468871df8470a6fe4c5ac3997e2f8490e7e478333eac,TRACKED,.dart,
lib/features/atlas_cloud_security_enterprise/presentation/screens/atlas_cloud_security_screen.dart,27223,db9897eaa147860749618d81fbb18859ccfb97fa0ae72067d5e0324698e9f381,TRACKED,.dart,
lib/features/atlas_commercial_enterprise/data/services/atlas_commercial_enterprise_storage_service.dart,1532,cc22eff75f7edc098c3b10a945e2f527331593c24c0e549082437db73c5dde68,TRACKED,.dart,
lib/features/atlas_commercial_enterprise/domain/models/atlas_commercial_enterprise_record.dart,8689,3ebe7692d77c2b85e0814d12c950358c738b40b8cb6a2fb4a18291a0593f5117,TRACKED,.dart,
lib/features/atlas_commercial_enterprise/domain/services/atlas_commercial_enterprise_analytics_service.dart,6810,a517aaabfd485ca9087ba2b7f024508016c6951a45f6c1824ed08fd943cc611c,TRACKED,.dart,
lib/features/atlas_commercial_enterprise/presentation/screens/atlas_commercial_enterprise_screen.dart,29879,815b22ebd87511211e523b5af967471fc08b456fcfcf565d78655b36b981dc8f,TRACKED,.dart,
lib/features/atlas_commercial_operations/data/services/atlas_commercial_operation_storage_service.dart,1527,e6f7910168353b45bf7a680c8ad257c3223afb4d398b8be7bbbe7a6a466bbdd2,TRACKED,.dart,
lib/features/atlas_commercial_operations/domain/models/atlas_commercial_operation_record.dart,6248,1959ac01a3f12c1d6ceeb0a4f6dbcded30d76011bfe84bde2e51713c8dc142dc,TRACKED,.dart,
lib/features/atlas_commercial_operations/domain/services/atlas_commercial_operation_analytics_service.dart,5463,2cd02a282c6260fab281e05ac4e70f4a416b69277d96329a22e4a2c6729ac89e,TRACKED,.dart,
lib/features/atlas_commercial_operations/presentation/screens/atlas_commercial_operations_screen.dart,28430,41c8e44377f80d229541d7245af7e6f37a3934a5f3c615bc1bd6a61717daf439,TRACKED,.dart,
lib/features/atlas_copilot/README.md,730,f92bc1a9498afc64ba0ac1abd718c95858f152c18184d9bb82cddf8ed1b9721f,TRACKED,.md,
lib/features/atlas_copilot/domain/models/atlas_copilot_data.dart,7382,2f4a5d48d0a4e2d58f72f05aec9337984e4732374fe1ee9b7fcda0e5f781cd26,TRACKED,.dart,
lib/features/atlas_copilot/domain/services/atlas_copilot_service.dart,18589,20a130eae9c7a079396763fd9c70a4261c6f53113932a0695400958ebdfc61f2,TRACKED,.dart,
lib/features/atlas_copilot/presentation/screens/atlas_copilot_screen.dart,24127,749c91bfbaa6460d259e6cb4902f7e99ea5f4afd8ec0e4670d237cf8b014e181,TRACKED,.dart,
lib/features/atlas_enterprise_50/data/services/atlas_enterprise_storage_service.dart,1458,d70172a65b7b5ae420768c330fe0b5de13a3f12d4d1cd1f8d37c710f565489c0,TRACKED,.dart,
lib/features/atlas_enterprise_50/domain/models/atlas_enterprise_record.dart,3071,5291e920d4ec23d85cac259cecfe1a82d258acccfb3d456659629c6fd72aa6db,TRACKED,.dart,
lib/features/atlas_enterprise_50/domain/services/atlas_enterprise_analytics_service.dart,2363,a1488d74c85ce85726e8fd6d9389483b87ed16505882c13a2fdef59619e7fd28,TRACKED,.dart,
lib/features/atlas_enterprise_50/presentation/screens/atlas_enterprise_50_screen.dart,39732,2898932547e068621f8988671f5fcd1e5b570e2772500019d65abfa9ff90237a,TRACKED,.dart,
lib/features/atlas_enterprise_operations/data/services/atlas_enterprise_operation_storage_service.dart,1527,eea1b0b1486a1022a4cb32f68989d99f82957a88e3df53a72214f71708fac571,TRACKED,.dart,
lib/features/atlas_enterprise_operations/domain/models/atlas_enterprise_operation_record.dart,6633,6b97bc0c0c37baeb29d04fe4660c4029376cd5df11f5d4d224169d3c8d0f83f4,TRACKED,.dart,
lib/features/atlas_enterprise_operations/domain/services/atlas_enterprise_operation_analytics_service.dart,5759,d71fb9bad9522b4075520c4746cc14cabcd97d72a3271e710ac62df4777cb8e8,TRACKED,.dart,
lib/features/atlas_enterprise_operations/presentation/screens/atlas_enterprise_operations_screen.dart,28197,1b191ddda45318012bc0e5e0297601b701ad7fe36d008d9fee489233f54cb39d,TRACKED,.dart,
lib/features/atlas_environmental_ai/data/services/atlas_environmental_ai_storage_service.dart,1497,84003722ca03ace859b9828f98f812e735a3fde04ae28bdd5a56a22400fb05a8,TRACKED,.dart,
lib/features/atlas_environmental_ai/domain/models/atlas_environmental_ai_record.dart,5211,3da5a9353a154adc792d157b5fda530497d70c6993d16007206661887b9eb0b2,TRACKED,.dart,
lib/features/atlas_environmental_ai/domain/services/atlas_environmental_ai_engine.dart,9159,aebdb9aae0ade1fd915c6fa9b37e37cdf15c2b2be7c6aeece5ddb31e8305a916,TRACKED,.dart,
lib/features/atlas_environmental_ai/presentation/screens/atlas_environmental_ai_screen.dart,26840,7e258309cd0b918cbd82abdc4766fb7db6fe7a269e2f959d5407d5b481ccbed9,TRACKED,.dart,
lib/features/atlas_executive_intelligence/data/services/atlas_executive_intelligence_storage_service.dart,1539,4379d02c6dab32480048a9e963ad8bd49058c277dd641d4cf2ff9b3313611952,TRACKED,.dart,
lib/features/atlas_executive_intelligence/domain/models/atlas_executive_intelligence_record.dart,6796,1a9b09219fc1a5845e89207e4cbc65e7991462e113bf2eaa86c71e7c07ec276d,TRACKED,.dart,
lib/features/atlas_executive_intelligence/domain/services/atlas_executive_intelligence_analytics_service.dart,5597,cdb7e3bddda15b50145a029648937189ef0a83d83ab69638e10dcd39d5497c86,TRACKED,.dart,
lib/features/atlas_executive_intelligence/presentation/screens/atlas_executive_intelligence_screen.dart,28498,595357fbf8cd8d65176db02863057d571a9a8782165a45addf8809820091b2a2,TRACKED,.dart,
lib/features/atlas_executive_platform/data/services/atlas_executive_platform_storage_service.dart,1511,f1c82a55065be0c650aa6a6195fa8d0aaf8947d5424edd286f904fe5c93ac2b9,TRACKED,.dart,
lib/features/atlas_executive_platform/domain/models/atlas_executive_platform_record.dart,8933,d7d6e42732a16874d284ace90a17bdc2470cab4ec5af0f0d23127d0a7acbc558,TRACKED,.dart,
lib/features/atlas_executive_platform/domain/services/atlas_executive_platform_analytics_service.dart,6516,9ba44bb811c672db2f57047d231c985b0e3c2d004490a14b1136a0ee1d531dc7,TRACKED,.dart,
lib/features/atlas_executive_platform/presentation/screens/atlas_executive_platform_screen.dart,28133,229bd11bb450ced1d1dec0ee4ce779532e4c98599e4fa9d74f75a2092be39a8e,TRACKED,.dart,
lib/features/atlas_finance_enterprise/data/services/atlas_finance_enterprise_storage_service.dart,1511,53fe4e1996f99ec63a782c1062807d5adf175e2ddad18d4a2c6bd7c0ed3be8c7,TRACKED,.dart,
lib/features/atlas_finance_enterprise/domain/models/atlas_finance_enterprise_record.dart,8836,38690faaaa33b48552c1d38b0288215dc57257ea76c5a7beeccdf1574642a961,TRACKED,.dart,
lib/features/atlas_finance_enterprise/domain/services/atlas_finance_enterprise_analytics_service.dart,7000,537f39330edbe9f180c4f1b851a48ca28305b652f60283b43d057fd7bdda3ac6,TRACKED,.dart,
lib/features/atlas_finance_enterprise/presentation/screens/atlas_finance_enterprise_screen.dart,31145,f04334bc410790a8a69db33e7fad8f025cb97d8b9d9843f6e33b9688f5ba4f8c,TRACKED,.dart,
lib/features/atlas_financial_integrations/data/services/atlas_financial_integration_storage_service.dart,1534,b95e969506e2d5cd4eccce652940466f8f9ef3718135f18fc8bccc1f639a9ea0,TRACKED,.dart,
lib/features/atlas_financial_integrations/domain/models/atlas_financial_integration_record.dart,6063,5e400e6ab165ae884325c8ff3899c21500e6861201c485765c69b8c187bb02da,TRACKED,.dart,
lib/features/atlas_financial_integrations/domain/services/atlas_financial_integration_analytics_service.dart,4950,42f5d7a3424aa6cab1d658eb7f64c20f343544c2d10f7e702e1397e9c983e036,TRACKED,.dart,
lib/features/atlas_financial_integrations/presentation/screens/atlas_financial_integrations_screen.dart,28037,0fd74c2899a8319177b8d5d373a5c400d590546543729955885b08d760d3de0c,TRACKED,.dart,
lib/features/atlas_geospatial_platform/data/services/atlas_geospatial_storage_service.dart,1468,0a5a37b18cee87fd059deca82c79f4c4712fa7b089ebe4e81337f1406affcad5,TRACKED,.dart,
lib/features/atlas_geospatial_platform/domain/models/atlas_geospatial_record.dart,7751,64da7fa0f365b5fa202e396147d2f68a49336c9cc7013735edeecb72797a40dd,TRACKED,.dart,
lib/features/atlas_geospatial_platform/domain/services/atlas_geospatial_analytics_service.dart,6047,a0d00599afb0e7072c6a93244f524f361122974a5c3cedad9cbb2122e988517f,TRACKED,.dart,
lib/features/atlas_geospatial_platform/presentation/screens/atlas_geospatial_screen.dart,28377,3be943ef74b1f0cfeaa0184a9cfb77a5b17c491890a36505131e2bfb6e727c1a,TRACKED,.dart,
lib/features/atlas_global_platform/data/services/atlas_global_platform_storage_service.dart,1490,46193b03b0f84d6e1f0159545306db16f9a7b0522329c08440340eeba55409bc,TRACKED,.dart,
lib/features/atlas_global_platform/domain/models/atlas_global_platform_record.dart,4878,249a381873179a156cda3a0339733081e79c3a14ac5ffec7c96870cb6704f800,TRACKED,.dart,
lib/features/atlas_global_platform/domain/services/atlas_global_platform_analytics_service.dart,3207,9e15f02df307a2d918c951a4e5df34f808486e6721963c12a32db38dc4aede06,TRACKED,.dart,
lib/features/atlas_global_platform/presentation/screens/atlas_global_platform_screen.dart,26327,8269a8c69c430b3bb0816cbca50644da052b122d8d4c7a5da83496028a007484,TRACKED,.dart,
lib/features/atlas_governance_operations/data/services/atlas_governance_operation_storage_service.dart,1527,771188cc551a0391a29513818e78d44f886d95236a119422334a7bbba4d0f4aa,TRACKED,.dart,
lib/features/atlas_governance_operations/domain/models/atlas_governance_operation_record.dart,6611,f5fb87124258c7ea71c16c9e23db3c0bf924537222b871f632caec940e107d65,TRACKED,.dart,
lib/features/atlas_governance_operations/domain/services/atlas_governance_operation_analytics_service.dart,5735,6fbb06f9a70767cefe41eecc6e92e47a2b464edc621c859516cfb5639ce8dddf,TRACKED,.dart,
lib/features/atlas_governance_operations/presentation/screens/atlas_governance_operations_screen.dart,28160,e6204193778c97bc8c32a1bddf2c349e6ba84d575bfb44e0bdd3454fcd5f550b,TRACKED,.dart,
lib/features/atlas_governance_people_enterprise/data/services/atlas_governance_people_storage_service.dart,1515,43b73acaf3e2728f3832f778e27da6cecbc0248b6fd1d4afcb8efb0f43ff1657,TRACKED,.dart,
lib/features/atlas_governance_people_enterprise/domain/models/atlas_governance_people_record.dart,9060,41b4e725a232ec8442a4689cd383ad4884398ae1649e06c631f07aa09ddecb36,TRACKED,.dart,
lib/features/atlas_governance_people_enterprise/domain/services/atlas_governance_people_analytics_service.dart,6417,139e7026217ae1c84f9a53aca60502a46a6740fb60d782f5862488fe5b85f542,TRACKED,.dart,
lib/features/atlas_governance_people_enterprise/presentation/screens/atlas_governance_people_screen.dart,27989,a9ec211f3909c5a748552b290f56b0c00fc0d970677a8f0e88740e305e260d56,TRACKED,.dart,
lib/features/atlas_intelligence/domain/models/atlas_intelligence_data.dart,5611,04efdcdb10d505bd285773a5698089cec35d9b1420bb0b87ed75854ef16ddc80,TRACKED,.dart,
lib/features/atlas_intelligence/domain/services/atlas_intelligence_service.dart,23228,ab2f901eace13e3baedd5136532d8e050488fbea78c252b4f30fdf4e9fa01503,TRACKED,.dart,
lib/features/atlas_intelligence/presentation/screens/atlas_intelligence_screen.dart,19655,fac3ef2e63c2ecd816be6e7688d5cccc215959fc271d2493af8b2e9f32a2d162,TRACKED,.dart,
lib/features/atlas_intelligence_center/data/services/atlas_intelligence_service.dart,2727,fff5697178c202b966c35d0268d73de51bd03bbecb32b667ff73b97dbf9f1cef,TRACKED,.dart,
lib/features/atlas_intelligence_center/domain/models/atlas_intelligence_models.dart,1841,c5ff3ea857631afd6a58008ff4eb0b163c096cd70a7467af68418a3e38895715,TRACKED,.dart,
lib/features/atlas_intelligence_center/presentation/screens/atlas_intelligence_center_screen.dart,23264,31d1f19ac00379491c317e9cf4bf680cc5edb621dd6e39ed81f924ec913a6e20,TRACKED,.dart,
lib/features/atlas_intelligence_reports_experience/data/services/atlas_intelligence_reports_storage_service.dart,1536,b12e1f1c21286fe8d17150ff624b20149d4e41c5464af7828806a3d12039a0fd,TRACKED,.dart,
lib/features/atlas_intelligence_reports_experience/domain/models/atlas_intelligence_reports_record.dart,8829,3c697e8c8798c02468fa8d2e46651d448b265ca2f5dd51b5e5fb8368d108ace7,TRACKED,.dart,
lib/features/atlas_intelligence_reports_experience/domain/services/atlas_intelligence_reports_analytics_service.dart,3870,04a3c20e696f6e850afce28b2cba438f8b7a8c1b9c534d7ecda91e8fcc5b8586,TRACKED,.dart,
lib/features/atlas_intelligence_reports_experience/presentation/screens/atlas_intelligence_reports_screen.dart,25702,71dd44f03fa2600260378420b226412289d136f2de3984efb7c033b42d877347,TRACKED,.dart,
lib/features/atlas_iot_platform/data/services/atlas_iot_storage_service.dart,1406,ee1c59cd8848db56600c5536c9b87af4ddf6e9cbf0e3deacc83efc258e17d3cd,TRACKED,.dart,
lib/features/atlas_iot_platform/domain/models/atlas_iot_record.dart,7033,584ff8dd88ee80f72cff265b9bda9280160e170220b491a08cce925376e658c2,TRACKED,.dart,
lib/features/atlas_iot_platform/domain/services/atlas_iot_analytics_service.dart,5603,a315527d75e346f969850329da8948a66d181017c156aeb890f819f2018f24ae,TRACKED,.dart,
lib/features/atlas_iot_platform/presentation/screens/atlas_iot_screen.dart,25690,e957cb56a19be6bca1424a6436078085cb753b16ada22f564a6933acc09ff199,TRACKED,.dart,
lib/features/atlas_land_intelligence/data/services/atlas_land_storage_service.dart,1419,1d540890db50fe5fb96d14544cffa030b51ac50b105f6d40fc2665257ecacfe5,TRACKED,.dart,
lib/features/atlas_land_intelligence/domain/models/atlas_land_record.dart,4659,a0958a4b5c7ad80094bcfaef61c68f134da86684e012bfb5ed1a2db6c88a8671,TRACKED,.dart,
lib/features/atlas_land_intelligence/domain/services/atlas_land_analytics_service.dart,3825,ec696c55ed6aef8c5ceb2919c97650f940ae835ef3e4240fac0c7cc32318e281,TRACKED,.dart,
lib/features/atlas_land_intelligence/presentation/screens/atlas_land_intelligence_screen.dart,21091,4ae94aca860ee4f617df3a0c63a25ce195d637985600613ee039a9086adf4596,TRACKED,.dart,
lib/features/atlas_livestock_integration/data/services/atlas_livestock_integration_storage_service.dart,1532,9e43f4f4a3e959dd7bf5f0bed0bbc67245b3dc7e4878ceb4749665b5f9664167,TRACKED,.dart,
lib/features/atlas_livestock_integration/domain/models/atlas_livestock_integration_record.dart,8292,4119771c561766d12ddf2545f2f04a8314d6d6235667ddcf0f36c525aefa1e0b,TRACKED,.dart,
lib/features/atlas_livestock_integration/domain/services/atlas_livestock_integration_analytics_service.dart,3782,e645d6a4d7c4ebe3fff330db49f008ecb0a9ea9d9bdca73b1fa9a7df78c4edd3,TRACKED,.dart,
lib/features/atlas_livestock_integration/presentation/screens/atlas_livestock_integration_screen.dart,24936,d92b850145f14021701ea4e42f38987dbb45b97d79845bf18ac2bf6f247be6ca,TRACKED,.dart,
lib/features/atlas_official_integrations/data/services/atlas_official_integration_storage_service.dart,1527,9e799a6acbbbd7e12ca8948d2dc7b39a74480c227eead5f3618bd25504abc10e,TRACKED,.dart,
lib/features/atlas_official_integrations/domain/models/atlas_official_integration_record.dart,5671,48daab2f1d9b46f2b47bbba0c7157858da6b65d47d678798d533b57fc21e6c7e,TRACKED,.dart,
lib/features/atlas_official_integrations/domain/services/atlas_official_integration_analytics_service.dart,4487,9de4020cc43044103db4ba0a54956a17f21cc79be3cc5d6e1da03b332ad649f8,TRACKED,.dart,
lib/features/atlas_official_integrations/presentation/screens/atlas_official_integrations_screen.dart,25885,88bd137f2751600ed2e73042fc8a0d0214726580f03b3185cd82aac351245baf,TRACKED,.dart,
lib/features/atlas_operations_enterprise/data/services/atlas_operations_enterprise_storage_service.dart,1532,fb8475be9765173ab0bc4e06b09a8a30d1112e6f1529d9282cdb5700d165382f,TRACKED,.dart,
lib/features/atlas_operations_enterprise/domain/models/atlas_operations_enterprise_record.dart,9041,888316ea607c4adb3deec38d55d65e0b3b94191b6d97cb7507029e66632ea587,TRACKED,.dart,
lib/features/atlas_operations_enterprise/domain/services/atlas_operations_enterprise_analytics_service.dart,6872,cf2874815186367095df38bfc3f4cbf0fe8ace06541ce653b498258f6fbd4b77,TRACKED,.dart,
lib/features/atlas_operations_enterprise/presentation/screens/atlas_operations_enterprise_screen.dart,28915,cdd4852b343546c9bf39c7a5a2af2fc9db31319020394b035bb6a9dfe7af076a,TRACKED,.dart,
lib/features/atlas_os/domain/models/atlas_os_data.dart,5644,afc3e8cfa9f14c30824ece99ba2d14485e534ddbd11479dad78d4af0f1262ceb,TRACKED,.dart,
lib/features/atlas_os/domain/services/atlas_os_service.dart,11138,4097f2c4bbc594d5db68ce2b371243fce6eb370225bb7abf05f91f0c6cb2b269,TRACKED,.dart,
lib/features/atlas_os/presentation/screens/atlas_os_screen.dart,23445,490bd0e07dc688577e5fcc18d6a64869c064a406f04e0ac0edd1d2386ab066c2,TRACKED,.dart,
lib/features/atlas_platform_resilience/data/services/atlas_platform_resilience_storage_service.dart,1518,3b802d9e0820559263fb5e20bc11c6bf32b53f0dcb97f66489fc4d7aa4911280,TRACKED,.dart,
lib/features/atlas_platform_resilience/domain/models/atlas_platform_resilience_record.dart,6643,6424dd3cfe81289e8d729a24edd0543fe6365980e837a812ed865dea6b65e564,TRACKED,.dart,
lib/features/atlas_platform_resilience/domain/services/atlas_platform_resilience_analytics_service.dart,5623,5829fdb263c5aba8d157c70fd330559e4ba86958ea5287b77289e2932c0055cb,TRACKED,.dart,
lib/features/atlas_platform_resilience/presentation/screens/atlas_platform_resilience_screen.dart,28317,cbaca1fdf4086d4d244f7117b4ce79d491696e95241b070e776ad973cef8a98a,TRACKED,.dart,
lib/features/atlas_precision_livestock/data/services/atlas_precision_livestock_storage_service.dart,1518,6cd0906ed74cefe88e7205af344cf2ec9e23d014e93fbdafa7dacf8e22aa23a1,TRACKED,.dart,
lib/features/atlas_precision_livestock/domain/models/atlas_precision_livestock_record.dart,8912,cd48fe04a8f808acf3e0b36723f652711660e99ee2be1f2dfb490f5974eac1d8,TRACKED,.dart,
lib/features/atlas_precision_livestock/domain/services/atlas_precision_livestock_analytics_service.dart,6661,91bac71b21625f5fc861c9d2cd1ffe18a4b453fbc675c3bb5953800312a6ce69,TRACKED,.dart,
lib/features/atlas_precision_livestock/presentation/screens/atlas_precision_livestock_screen.dart,31146,b15d369b6535730890d4681473a9d499e0763bc7865bbe30057b03c67c57914c,TRACKED,.dart,
lib/features/atlas_predictive_ai_suite/data/services/atlas_predictive_ai_storage_service.dart,1488,07e4361d9e5cdfc472c80d4d92a4acd16d8b50cbc3526b8143a307b936735ad4,TRACKED,.dart,
lib/features/atlas_predictive_ai_suite/domain/models/atlas_predictive_ai_record.dart,4847,a96acaa5a6d866ddae628af5d137e9f55e19c7bb9ffd04e7dfabf9898b6334d4,TRACKED,.dart,
lib/features/atlas_predictive_ai_suite/domain/services/atlas_predictive_ai_engine.dart,9295,505e8cd43191337c7b7d7fbd18b68f3ae4ddbce871f263f11f304a4c4eeb6335,TRACKED,.dart,
lib/features/atlas_predictive_ai_suite/presentation/screens/atlas_predictive_ai_screen.dart,26424,940efb43d6e3a0c90a66f446a199a0685641d309cd11688408aa4d666e650ee8,TRACKED,.dart,
lib/features/atlas_quality_release/data/services/atlas_quality_release_storage_service.dart,1490,84c9db139e52ecc82e791a939a2ffdf7ac54a5794c0a7fc7df13fbf7ebf8f657,TRACKED,.dart,
lib/features/atlas_quality_release/domain/models/atlas_quality_release_record.dart,8103,1ed927ceba81addf759a7660e9948b3c9849bd3ca81633af2b61e3927ddbb5cf,TRACKED,.dart,
lib/features/atlas_quality_release/domain/services/atlas_quality_release_analytics_service.dart,3946,e3874b423a72d8a40fef497b49562715d816b19f581664f0ca69bfa6dec3b4a8,TRACKED,.dart,
lib/features/atlas_quality_release/presentation/screens/atlas_quality_release_screen.dart,24776,02d33f9eda7f4c3e109aeaba9ab2269b9e5acf2931b073d152ce09e71b6c2afd,TRACKED,.dart,
lib/features/atlas_reproductive_ai/data/services/atlas_reproductive_prediction_storage_service.dart,1514,0db67e4b726e5437e0408dc5ee2d6beacc57442a3b5f0e0b5c1bb484007b66a0,TRACKED,.dart,
lib/features/atlas_reproductive_ai/domain/models/atlas_reproductive_prediction_case.dart,3888,70e2631a9a38c8a94e4ab6235bee23e3138b545d1723535e32f3d6a922e5ff66,TRACKED,.dart,
lib/features/atlas_reproductive_ai/domain/services/atlas_reproductive_ai_engine.dart,5869,1a7f4c26847e73160622d259ff435e176e098e33060418b7fb6687b96af1c2c6,TRACKED,.dart,
lib/features/atlas_reproductive_ai/presentation/screens/atlas_reproductive_ai_screen.dart,25103,ce0bbee8cce56c01d8c4818ffbf5746e1f2d0f29c37fb3b4e13b58c3e47f5821,TRACKED,.dart,
lib/features/atlas_reproductive_premium/data/services/atlas_reproductive_premium_storage_service.dart,1525,7c7e7825955be0722595b295ca6a1922df52be3c9dba14e51b2caa311ecf98d5,TRACKED,.dart,
lib/features/atlas_reproductive_premium/domain/models/atlas_reproductive_premium_record.dart,8501,67dc8ad9b572bb8e3e4e68c79a825ca4a640573814a842cf1b167e146f09f375,TRACKED,.dart,
lib/features/atlas_reproductive_premium/domain/services/atlas_reproductive_premium_analytics_service.dart,6511,ffb1c22398d5af5b40c29cdc70933eac5b9920fa6fc59c0c9cd751b2ced2bca2,TRACKED,.dart,
lib/features/atlas_reproductive_premium/presentation/screens/atlas_reproductive_premium_screen.dart,28759,45e02631e1328738a639a1fc30c641410bae5d4ad40f04ba4c0f3feeb2529134,TRACKED,.dart,
lib/features/atlas_rural_business/data/services/atlas_rural_business_storage_service.dart,1483,ac25b5f3a5d5bffb0eadf83671fcecd0331f2fe97d4d8ae7720977ba497c6b20,TRACKED,.dart,
lib/features/atlas_rural_business/domain/models/atlas_rural_business_record.dart,6042,d9ef50a3b4eb4f541453ae2073e077525282d6054ac806df50039cd0f67fc2c8,TRACKED,.dart,
lib/features/atlas_rural_business/domain/services/atlas_rural_business_analytics_service.dart,4884,330c04fe1b473319fbdb37659bb8d3e84b8b2b4d36eec5d2e9beedb964a34923,TRACKED,.dart,
lib/features/atlas_rural_business/presentation/screens/atlas_rural_business_screen.dart,27789,70c0d6427fd7651f0d4a23c5e7353bb1fa7f3fc86eb91536aeb98c60c4ab55c7,TRACKED,.dart,
lib/features/atlas_saas_platform/data/services/atlas_saas_platform_storage_service.dart,1476,240d8e62501fbffb65760656a35cad6779375037f688e36cb12c81c05093aa8f,TRACKED,.dart,
lib/features/atlas_saas_platform/domain/models/atlas_saas_platform_record.dart,7899,ca0f80b58a74f1f6fd0bc66f2c6b97ea5cbfd9ed572b845271f1e7d8e69482c5,TRACKED,.dart,
lib/features/atlas_saas_platform/domain/services/atlas_saas_platform_analytics_service.dart,6285,a0fb38ce65880bcf46617a2f296d8d0975e765bf6b33821d6f34c0de538e0014,TRACKED,.dart,
lib/features/atlas_saas_platform/presentation/screens/atlas_saas_platform_screen.dart,27871,1d0c32cb4cde8e52e9b57560ca656cdda97f9b40027e6393a4205117a21132a8,TRACKED,.dart,
lib/features/atlas_scale/domain/models/atlas_scale_roadmap.dart,1161,863408fbd4c33e7033876cf9e38d58da1576f26695668fdf1ca8ee205619621e,TRACKED,.dart,
lib/features/atlas_scale/presentation/screens/atlas_scale_center_screen.dart,1519,2ed8352ab33b3abc4c30bd1dcd446a4538fb49564b76515a8b975c7d1ce37975,TRACKED,.dart,
lib/features/atlas_sprints_11_15/data/services/atlas_sprints_service.dart,1470,786a6cdf113b655c07a35a65261f2427a790e25c369cbfd490844ae9be07b910,TRACKED,.dart,
lib/features/atlas_sprints_11_15/domain/models/atlas_sprints_dashboard_data.dart,738,01376dc91f679039be97830fb8c7411aa68d5ef6ddeefca92689b0e08e7eedc8,TRACKED,.dart,
lib/features/atlas_sprints_11_15/presentation/screens/atlas_sprints_dashboard_screen.dart,2424,0fe2b150fa2040db4e2a6bf85ac8d4ec6b7ebb790cd1629c12ee31a846c8d76c,TRACKED,.dart,
lib/features/atlas_sprints_16_20/data/services/atlas_sprints_16_20_service.dart,1022,2709b1260822ab8d945d4bd46842e590f70ca7e5b8828c05f64ed9cdf735ab5d,TRACKED,.dart,
lib/features/atlas_sprints_16_20/domain/models/atlas_sprints_16_20_data.dart,1091,d56a6efd6dc65b71935e31c244aedcb924cf2e815802eb6dee6260f58c18ffd3,TRACKED,.dart,
lib/features/atlas_sprints_16_20/presentation/screens/atlas_sprints_16_20_dashboard_screen.dart,5670,6c9795afc673768cb959751d012743e148f5721ceaa79160fd85de53d0280a85,TRACKED,.dart,
lib/features/atlas_sprints_21_25/data/services/atlas_sprints_21_25_service.dart,1212,987103e76448f6791325a48b136a9e8ac80fe6009010ec0b2d6450a0c112b08c,TRACKED,.dart,
lib/features/atlas_sprints_21_25/domain/models/atlas_sprints_21_25_data.dart,990,ebcf40dc1e9202bce402fb61cc910ca6d68a1d3c1be689027a1884357a71c00c,TRACKED,.dart,
lib/features/atlas_sprints_21_25/presentation/screens/atlas_sprints_21_25_dashboard_screen.dart,6403,144c6cf31c91debc12f759847ceeede9fb9676abfcf795b8e5bb6e4d29b7f62e,TRACKED,.dart,
lib/features/atlas_supply_chain/data/services/atlas_supply_chain_storage_service.dart,1458,3f8ebb387abc7fdae71b711aa0a0d1f847b37572566628ce88a098c1fa3f8268,TRACKED,.dart,
lib/features/atlas_supply_chain/domain/models/atlas_supply_chain_record.dart,4423,581592915671d12ec86264f5e7859178feb2ef0348367af970af4041482fd9ff,TRACKED,.dart,
lib/features/atlas_supply_chain/domain/services/atlas_supply_chain_analytics_service.dart,3839,077f5d02ccb683194f1d276f3f43ba9b170ffd14f9641e983d67679f1e6fb19e,TRACKED,.dart,
lib/features/atlas_supply_chain/presentation/screens/atlas_supply_chain_screen.dart,22558,30d76ce3e826a5ce15093ff7200c10e889ece331a1cdb66a7dac75a940db6dbf,TRACKED,.dart,
lib/features/atlas_supply_logistics_enterprise/data/services/atlas_supply_logistics_storage_service.dart,1508,f4d5b7222492f266a1f5dd6f7eedc225ad000e514be0075a3644fa6c4bcd19d1,TRACKED,.dart,
lib/features/atlas_supply_logistics_enterprise/domain/models/atlas_supply_logistics_record.dart,9184,db666e633e40d0b09830f2e0c3c306eaf82fe3b929350ecfb534552f2d92563e,TRACKED,.dart,
lib/features/atlas_supply_logistics_enterprise/domain/services/atlas_supply_logistics_analytics_service.dart,6742,56698cb394ff17ecd8aa31378755a2c989bbdfaea39c5eb3836f7b8558354094,TRACKED,.dart,
lib/features/atlas_supply_logistics_enterprise/presentation/screens/atlas_supply_logistics_screen.dart,29071,324d82854d273c23b0648e1cbe0eeabb93499d574ee61ee0d2d2d96ac55e50c0,TRACKED,.dart,
lib/features/atlas_sustainability_ecosystem/data/services/atlas_ecosystem_storage_service.dart,1456,2d28f701da3bc41678affde27a3735380d6be3a99f0093ccf02351452a6e866d,TRACKED,.dart,
lib/features/atlas_sustainability_ecosystem/domain/models/atlas_ecosystem_record.dart,4392,d3c56f7e1542b39f3241396b75c5a51545533e6b6b1060bc65716642968c84ca,TRACKED,.dart,
lib/features/atlas_sustainability_ecosystem/domain/services/atlas_ecosystem_analytics_service.dart,3817,bfc25c8e1e23f0f297325e18b5c7fd6e48de3c16d5958446a171fc2c675ded62,TRACKED,.dart,
lib/features/atlas_sustainability_ecosystem/presentation/screens/atlas_ecosystem_screen.dart,22352,29014f78838d05b27e082a2b03ebce45e346d8795b3802c6a39d4e0188c1bd1c,TRACKED,.dart,
lib/features/atlas_sustainability_enterprise/data/services/atlas_sustainability_enterprise_storage_service.dart,1560,d07ff4c4f437bc0b4141d5fa77064997f15fd92484303d80d91cefd4d4abeaca,TRACKED,.dart,
lib/features/atlas_sustainability_enterprise/domain/models/atlas_sustainability_enterprise_record.dart,9383,68c11b5f5c9fe5dd560dedb88c9d52c97fdf7e54b99b8f78730c181220c9a473,TRACKED,.dart,
lib/features/atlas_sustainability_enterprise/domain/services/atlas_sustainability_enterprise_analytics_service.dart,6811,b9959bfcce5096a989e1dc90e00261037cf2cd67f0c6c07e747fec1e0e136947,TRACKED,.dart,
lib/features/atlas_sustainability_enterprise/presentation/screens/atlas_sustainability_enterprise_screen.dart,30533,148e22dcd6ee6b2fcb97c660697770c36e0dccb9d671ffb210cb73236c3fde8c,TRACKED,.dart,
lib/features/atlas_veterinary_ai/data/services/atlas_veterinary_case_storage_service.dart,1453,2afd57e264f78106e58345dd8de91fd428dbef490c909ef1fbb2679f38cf4209,TRACKED,.dart,
lib/features/atlas_veterinary_ai/domain/models/atlas_veterinary_case.dart,3156,68f1b93964ec4ece09e4de7c94f0319fc6d3549ed214c0542bb0b5a2cfb83235,TRACKED,.dart,
lib/features/atlas_veterinary_ai/domain/services/atlas_veterinary_ai_engine.dart,10066,86e0683e53b482a3860d43921aa701cdd9df10fcaa7852b5b07b2ffc0382004e,TRACKED,.dart,
lib/features/atlas_veterinary_ai/presentation/screens/atlas_veterinary_ai_screen.dart,23433,cd8c65b96fe2eccbec12e7e2be3f90b77959bd629ecf211e6ad501f3afecccd2,TRACKED,.dart,
lib/features/authentication/presentation/screens/company_selection_screen.dart,2652,6516e2956bc9a6605826fc26bd41ae20a5b896fdd8c0f5ada2abf59f515bf865,TRACKED,.dart,
lib/features/authentication/presentation/screens/login_screen.dart,9767,efacf649b11887e2d444846a3036173e6568a2b20b5a4266eb751837665a8c5b,TRACKED,.dart,
lib/features/authentication/presentation/screens/password_recovery_screen.dart,4297,17cf7c2c428e52b87b02e16c8acaec191f31d32b39e071479d138a0c83b2068a,TRACKED,.dart,
lib/features/authentication/presentation/screens/register_screen.dart,7456,2ed0b50e470a8c43af7cafd94481a09ce83ab31ebc173da1061d516193c300ba,TRACKED,.dart,
lib/features/automation_strategy/data/atlas_automation_repository.dart,893,7c457dcee72d2a98cfdf33c45ac5d195a63536c283c2e5dca42d849653377ed6,TRACKED,.dart,
lib/features/automation_strategy/presentation/screens/atlas_automation_strategy_screen.dart,5559,781044f55767944b2618573a86c012fd0fa4492ad05d8427e3ef75dca557e5b2,TRACKED,.dart,
lib/features/autonomous_consultant/domain/models/atlas_consultant_report.dart,2498,c9f28f554b1c63a5bcba6f02ef901780f0daf5769cd7fff6cac8f63e269cff64,TRACKED,.dart,
lib/features/autonomous_consultant/domain/services/atlas_autonomous_consultant_service.dart,16843,f0de7bc5dc7fb7d2bec01b1087c86237faf2506b1746179b582e8c42317b798e,TRACKED,.dart,
lib/features/autonomous_consultant/presentation/screens/atlas_autonomous_consultant_screen.dart,20024,683140ce20bc378e9ca7b86f0468ecca8be05a5b6e378dec2b23f1e1feb7c7ee,TRACKED,.dart,
lib/features/benefits_realization/data/services/atlas_benefits_realization_repository.dart,1789,a80ddad8951f78fac2ad3780ba885fa23062f2c9cca21fcbff2dfb16899e5916,TRACKED,.dart,
lib/features/benefits_realization/domain/models/atlas_benefit_realization.dart,6450,03c732dc8cce762459d9cae6782a7a403825cdac6b5ae8a4b445f9f291911c20,TRACKED,.dart,
lib/features/benefits_realization/domain/services/atlas_benefits_realization_engine.dart,6494,301413a17e1e597d93d8b046aa7d35c9fef5a086e33c7a14f0732ff98ef16d9d,TRACKED,.dart,
lib/features/benefits_realization/presentation/screens/atlas_benefits_realization_screen.dart,20047,9d03109c683f39c5e6e7222b9d1442442a1350b1739f76575103f0da1c2aee58,TRACKED,.dart,
lib/features/command_center/data/services/atlas_command_repository.dart,4966,f51130341b3732aa6efa3e338e4fa1de16d87203d9a38f090ba90d8730ff8ff9,TRACKED,.dart,
lib/features/command_center/domain/models/atlas_command_center_data.dart,3823,5882b8473e200193358715ca184b2e4a26e19ae3ea816c94bb2c830d14101625,TRACKED,.dart,
lib/features/command_center/domain/services/atlas_command_engine.dart,2312,3fa26eaf6f40c12495b453f3d626584a787e3890412f6460d464fb2fe0987802,TRACKED,.dart,
lib/features/command_center/presentation/screens/atlas_command_center_screen.dart,19324,2fc3b2173080c45581f84e3ff163a0458039f87405e9d0d69be48e02504f501e,TRACKED,.dart,
lib/features/commercial_platform/data/atlas_commercial_repository.dart,1449,11fdc0c002a47e5fada3db3b6cf2cde1ba82ea3b342ef9d59917f2256d79d7ab,TRACKED,.dart,
lib/features/commercial_platform/presentation/screens/atlas_commercial_dashboard_screen.dart,5785,363410bc8fa81814bb42dc07e0a7bcb1d34690eda5a8277281b1d65e9b0ba044,TRACKED,.dart,
lib/features/commercial_readiness/domain/models/atlas_commercial_readiness.dart,1492,b9fb7c059fe52dce6215663f4c48ac617b070db0be7114792d740c79ba837bc1,TRACKED,.dart,
lib/features/commercial_readiness/presentation/screens/atlas_commercial_readiness_screen.dart,1370,2f606df87d6f4b0fd267704ef81b26fc419c1ccd1c95b5bcf429fb5a7b3a7f96,TRACKED,.dart,
lib/features/consultancy_client/data/services/atlas_client_onboarding_service.dart,1137,486ad474bcd642df9771a3b13c326ebba8bddc0c8d3e17f10335fb2b9469d1d7,TRACKED,.dart,
lib/features/consultancy_client/data/services/atlas_consultancy_action_service.dart,3313,0313646decae986434bc0eb699f495e8331ebb1e11864f608496701ec97c0cd5,TRACKED,.dart,
lib/features/consultancy_client/data/services/atlas_consultancy_contact_service.dart,1340,43629b0c1868b7d9793ab7da6758c6eaf927803b7f223cf85689a593ec4ec47a,TRACKED,.dart,
lib/features/consultancy_client/data/services/atlas_consultancy_whatsapp_service.dart,1547,2b7120fe61f537826cea547638a7256916f307e77c0dd25a634c83ec29a70fb6,TRACKED,.dart,
lib/features/consultancy_client/data/services/atlas_monthly_bulletin_service.dart,2093,6d8f413ae89b15199b4a2aa475359d25f13b7c5fbbaa53bd97ccb6677973af5d,TRACKED,.dart,
lib/features/consultancy_client/domain/models/atlas_client_onboarding_progress.dart,4584,4c942a3bb39441debdceeddc861e3ecc3f2df10baf751b85ec7ab6febb818499,TRACKED,.dart,
lib/features/consultancy_client/domain/models/atlas_consultancy_action.dart,3222,7547401c1864639b39b1786335b9517e446c4d0b968486ea278d01745331a02e,TRACKED,.dart,
lib/features/consultancy_client/domain/models/atlas_consultancy_contact_profile.dart,1408,97410b5f50454e3717dda8afe907cad6c5988c3eab2afbbd225ba024ef2c9e78,TRACKED,.dart,
lib/features/consultancy_client/domain/models/atlas_monthly_bulletin_data.dart,3068,81f04da45618cf57d74578a5cab6cd5ff3e742f0ce7d55a3f4faded0ff491b95,TRACKED,.dart,
lib/features/consultancy_client/presentation/screens/atlas_client_consultancy_center_screen.dart,36747,975085ad07184f7723f683b4159d5d82bde78c8b74627c7c06cec1728fb6bbe5,TRACKED,.dart,
lib/features/consultancy_client/presentation/widgets/atlas_client_onboarding_card.dart,4357,d452edceed73325f99feacec1ecf18cae704c0f8ce7e073771a387155143e5d1,TRACKED,.dart,
lib/features/consultancy_client/presentation/widgets/atlas_consultancy_action_plan_card.dart,6430,92e7d71f62d879e59814bdb77c943d8e3ee845ba756a13f13d80c7183c980473,TRACKED,.dart,
lib/features/consultancy_client/presentation/widgets/atlas_monthly_bulletins_card.dart,14662,10ffca3578c28a0c3f1e46613203ee7f933b22bb905f535efdf9d585e39d3e70,TRACKED,.dart,
lib/features/consultancy_hub/data/services/atlas_consultancy_repository.dart,1964,28b36093f363b9a685b3248a7dae312258a52e5230f5259ca6b61ced6ac1e08f,TRACKED,.dart,
lib/features/consultancy_hub/domain/models/atlas_consultancy_record.dart,2776,8eaf89a8773c90feea536cf3ccc869aa04210cd318161defb8a83e5007dbca8f,TRACKED,.dart,
lib/features/consultancy_hub/domain/services/atlas_consultancy_engine.dart,1466,f65a79f7d3ca79ddfdbf745e44c5d49477e5e38085f3595233459537ef1e69d0,TRACKED,.dart,
lib/features/consultancy_hub/presentation/screens/atlas_consultancy_dashboard.dart,16621,0dbb6c4eda5c03c3eebc13b3145cff0b417391bf110b1cfcbe47fa479415ddcb,TRACKED,.dart,
lib/features/consultancy_workflow/data/services/atlas_consultancy_workflow_repository.dart,808,d392f04ebe42fcc6d21d4a651d61b5fca3bbae84a03ed10b419fbfeb8cff4e07,TRACKED,.dart,
lib/features/consultancy_workflow/domain/models/atlas_consultancy_case.dart,5291,23efc1b4093b5733b57526994b15e4b0ef7123823828dc9ec5ef297cb7a5278d,TRACKED,.dart,
lib/features/consultancy_workflow/domain/services/atlas_consultancy_workflow_engine.dart,1837,3531bcea3eb7d7f16610555d3597617a63318219b73c9ea63d300f8d4cb45e1f,TRACKED,.dart,
lib/features/consultancy_workflow/presentation/screens/atlas_consultancy_workflow_screen.dart,10152,beea2a38d3a84d40767540350e6a4ab44dba940b5932c9400c76c2d00d686b00,TRACKED,.dart,
lib/features/continuous_improvement/data/services/atlas_improvement_history_service.dart,1792,e0a775e12a2e9bc01cfa40ccc40f92a7e7a3345184d01e0bc1333d1d5c7047b8,TRACKED,.dart,
lib/features/continuous_improvement/domain/models/atlas_improvement_cycle.dart,6074,5633c6a1e59e2d416890a6921946afa62078182fefff0bcc0034422ae423ee9e,TRACKED,.dart,
lib/features/continuous_improvement/domain/services/atlas_continuous_improvement_engine.dart,7309,279556f24472ccffcf27d4c60ee944af68cb22ad8a853d11d391ccbae6db2fae,TRACKED,.dart,
lib/features/continuous_improvement/presentation/screens/atlas_continuous_improvement_screen.dart,16267,fdcde9e74dc233bfdfe0cfb0b5b7e89780506d33c71cbe1308f5283154a9c38c,TRACKED,.dart,
lib/features/copilot/data/services/atlas_copilot_feedback_analytics_service.dart,4653,19a2b192076e9bfb66ea9190ae9c4129d47fc526cba0cdba500a8560da381546,TRACKED,.dart,
lib/features/copilot/data/services/atlas_copilot_history_storage_service.dart,5755,0f8e4f46746deed94c96d80d5eb85c7a43ef95d2dfc8b2bcbe6579f7f29c834e,TRACKED,.dart,
lib/features/copilot/data/services/atlas_copilot_improvement_service.dart,9433,35f4bb5cecefdd0e75f0e8274b9e056330cf839acb51d7d9f77e831b6b39c2da,TRACKED,.dart,
lib/features/copilot/domain/models/atlas_copilot_context_snapshot.dart,954,710838129f4225e4cda9d0d694e2337a09cb136e8a534e4a19c67c422fe02cbb,TRACKED,.dart,
lib/features/copilot/domain/models/atlas_copilot_conversation_summary.dart,1473,dd9cf702c0e1ce9cb6c9c5a60610a0d31e8827151d1089f989fe721cac96f69a,TRACKED,.dart,
lib/features/copilot/domain/models/atlas_copilot_feedback_analytics.dart,2364,b779bcbee3ab29856b2d2c3957f0c647902e99bb3005d8d51940a016575da8d1,TRACKED,.dart,
lib/features/copilot/domain/models/atlas_copilot_improvement_plan.dart,2040,068a9a7dd5bc2d054c9c43454e7b15a7cfd651546d55a1187685a503e9d3b062,TRACKED,.dart,
lib/features/copilot/domain/models/atlas_copilot_message.dart,3973,9fc0883acdea476adfd8e1966203c059a9c6719f6e6156e8ad0b2a0e9d28d139,TRACKED,.dart,
lib/features/copilot/domain/services/atlas_copilot_context_service.dart,4338,a9f572ce95ed8d8b0d86de56c0ae13b0efa30f44c05dd533dbe5172aeb25a43e,TRACKED,.dart,
lib/features/copilot/presentation/controllers/atlas_copilot_controller.dart,6665,6109d7995d43829b56b6eeaeb00aed5056111fa81ff5c427d6c70da98822e397,TRACKED,.dart,
lib/features/copilot/presentation/screens/atlas_copilot_conversation_viewer_screen.dart,13096,576cfcb5c02c710c66461c0716784b7b61156d8f33d62d35403593676b82a961,TRACKED,.dart,
lib/features/copilot/presentation/screens/atlas_copilot_feedback_analytics_screen.dart,18224,8e05e4faf8ea52001670df9c2f5645783d356d1dbceee4fda4f5d39b4da71f04,TRACKED,.dart,
lib/features/copilot/presentation/screens/atlas_copilot_history_screen.dart,25847,6a3de6adfe6de6ec3831aba92d8020de536b1c1b35c64fa2a2ea42f173a63372,TRACKED,.dart,
lib/features/copilot/presentation/screens/atlas_copilot_improvement_screen.dart,14547,ccc7215028c1a501e65b2855027259d8bdb0dfecc868946e8e1b12b71bab9e13,TRACKED,.dart,
lib/features/copilot/presentation/screens/atlas_copilot_screen.dart,26842,8f9b66de7cd87656f9074d3cca515dd509c12f134bcb948a3d30a87cdc0ebd50,TRACKED,.dart,
lib/features/copilot/presentation/widgets/copilot_chat_bubble.dart,7113,69c36301e4e3fd60e2ed97666436a1d9d89619ee1ec5870aa5b8b4176b527b34,TRACKED,.dart,
lib/features/copilot/presentation/widgets/copilot_input_bar.dart,2646,aebfcbf1d48c893f1311801cbef93e7e6a783768d140027841a12bc339da7e1e,TRACKED,.dart,
lib/features/copilot/presentation/widgets/copilot_suggestions.dart,1116,873924973f536c2b47928acaa565a9d31dad4ff021bca406bea2f6ed57ab4eee,TRACKED,.dart,
lib/features/dashboard/INTELLIGENCE_RESPONSIBILITIES.md,1175,e5b0b49343f2c4c0b896dc82dcb5232d8d76cbf6d5b995a947e205df9227a202,TRACKED,.md,
lib/features/dashboard/data/services/atlas_operational_intelligence_service.dart,1745,a0d6a491301bc5efa01ef6628dd6814a39bda9333bff474a8a5bb6c450dc9fac,TRACKED,.dart,
lib/features/dashboard/data/services/executive_dashboard_excel_service.dart,32425,c17f982929f1b335f80a385e5d7cc497910010be769e01ddefe790ea8f75ff42,TRACKED,.dart,
lib/features/dashboard/data/services/executive_dashboard_pdf_service.dart,34855,923563bf51465795766258d7f16454f1bfabf26fa1a2d5e8776a0330f73d23fa,TRACKED,.dart,
lib/features/dashboard/data/services/executive_opinion_pdf_service.dart,24864,4207378578df0dd273b3d75d37891791a91bf48c7fde53e46e1d4d558d7681c0,TRACKED,.dart,
lib/features/dashboard/domain/models/atlas_operational_intelligence_data.dart,7671,c57cac48febd6ae5984eed32e39ab7e02966b9b4239739d05ad52fbbccc4db6f,TRACKED,.dart,
lib/features/dashboard/domain/models/executive_dashboard_data.dart,15735,392060f2a447b42c25aa8b92bfd17ab51bf6846713af66ae889af55d637f58c2,TRACKED,.dart,
lib/features/dashboard/domain/models/executive_decision_data.dart,18843,40a0db4de3f120bcb40b50f3807220f73b9d8cfd1770c9e1fbd002add4b93f72,TRACKED,.dart,
lib/features/dashboard/domain/services/atlas_copilot_service.dart,29002,5ec73f26fd7654be0509085a3541a7d34ca45d582f6f678be9df84217f24416a,TRACKED,.dart,
lib/features/dashboard/domain/services/atlas_intelligence_service.dart,28759,99b97b801ebeee14088cb2a0eddfbee33023d4795c7055f2bc1e336442075a28,TRACKED,.dart,
lib/features/dashboard/domain/services/atlas_operations_intelligence_service.dart,27879,de8ddd71d37e667608c81c0c34dbb2467071c90edd25c6201411f3e83d946a95,TRACKED,.dart,
lib/features/dashboard/domain/services/decision_assistant_engine.dart,10410,f4fac8b07e92a3b8436dc309f4ba3f756493cf413350bd18567f5d3d6c5ee871,TRACKED,.dart,
lib/features/dashboard/domain/services/decision_heatmap_engine.dart,13430,1091ee7167f34f238b5559b15c951374e7aa43116585ef94946b48f07405fa52,TRACKED,.dart,
lib/features/dashboard/domain/services/decision_prediction_engine.dart,20974,b9133d04dc2e6b46af0550c79ea6fb0317aca4aff342403acf45eaa62986a33c,TRACKED,.dart,
lib/features/dashboard/domain/services/decision_priority_engine.dart,16141,bdcfa8116ee73c55dbe04b0c613e863f7a3619af6537f6c6dc86a67b0873973b,TRACKED,.dart,
lib/features/dashboard/domain/services/decision_scenario_simulator.dart,19725,6366a0e439d3165e65b994287de1495ac8a856c353ab367e267d05f11114f8d2,TRACKED,.dart,
lib/features/dashboard/domain/services/decision_score_engine.dart,29012,63e8c12386d7d50cead964cb56dd9869af982a7a5d221aeed2be187b93ab4b75,TRACKED,.dart,
lib/features/dashboard/domain/services/executive_dashboard_service.dart,43029,d0f9851613c6ec36d2ae98258ce95c6b5dabb63e17d64e1de0fc9c48b56096a4,TRACKED,.dart,
lib/features/dashboard/domain/services/executive_decision_service.dart,16947,f11985557357f49bcef99e55a2895a0a9ba0e66999c3e29a18bca8d30d832caf,TRACKED,.dart,
lib/features/dashboard/domain/services/executive_opinion_service.dart,27858,1d7c2bc9c94cc7e826c0c1016e78398c676188e1cbb85b2121cb52da064c7f75,TRACKED,.dart,
lib/features/dashboard/presentation/screens/atlas_intelligence_screen.dart,40955,3848a7911895bc4d3abd67311fe5ae7370eab14be6375630c9843f128a6da718,TRACKED,.dart,
lib/features/dashboard/presentation/screens/atlas_operations_intelligence_screen.dart,39720,fd760ec3a28162455083367cece8d5f6254360919dd225ce913e043b311c5791,TRACKED,.dart,
lib/features/dashboard/presentation/screens/dashboard_screen.dart,70405,b936d2216210d2df704df89584b610d7a661b585611cc8fb1019b7ae0d038014,TRACKED,.dart,
lib/features/dashboard/presentation/screens/decision_scenario_simulator_screen.dart,32435,9a65909591a85f1753e025acd375ed98eeb93879195fd7d8bcc7a2708a2f2470,TRACKED,.dart,
lib/features/dashboard/presentation/screens/executive_dashboard_screen.dart,337207,0ccf110c3ec9f0628924e880fdcebbd1816355c80168bc660f2f3fc376eef25d,TRACKED,.dart,
lib/features/dashboard/presentation/screens/executive_decision_center_screen.dart,48181,048f222e3246aa8e42a7a0bd6aba738af222ac9c7b22311dc059f13ba1d2c061,TRACKED,.dart,
lib/features/dashboard/presentation/screens/operational_alert_center_screen.dart,22175,685ef04121b8d8c7db0e1fb32e34ddb684a178fed6b36294981c4090f9c937ce,TRACKED,.dart,
lib/features/dashboard/presentation/widgets/dashboard_action_summary_card.dart,13874,a72c04929895c60a50dc77fafe365f0b8d4834883ee9cff8f4b914ffa6756700,TRACKED,.dart,
lib/features/dashboard/presentation/widgets/executive_indicators_card.dart,5193,93b4557d9dc04304f1b173ee5d1830b82e4ed89ea762b6f95aa5b92bb323b674,TRACKED,.dart,
lib/features/dashboard/presentation/widgets/executive_opinion_card.dart,43140,403e540ded7def190ffa50d0b4f9fefe3390951700a383be56a25e43af3c94e0,TRACKED,.dart,
lib/features/dashboard/presentation/widgets/operational_intelligence_card.dart,11170,492e5260e10178b77001cbd5ad5d312aa3b35883ded5d0e6307627354179b413,TRACKED,.dart,
lib/features/data_governance/data/services/atlas_data_governance_repository.dart,3606,7f9d05612d4af768c1c3f3c5a29325493165b84af9fb359133ec9a5757d79734,TRACKED,.dart,
lib/features/data_governance/domain/models/atlas_data_governance.dart,2548,45dd5496723dae9adf664cd0e9c657c69088b80c8510560bd1e4da75c57eb4d9,TRACKED,.dart,
lib/features/data_governance/domain/services/atlas_data_governance_engine.dart,1517,95a0f74c52778bd5c76069145ecc04aab4929ce9ba9a728986b648d150d8ed4f,TRACKED,.dart,
lib/features/data_governance/presentation/screens/atlas_data_governance_screen.dart,9722,fc893a7c1983c237f5a4f5d7f894b77a9b3f6570f5075205b79e8e15b11ff609,TRACKED,.dart,
lib/features/data_intelligence/data/services/atlas_data_intelligence_service.dart,1833,d10b646f2ec6fd7180461dcc19978958a33c41eab64d211d2b8caad93acc5181,TRACKED,.dart,
lib/features/data_intelligence/domain/models/atlas_data_intelligence_snapshot.dart,1255,c0a3cf500be085e41b8c834d596eee1ea015eba62e6a1c7ae23cef1c61a543b4,TRACKED,.dart,
lib/features/data_intelligence/presentation/screens/atlas_data_intelligence_screen.dart,7164,5b4132a4254056470f8166ff2794a984def0a4d84797d8497f8e40674599481f,TRACKED,.dart,
lib/features/decision_engine/domain/models/atlas_decision_engine_data.dart,5130,d1908b7cbe8a7e63648d4a7753382f664c6bd1a296dbc782e60d864cfb797ea1,TRACKED,.dart,
lib/features/decision_engine/domain/services/atlas_decision_engine_service.dart,25250,a76f15442fb51cf48bad39c87cbaccfd967fb5b3422ac1d95d03812d6624e907,TRACKED,.dart,
lib/features/decision_engine/presentation/screens/atlas_decision_engine_screen.dart,17829,40f38829b2140468399eb13c6d54eb40611bf4a01847a4519335247b863239f6,TRACKED,.dart,
lib/features/decision_engine_v2/domain/adapters/atlas_decision_engine_v2_contract_adapter.dart,5216,ce3e906fd7de4c1f7e864301c86b5eba75ce19375e742d48638e8394a23d8561,TRACKED,.dart,
lib/features/decision_engine_v2/domain/models/atlas_decision_engine_v2_data.dart,6314,ee195652b74dad3f7450c56a9807494bd2cfdd8de500ae575e2069045fe9ffe5,TRACKED,.dart,
lib/features/decision_engine_v2/domain/services/atlas_decision_engine_v2_service.dart,21697,2fd961b84675be298245cda6a4a5261db2ffcbd985027f9f118c37d44a9458ab,TRACKED,.dart,
lib/features/decision_engine_v2/presentation/screens/atlas_decision_engine_v2_screen.dart,20348,8e9b06dbcb444a07b176ce347716079bfe0a1fa2d6a432dd87ff3723d61f1224,TRACKED,.dart,
lib/features/decision_intelligence_lab/domain/models/atlas_decision_scenario.dart,2992,d8f25c4c947cffc698271a46d2bb1d798c1195ef2a0fce90bcae1a7ab6dbcbbd,TRACKED,.dart,
lib/features/decision_intelligence_lab/domain/services/atlas_decision_intelligence_engine.dart,7936,aeceb27a23b44f194b9e6f8c7a6d18d559da575130fe7b3c322ba5cb00c89263,TRACKED,.dart,
lib/features/decision_intelligence_lab/presentation/screens/atlas_decision_intelligence_lab_screen.dart,30138,98ac7fd3eb6f949d48862676fd4d51e0a0b7cf18cde73543b37283f49878a78d,TRACKED,.dart,
lib/features/decision_tracking/domain/models/atlas_decision_tracking_data.dart,6390,1082053101503df13b233c1bee7a6fdb5265a69c5dc538ff26127b0dd2624721,TRACKED,.dart,
lib/features/decision_tracking/domain/services/atlas_decision_tracking_service.dart,6316,64f9eb560204f55758d2aec3f631abb8bdf2233058eff4604d76704bc2b49985,TRACKED,.dart,
lib/features/decision_tracking/presentation/screens/atlas_decision_tracking_screen.dart,22050,f4a3ddd8a0b18cf414745a8884b2e7393e323ec924c862071c7c91c00b945f67,TRACKED,.dart,
lib/features/diagnostics/data/services/atlas_comparative_diagnostic_loader_service.dart,4187,49302b3d7d666cb6b7818a925d440a883694a2ff86f2531a0f473bbfff3c8e42,TRACKED,.dart,
lib/features/diagnostics/domain/models/atlas_comparative_diagnostic_data.dart,6072,63e223024cd21ea5dbdd06043d4d7c70c923a896f329ee353071f04fc81c5b86,TRACKED,.dart,
lib/features/diagnostics/domain/models/atlas_diagnostic_data.dart,6135,186ca955cf154b9147a694c4fc512d71e3939b501159542b5533809c2ce50981,TRACKED,.dart,
lib/features/diagnostics/domain/services/atlas_comparative_diagnostic_service.dart,11521,c7068e5b32d9d4a5be81df546319b4886a4b4b19bb04f81930a0b7bc1ab58e9b,TRACKED,.dart,
lib/features/diagnostics/domain/services/atlas_diagnostic_service.dart,19581,b669e1453f317c5ca7cdf7f45b544aef4388ab94930848b441bb6d4239896b36,TRACKED,.dart,
lib/features/diagnostics/presentation/screens/atlas_comparative_diagnostic_screen.dart,38993,30699aa2d6c2f503e1f4525a2cf9a1003cd4c97247aef7b923806dfe533ebde6,TRACKED,.dart,
lib/features/diagnostics/presentation/screens/atlas_diagnostic_screen.dart,32627,8b37e0ce765d47ed8ada777234ba2f192beb914d0c8a29c0485584060b0839bc,TRACKED,.dart,
lib/features/digital_twin/domain/models/atlas_digital_twin.dart,10774,743a94814f5924bf26d4039391bd36894b4d9242bc7787c0308879eaa30d30d9,TRACKED,.dart,
lib/features/digital_twin/domain/models/atlas_digital_twin_simulation.dart,1506,78d6ee0dea06a85ac49a7fe171c6c98f6d25649d263c0cd6d01199261972b2a8,TRACKED,.dart,
lib/features/digital_twin/domain/services/atlas_digital_twin_event_reducer.dart,10135,06f2057983c35baa3b4935a7d57fb654673a73a5d25655544b5d3c7eab3d2c77,TRACKED,.dart,
lib/features/digital_twin/domain/services/atlas_digital_twin_score_service.dart,1049,bc2a4756e865855a93ebd45c5b46c7736108804de9898e7257775ebaafdf5d6f,TRACKED,.dart,
lib/features/digital_twin/domain/services/atlas_digital_twin_service.dart,4138,d2f4f412a7955d4fbf19227aa40b16e32671e01d31fc81a28ca199427ef4c790,TRACKED,.dart,
lib/features/digital_twin/domain/services/atlas_digital_twin_v2_engine.dart,6409,c2b4b4788ebb9fab7b6a189a15c4864830d92aa30df33277f8e968d123934996,TRACKED,.dart,
lib/features/digital_twin/presentation/screens/atlas_digital_twin_screen.dart,18497,7c8e995afebe18ddf8c57ecfd31cb94fecd15cc19bb9bfb16c8127c0234206d0,TRACKED,.dart,
lib/features/dr_beserra/data/services/dr_beserra_command_gateway.dart,30771,d42e89d49f23616ac0646b36955bacacbd31c4663cd080a7afac914f40e687b5,TRACKED,.dart,
lib/features/dr_beserra/data/services/dr_beserra_contextual_intelligence_service.dart,14585,ded794cafab2b2d57659223d24f15886514ecb821ab616d82901f3cf75d97dc3,TRACKED,.dart,
lib/features/dr_beserra/data/services/dr_beserra_voice_service.dart,4171,d16807b7f76ca1b34c571050e1fdaf4fe422f88ff8adf832dc64ff5ba13a9e17,TRACKED,.dart,
lib/features/dr_beserra/domain/models/dr_beserra_command.dart,1412,818ae8bb9257c763d7e035d3f569444a918a72b39cf5000fe29a56509c01a41d,TRACKED,.dart,
lib/features/dr_beserra/domain/models/dr_beserra_contextual_insight.dart,346,ac4f7971132d518e5f86307472ed936d2591d9a9a7317d597519a7b8494acfa9,TRACKED,.dart,
lib/features/dr_beserra/domain/models/dr_beserra_daily_routine.dart,811,931c36fb3c09396c522204721f75016c2fad7962de3edb89dc214fc5d1a50089,TRACKED,.dart,
lib/features/dr_beserra/domain/models/dr_beserra_operation_draft.dart,2031,28802fae1ed0c20e1766e1f2f7b80dbaadc692637f65f787e3d2fc0a39929050,TRACKED,.dart,
lib/features/dr_beserra/domain/services/dr_beserra_daily_routine_service.dart,6307,e862fd2eb92583775c0ec300c07faa661f34adf2d1cacdcd44f542b6e0c8c9b9,TRACKED,.dart,
lib/features/dr_beserra/domain/services/dr_beserra_language_service.dart,9025,f1a21c0974fe59090c3925493d93d400fc87e188c2d0f79972793e2815a2e936,TRACKED,.dart,
lib/features/dr_beserra/domain/services/dr_beserra_operation_parser.dart,5214,adab2b10894223bbcf93fb84539c411a4fdd90eff888df04e584e4de18711d11,TRACKED,.dart,
lib/features/dr_beserra/presentation/screens/dr_beserra_screen.dart,16671,8d430d1e343d9d5a316ef9074ec37036b2a2a9f2ed1003e10e158a6b8f3c313d,TRACKED,.dart,
lib/features/enterprise_operations/presentation/screens/atlas_enterprise_operations_screen.dart,6236,3dde18dcb49f821418625effb2dd50d350e8dbb75dab18a5bb4f53ed0c5e259d,TRACKED,.dart,
lib/features/enterprise_platform/data/services/atlas_enterprise_24a_migration_service.dart,3763,e3920d901a4fb4f732dbdbd4628af7de13a641ffb10ee1b1e73f4a5086f1c4e1,TRACKED,.dart,
lib/features/enterprise_platform/data/services/atlas_enterprise_24a_repository.dart,16819,fc277a71f4f3c4d89dd08ee37f1d5c81b6feb71290cf5669bb5fce5d7c8cb037,TRACKED,.dart,
lib/features/enterprise_platform/data/services/atlas_enterprise_audit_repository.dart,1322,50ea8b0356e9bac6b6a9a296a26d6a2ebafa7c834fdc6d7cf8f69bda176ec6d4,TRACKED,.dart,
lib/features/enterprise_platform/data/services/atlas_enterprise_permission_repository.dart,3303,09dcb90e4b664880b9665e2b6752503bf6afd2d2082b8156a465d307704d878a,TRACKED,.dart,
lib/features/enterprise_platform/data/services/atlas_enterprise_remote_auth_store.dart,4609,d746dc6e58b8dcd894668012a7a65b17fbc0a86b7194dab2480b2d8d44d6f29f,TRACKED,.dart,
lib/features/enterprise_platform/data/services/atlas_enterprise_repository.dart,3737,818f2c81ed32f03dbf271ff31eb1d8bda4362a9ba6db3706262125ebe4dd1c57,TRACKED,.dart,
lib/features/enterprise_platform/data/services/atlas_enterprise_sync_repository.dart,3442,b8d29667a4e2227b56479251dd2cd7170018ada66d333de735f4a7d1835310b4,TRACKED,.dart,
lib/features/enterprise_platform/data/services/atlas_enterprise_version_repository.dart,2529,e277e4d08bbf3c502ddf1f54751eeca37f4e2aade4ec3bb8dd458de442d111fa,TRACKED,.dart,
lib/features/enterprise_platform/domain/models/atlas_enterprise_24a_data.dart,12236,1a056875ecf6fc2b97bafba050cba5424847da5fad186291f4464bb6252c2514,TRACKED,.dart,
lib/features/enterprise_platform/domain/models/atlas_enterprise_audit_data.dart,3227,6ea118f00ad0263847055128684e475a4350f6816785e1af779b160bbc2c361c,TRACKED,.dart,
lib/features/enterprise_platform/domain/models/atlas_enterprise_data.dart,5673,eeefd9af47817f35ba26de1d9ac860348bfc497dc30f859f0ec9913cd4b9c33b,TRACKED,.dart,
lib/features/enterprise_platform/domain/models/atlas_enterprise_permission_data.dart,15895,2441d5891828244738883326b9ca1afa0ca31c11d9ccf752a3690b88ebcc5a40,TRACKED,.dart,
lib/features/enterprise_platform/domain/models/atlas_enterprise_remote_session.dart,6057,659677c1f79193a0fedc02d363fdc2359a8031ec1d5fa327ea6b646afbcb93d9,TRACKED,.dart,
lib/features/enterprise_platform/domain/models/atlas_enterprise_sync_data.dart,9632,58388ca91a7bdcf7769ac1227b31eaa399655fe749650da38a3bf6808fcdc8c3,TRACKED,.dart,
lib/features/enterprise_platform/domain/models/atlas_enterprise_version_data.dart,3732,7e8f11d43a41d2c9106b4be41ecc56a4e9695c0c80614b1815101dc43096e3d1,TRACKED,.dart,
lib/features/enterprise_platform/domain/services/atlas_enterprise_api_client.dart,7057,d25d2c29a6d2dff677fbb3efa5a9519d230ffe4ac84b52e4d552a3e09da930c8,TRACKED,.dart,
lib/features/enterprise_platform/domain/services/atlas_enterprise_audit_service.dart,5652,9ca3ee5803ca1bdffe786116c2fd9fe95d9c1f0bb04fd95560b023afe0dc534c,TRACKED,.dart,
lib/features/enterprise_platform/domain/services/atlas_enterprise_authorization_service.dart,5173,9d8567bb7e4bf04c8ac3fe3aae28ac036f2f3062040fcd9f90bfd0b5b9b0eb32,TRACKED,.dart,
lib/features/enterprise_platform/domain/services/atlas_enterprise_conflict_resolution_service.dart,3754,c1b9f3ccc6014201f2ec19ab7bc7c6582114c82ce7f75a7e3af3ef85b5d07c47,TRACKED,.dart,
lib/features/enterprise_platform/domain/services/atlas_enterprise_engine.dart,1306,bcd1e70685ab19b18488355ed03d53d1121691bc4ce031f1b5da4f52534b12e0,TRACKED,.dart,
lib/features/enterprise_platform/domain/services/atlas_enterprise_remote_authorization_service.dart,1910,13e63a88f4072394fa5dfbfc128d4298a13dfe3d5c1f7206a1093386cf078087,TRACKED,.dart,
lib/features/enterprise_platform/domain/services/atlas_enterprise_scope_guard.dart,1230,f6dbc22a8d5a49faa36c71294cd072c8b2569eb7eeb2723be6f639aafa54d977,TRACKED,.dart,
lib/features/enterprise_platform/domain/services/atlas_enterprise_session_service.dart,4553,878df01279c7d432c6941d3034374cf1037eb42ce14c019f32186a9263eefffe,TRACKED,.dart,
lib/features/enterprise_platform/domain/services/atlas_enterprise_sync_engine_24c.dart,7811,eb38a5e48c3bfd64711d31d8e52408fb7a54ecb755286eaa6e5d72fdc31a83b9,TRACKED,.dart,
lib/features/enterprise_platform/domain/services/atlas_enterprise_sync_transport.dart,3632,a80353cff285bf659f7b6c5846f0a3375b6572b40d4e16629cb285681098304a,TRACKED,.dart,
lib/features/enterprise_platform/domain/services/atlas_enterprise_version_service.dart,5155,07168c43f7243f78e81c06bc7145e19cdc2ac3fdf07074665d69b073cada32e4,TRACKED,.dart,
lib/features/enterprise_platform/domain/services/atlas_http_sync_transport.dart,2314,0e6e3ed3ec044aee28f4d09c3c2a3b062859f4ac8b3f3da5ca83ed1e455a7ab6,TRACKED,.dart,
lib/features/enterprise_platform/presentation/screens/atlas_enterprise_24a_screen.dart,20848,845586fd2c977df86181c9687ea2fffef2f0b34b88d387c80a5878b8bd756b90,TRACKED,.dart,
lib/features/enterprise_platform/presentation/screens/atlas_enterprise_24b_screen.dart,22856,cf2fca2f2d6e00159d91459e01c2736bc4bfe637f3c74e75411c67ea43de1076,TRACKED,.dart,
lib/features/enterprise_platform/presentation/screens/atlas_enterprise_24c_screen.dart,17925,c03410fad2b13a39775ad2bad1983dd8e7ba942e86fab9e685fdc24513f71f9e,TRACKED,.dart,
lib/features/enterprise_platform/presentation/screens/atlas_enterprise_24d_screen.dart,10572,70283ff5319597542aa65861e9d606a2173648e1b0830686efd604eeae7d598e,TRACKED,.dart,
lib/features/enterprise_platform/presentation/screens/atlas_enterprise_platform_screen.dart,30970,4a4d6e60f268b105eab85bcc21a4fde067cf4b5562db189bea5f95c7028f4972,TRACKED,.dart,
lib/features/enterprise_platform/presentation/widgets/atlas_permission_gate.dart,2051,bebd50ae578cad493f3c13de4e194848902ff392cabe01b3ddf0f796367081fa,TRACKED,.dart,
lib/features/executive_ai_advisor/domain/models/atlas_executive_ai_advisor_data.dart,7894,10c39d4b27a294761753604fcb84c8acb7dcba7c5de7ade38b68a32721e01a78,TRACKED,.dart,
lib/features/executive_ai_advisor/domain/services/atlas_executive_ai_advisor_service.dart,20405,aa8325650f0c30aceb988be5c235a6b8b76784de82d9a5d3fdb7de72c71c46b2,TRACKED,.dart,
lib/features/executive_ai_advisor/presentation/screens/atlas_executive_ai_advisor_screen.dart,21706,e7e09e2a886d3b689cd1114c3cd789dde698ea9e32065a397e0a7e8d56627661,TRACKED,.dart,
lib/features/executive_alerts/data/services/atlas_executive_alert_loader_service.dart,6854,263890ac624d1d18025f6730ed2c6439420f6add09a4182b1a2fa3b828b77364,TRACKED,.dart,
lib/features/executive_alerts/data/services/atlas_executive_alert_state_storage_service.dart,2781,d20e5ee3b335ad37b7d06913a4d5dc7e3eb829f9078735291e201e963a4b011f,TRACKED,.dart,
lib/features/executive_alerts/domain/adapters/atlas_executive_alert_contract_adapter.dart,2986,c8b9607dcd3418bc0176a5b813871eaf9b4a942955f69dc1f4f7beaf7b120f42,TRACKED,.dart,
lib/features/executive_alerts/domain/models/atlas_executive_alert.dart,5809,b9f48d15aa9a4f2e640c75c815c7c5756b9e01e267c389bd6254a279c027c5f0,TRACKED,.dart,
lib/features/executive_alerts/domain/models/atlas_executive_alert_state.dart,5481,424c689b6b7341c0b76bc96c6cdab5dd641827f56f9284ba27c8858eea1c2725,TRACKED,.dart,
lib/features/executive_alerts/domain/services/atlas_executive_alert_service.dart,32162,b44eadc1f77d9d49c6cdd29ba5143e2c2645f5404566c3fab64598125bca08a2,TRACKED,.dart,
lib/features/executive_alerts/domain/services/atlas_executive_alert_treatment_service.dart,5904,38bea6cfb5f71e50174dff6ccd05ea9e8be48a43d8256daaa312d2860b210d7c,TRACKED,.dart,
lib/features/executive_alerts/presentation/screens/atlas_executive_alerts_screen.dart,43466,e53833618de98ed231c340da91a0313dbfb92f75cc6e79852f95e5b1c96c84c1,TRACKED,.dart,
lib/features/executive_brain/domain/models/atlas_executive_brain_data.dart,11231,a8fc912e30a6fbd573abf81297d140537634f975410eb550a62053a873650233,TRACKED,.dart,
lib/features/executive_brain/domain/models/atlas_executive_brain_history.dart,3908,0e90c8fb136aedb1f8b7decb7407793375e8b77c55211ae7ab56ba007baacb5b,TRACKED,.dart,
lib/features/executive_brain/domain/services/atlas_event_analytics_brain_bridge.dart,8973,8d54f4b641a982cd4a3c77ef0f67bd824b68d0fbc5517637932db3ac6ad65096,TRACKED,.dart,
lib/features/executive_brain/domain/services/atlas_executive_brain_canonical_service.dart,9580,bc5baa12d9ea1d82b79a8ed8863f7797e79b93f5c991c3d06095d50d3a46393c,TRACKED,.dart,
lib/features/executive_brain/domain/services/atlas_executive_brain_event_service.dart,8508,7fd4b9bcc99720ce83eb23de13c5536f0f7e5f11e285eaeea70ef1eb060760bc,TRACKED,.dart,
lib/features/executive_brain/domain/services/atlas_executive_brain_history_service.dart,2879,d08fcda4fff2d13de7372e66c6baa2e3916d46ff9e94b9f79caed2093b6d930c,TRACKED,.dart,
lib/features/executive_brain/domain/services/atlas_executive_brain_service.dart,26522,3c1930778a2948191c8e83cda2948252fbdb53258000db75bede5fcc1500c13b,TRACKED,.dart,
lib/features/executive_brain/presentation/screens/atlas_executive_brain_historical_intelligence_screen.dart,20759,e7861c0efdf08e8659f05fa13c72a5ad2234c67875d1278023f3dca1d991acf0,TRACKED,.dart,
lib/features/executive_brain/presentation/screens/atlas_executive_brain_history_screen.dart,14972,9e8086d16be2fc580275daab2513daff35549e147fd3787c37fd968230b9b91e,TRACKED,.dart,
lib/features/executive_brain/presentation/screens/atlas_executive_brain_screen.dart,36178,15696195d0f7bb09b1addbb2e67dff00261ba0a0d05da882c3d0466abd465c40,TRACKED,.dart,
lib/features/executive_core/domain/models/atlas_executive_core_data.dart,7120,3c169d94aaa225716bc63aa93620655b4aea9d415542f5615d30849f286cb1cb,TRACKED,.dart,
lib/features/executive_core/domain/services/atlas_executive_core_service.dart,20964,e53a1bd309eac48d467f843182a28eae68fd7eeda3cae51bd32b889ed4cde479,TRACKED,.dart,
lib/features/executive_goals/data/services/atlas_executive_goal_history_storage_service.dart,1914,64673e8117ddb387a4c6e4f10fd6bdce73d69f394761375e96d5fba8566a9f12,TRACKED,.dart,
lib/features/executive_goals/data/services/atlas_executive_goal_storage_service.dart,1847,57f64d825bdf720f93b43e652afe1f3a063380e4753fb48f8e254d8460619f44,TRACKED,.dart,
lib/features/executive_goals/domain/models/atlas_executive_goal.dart,9051,ffe1b310aa981e79aeaea881f74480d8e9a1bed102263e83cc9590b050215cd4,TRACKED,.dart,
lib/features/executive_goals/domain/models/atlas_executive_goal_history.dart,4295,6f8431c57fca4f836ae85b5da8c0b4fc351283d6c874f0412e455fbd4587e19f,TRACKED,.dart,
lib/features/executive_goals/domain/services/atlas_executive_goal_history_service.dart,5293,0ca279b5b10b442b29d1778d78a61d924e771915da9e74d3701c57df6143af2a,TRACKED,.dart,
lib/features/executive_goals/domain/services/atlas_executive_goal_service.dart,10480,a1365be98c0f15f37ad5f97e35be9d89c12f81c3cd047391cd3c2ace47a8c976,TRACKED,.dart,
lib/features/executive_goals/presentation/screens/atlas_executive_goal_history_screen.dart,6096,3f903b2f846d637130dc01195f21e81ecda5090106b49500916a2d2b87ce56fa,TRACKED,.dart,
lib/features/executive_goals/presentation/screens/atlas_executive_goals_screen.dart,39319,007505ec72669670b6386c63a1b75f470da45dd2d7d30ab5b7cb6c352e5a99cb,TRACKED,.dart,
lib/features/executive_intelligence/domain/models/atlas_executive_intelligence_data.dart,7129,fecca1045701b4dc1280f14daa2538484aa80033ba88f11342361ffe68b0f7de,TRACKED,.dart,
lib/features/executive_intelligence/domain/services/atlas_executive_intelligence_service.dart,23376,c83d9d7717ba954b78abe3660cefda69d2cdb8b1fd106b91d3a8eec050bead2f,TRACKED,.dart,
lib/features/executive_intelligence/presentation/screens/atlas_executive_intelligence_screen.dart,23344,7beb84f7fad009f88e4e2d59692b1359d598915b6bf3b3096b8bdafcf2395ef8,TRACKED,.dart,
lib/features/executive_kpis/data/services/atlas_executive_kpi_history_storage_service.dart,2668,f1205fe6fa7b2a72a71255613d0b45f39df5ff26d198156228e8c99135ea7ed1,TRACKED,.dart,
lib/features/executive_kpis/data/services/atlas_executive_kpi_loader_service.dart,9940,e28d84b6d994d748081700269cd23aa3c1c5b1daf586d33c8d28d8c1e9f64a6d,TRACKED,.dart,
lib/features/executive_kpis/domain/models/atlas_executive_kpi.dart,8915,0cdfcf3d3ddac06b51635def821b43b709bafa6cfc19d46db75c5918dc95b0f4,TRACKED,.dart,
lib/features/executive_kpis/domain/models/atlas_executive_kpi_history.dart,4173,2af4502e77c82c9682d601b06e145e3ad7a65a6e9f4240842c826a74f825fdd0,TRACKED,.dart,
lib/features/executive_kpis/domain/services/atlas_executive_kpi_history_service.dart,6144,2d5df2de5435f58d1401da92f38937c4bed631619daa4318408ae1d7163d8273,TRACKED,.dart,
lib/features/executive_kpis/domain/services/atlas_executive_kpi_service.dart,11177,26cec22d8b4d87a46cc12f74a82b4e506d757644b0626384da7a8733969d7e3d,TRACKED,.dart,
lib/features/executive_kpis/presentation/screens/atlas_executive_kpi_history_screen.dart,22367,4e781cc3b26d0221d5d95e21a01892265bd3f3aa3bca010a490eb010da51f8b5,TRACKED,.dart,
lib/features/executive_kpis/presentation/screens/atlas_executive_kpis_screen.dart,47044,b7021e11919c42ffdca833add4ac0e6c7e1fecd40b67fada494230b048d3112b,TRACKED,.dart,
lib/features/farm/data/services/farm_storage_service.dart,6993,db07d064d883604012172895da9aee5038c3b9a066a57aab3d11de7e009469b4,TRACKED,.dart,
lib/features/farm/domain/models/atlas_remote_farm.dart,1191,b6abd4b53d42f67a17bbe0850c7c03db330c4b113d5c1c646406efafe1a923d5,TRACKED,.dart,
lib/features/farm/domain/models/farm_data.dart,1201,075d4c9393095b76691835335aafb454c9181619c8ca24c8ab6214b333aa32b8,TRACKED,.dart,
lib/features/farm/domain/services/atlas_farm_intelligence_service.dart,58019,dfc7d7c9ddd0c3d039943201cc934b41da1bb5c71b0801b22d56e879a76788d1,TRACKED,.dart,
lib/features/farm/presentation/screens/atlas_farm_intelligence_screen.dart,25464,879b5f931fa06adfb2038c4dff122102ca5dbc450f941e325d5b092dda60f85d,TRACKED,.dart,
lib/features/farm/presentation/screens/farm_detail_screen.dart,105916,be9923d33e4868da48b32395c69efe0f0973e206b12166f6aabf0ade91942012,TRACKED,.dart,
lib/features/farm/presentation/screens/farm_form_screen.dart,10642,f260d668184d93155c2d7762113ccecbd8c622fe8df33cbaf12980c4814f2b30,TRACKED,.dart,
lib/features/farm/presentation/screens/farm_list_screen.dart,19710,eada2835c20f1c58251bcefd03b27da30ca6813dcd0f8510eda2fe56f50a0bc6,TRACKED,.dart,
lib/features/farm_agenda/data/services/farm_agenda_storage_service.dart,11433,10e6a72be29bbac833d4a33165d2c1bbca08db5a56c55af3493d8a8e523297f4,TRACKED,.dart,
lib/features/farm_agenda/domain/models/farm_agenda_data.dart,2352,65e4215a1b94db68d79e6c1503990ed2e4acf06e35e9b3c74cd6256481fba165,TRACKED,.dart,
lib/features/farm_agenda/presentation/screens/farm_agenda_form_screen.dart,16858,c2e796a3f86d4fca12f77249f5b0fc31d471ced9adf2238cf6bd3992953ae499,TRACKED,.dart,
lib/features/farm_agenda/presentation/screens/farm_agenda_list_screen.dart,47851,463d4cb758c66fcde4b7e0bbd435480106a2774b17d7e5ec4eae02e7ce7eaa1c,TRACKED,.dart,
lib/features/farm_audit/data/services/atlas_farm_audit_history_service.dart,2079,889e875aeb883144efca10cafd5fb18da29c75f0ba58bfec68dd70e73c7a821c,TRACKED,.dart,
lib/features/farm_audit/domain/models/atlas_farm_audit.dart,10117,b044ebf6b96c2455353187c998a289533906bd505b83ea4b18c827f693132755,TRACKED,.dart,
lib/features/farm_audit/domain/services/atlas_farm_audit_engine.dart,15875,7888e945541783c93c9082f33d3e9abe68eba9d5d2bf292c439c4c6649da34c7,TRACKED,.dart,
lib/features/farm_audit/presentation/screens/atlas_farm_audit_screen.dart,23309,1ad8c6dcb083f4422741c32fb74a4900d05198e226845cabb7fca352e1d34d93,TRACKED,.dart,
lib/features/farm_finance/data/services/farm_finance_storage_service.dart,14773,912a8d0ddcfaa06a6b943619710f76f7041bacd8172b995a3c46428ac1ae4841,TRACKED,.dart,
lib/features/farm_finance/domain/models/farm_finance_data.dart,3800,c8bae0fed7f14525c5861a224ead527941600a37be4cbe624021b40b2a4b24b8,TRACKED,.dart,
lib/features/farm_finance/domain/services/farm_finance_event_service.dart,5517,5af940ece23bcf09958539e439a82c9c22fff6dfc02ea8359bf50b0d754811c8,TRACKED,.dart,
lib/features/farm_finance/presentation/screens/farm_finance_form_screen.dart,18173,b42f2d79f71caeeffa9c3b2ee7ce0b9d38c1f4b837985f13c62ebd8f2f03f960,TRACKED,.dart,
lib/features/farm_finance/presentation/screens/farm_finance_list_screen.dart,29136,5340c7f48ee2407e4b3858aef564c972ba820e7cef59f1989f584104c931c458,TRACKED,.dart,
lib/features/farm_finance/presentation/screens/finance_overview_screen.dart,26395,5a72abb6d92b4d5b73a5e112b29de47c4c44ac3525fc9bc15003b670b8b95494,TRACKED,.dart,
lib/features/farm_handling/data/services/farm_handling_enterprise_service.dart,1091,4b03560d37276a49df6c7f723f6f9b452b2439e44dcad93b2632b726b330643c,TRACKED,.dart,
lib/features/farm_handling/domain/models/farm_handling_batch_result.dart,1951,849ef4f8d81d3e7217ec8425f99247e0447954fc13c26afa9f0176d2a4ee7a4d,TRACKED,.dart,
lib/features/farm_handling/domain/models/farm_handling_draft.dart,1765,4c05bdbbcefe3896bc2be03752888c07ec2a414b6acbc46694b5febf13e55ab6,TRACKED,.dart,
lib/features/farm_handling/presentation/screens/farm_handling_screen.dart,48142,c4c4ab03c6fa12822f76acb9d4bb8a0b047c7f0af521e52937d115cbc228c192,TRACKED,.dart,
lib/features/farm_inventory/data/services/farm_inventory_storage_service.dart,10325,e8f7b3396efa2e5a56e4bb94b2fec2494898839432af192366bad9f982a9e322,TRACKED,.dart,
lib/features/farm_inventory/domain/models/farm_inventory_data.dart,7640,974f1807c7c55002e4b894b8b6c137632ebaaeb26c537d754cda40123e23faa7,TRACKED,.dart,
lib/features/farm_inventory/domain/services/farm_inventory_event_service.dart,6975,c1bf68f7b86997f18ee4f547a5f28e48f73ac9d4cc55018356a16fd54f51b456,TRACKED,.dart,
lib/features/farm_inventory/presentation/screens/farm_inventory_form_screen.dart,18338,671f8311a73e877c9cb3df6e5c1dddf636c2e4387a6e8c25e2151fec19a8064e,TRACKED,.dart,
lib/features/farm_inventory/presentation/screens/farm_inventory_list_screen.dart,47999,27c5d326912a334bd0a1a87295f64cbfb1f499a75147da8e850c8d90bbdad6c4,TRACKED,.dart,
lib/features/farm_inventory/presentation/screens/inventory_overview_screen.dart,25575,b76d0977947033271ccacbfb8754473ff747eed3aa18c1d2a723c1f4ba86667f,TRACKED,.dart,
lib/features/farm_operations/data/services/atlas_operations_repository.dart,2591,2574461cc506c2b9312b45caeecfc84f3911bdec1a53bd42d8f882762679c78c,TRACKED,.dart,
lib/features/farm_operations/domain/models/atlas_farm_operation.dart,4433,8dfb31f7e2142f932f95b9db3bf0e0432406794209b66ac0c93ba4c8d8f0bba1,TRACKED,.dart,
lib/features/farm_operations/domain/services/atlas_operations_engine.dart,1514,0827c2e9373e350ff966bc51b043f3e6a4a155fb91f862815687da4a249dfd9c,TRACKED,.dart,
lib/features/farm_operations/presentation/screens/atlas_operations_center_screen.dart,27082,a20a7cd5166c27e73d7d6b1c425b8f771f68055b516276c07a90e2e86e9d3041,TRACKED,.dart,
lib/features/field_operations/data/services/atlas_field_operations_service.dart,1682,b923e4c79668c310d68bb167a97c365117f22eef7bf9e966ac124d8199669e75,TRACKED,.dart,
lib/features/field_operations/domain/models/atlas_field_operation.dart,667,8bef22efc02e0fbe0ea5277f18e33ee01e1b3eba7a76fd89d7ab1cc9a7487688,TRACKED,.dart,
lib/features/field_operations/presentation/screens/atlas_field_operations_screen.dart,9788,3384268e7623f1bc309724d5673d265b709843c9ab71977a9e86222fc3b988da,TRACKED,.dart,
lib/features/field_operations/presentation/screens/farm_field_center_screen.dart,17519,131d13cd1815931d5a3efdad3256a3d4c34df547349b9aafcb3a09998133ce7a,TRACKED,.dart,
lib/features/flutter_quality/domain/models/atlas_flutter_quality_report.dart,415,bd6d5889ed69399e318acd8aba3c49bba2d2bcdef89d72d262552a2670818852,TRACKED,.dart,
lib/features/flutter_quality/presentation/screens/atlas_flutter_quality_screen.dart,2211,03fca9d3928d215814258116349d4a372ba88bc2d39023c422b104a30b39f2ed,TRACKED,.dart,
lib/features/governance_resilience/data/atlas_governance_repository.dart,1073,edd6d62db3f65895a6169208792ed72ef81bc108317740b1bce79816b10bcc41,TRACKED,.dart,
lib/features/governance_resilience/presentation/screens/atlas_governance_resilience_screen.dart,7198,f8f4a2887770994d7d279be2f2ec684f46051a0254d9c4cbb87f59176bb2811f,TRACKED,.dart,
lib/features/herd/data/services/herd_enterprise_service.dart,1491,b0aace4ac07f4ecfd56f5a9c8779218a02d101e15e34ffea8410bac65253873b,TRACKED,.dart,
lib/features/herd/data/services/herd_storage_service.dart,3930,3633c016dd781255ff613f5b2a9f02e3796c4a12a73083fa74ccaf3f0c549bd6,TRACKED,.dart,
lib/features/herd/domain/models/herd_group_data.dart,2208,991cc6dc2323dc53b656ebf8d0c4d20d04453ad1eb151b780f989dbf2bf9cef6,TRACKED,.dart,
lib/features/herd/domain/models/herd_workspace_data.dart,2831,29e70f88c905eee4dbb817fef3484515deb034195352c660b7e1e09c9e6f59de,TRACKED,.dart,
lib/features/herd/presentation/screens/herd_group_form_screen.dart,7240,c1492313baefef1fa8add443b512d4d2c7397400b3484e1c1192eb481af36d54,TRACKED,.dart,
lib/features/herd/presentation/screens/herd_list_screen.dart,28793,051b54daa35221444bea5f4e44b01ee12d142fc7d72cbde0fa416d6eab7f68c2,TRACKED,.dart,
lib/features/herd/presentation/screens/herd_overview_screen.dart,39233,d0997c28b7db780951859517710e3b67e1f772cf20d0c2dcc0f274c503c6b726,TRACKED,.dart,
lib/features/indicators/presentation/screens/indicators_screen.dart,32017,85846bf3d2c3d2b5d8cc51ce91412ed3caec2af89620089c298400c2fe9a7549,TRACKED,.dart,
lib/features/integration_ecosystem/data/atlas_integrations_repository.dart,1334,cfa8e937671c13a5e80c2a655ab701ca3c3627be6d258ed43ab895a32cfbe509,TRACKED,.dart,
lib/features/integration_ecosystem/presentation/screens/atlas_integration_ecosystem_screen.dart,7781,722d5df674a2dc82ddfb0c5622cd39a20b4aa2ca941728cac4bf9938be299042,TRACKED,.dart,
lib/features/integration_hub/data/services/atlas_integration_repository.dart,1038,b0709f26e550d3910648e4b0e9d3d2d450f904c33fe4a7b1bfdb800a086a399f,TRACKED,.dart,
lib/features/integration_hub/domain/models/atlas_integration_connection.dart,2309,f8af43b31e303a53ce7ba125c147345015d714299eb9642fe27b3aeaf0af4496,TRACKED,.dart,
lib/features/integration_hub/presentation/screens/atlas_integration_center_screen.dart,12238,0d9d3319863412c0e4b13a69e8507047b6d107d756873bcf59f2eaab46aa470a,TRACKED,.dart,
lib/features/investment_capital_allocation/data/services/atlas_investment_repository.dart,4255,f18565588a52dd9f6cbb7b6ffc3ba7957fe308f259d2f0824745194cbc7113de,TRACKED,.dart,
lib/features/investment_capital_allocation/domain/models/atlas_capital_constraint.dart,1392,5af3cba581ee9a434dbf947d1644429701ad2c15e65d8aea586ec2f07b694dd4,TRACKED,.dart,
lib/features/investment_capital_allocation/domain/models/atlas_financing_simulation.dart,325,eb9e9b7831f354ee3d3578c7a834b1c1d629c8a5346861b1ebf5cdfef104c15c,TRACKED,.dart,
lib/features/investment_capital_allocation/domain/models/atlas_investment_portfolio.dart,1448,0392be8b9dbdd71aaa4e23ad4768eb4ea78651a206b75a312c9c42864d8e78f0,TRACKED,.dart,
lib/features/investment_capital_allocation/domain/models/atlas_investment_project.dart,5748,9d5ed5a290a44f79eca8649a99d05a4083eaa8688dfd90c9f4693b53a571a41f,TRACKED,.dart,
lib/features/investment_capital_allocation/domain/services/atlas_capital_allocation_engine.dart,8365,47c22004d4580cd03bfe093e1e5152812e753716a8cda315a279a60dba635c9f,TRACKED,.dart,
lib/features/investment_capital_allocation/presentation/screens/atlas_investment_capital_screen.dart,24137,a2f5b7967e1053365c5024e0c40184d4e83cea84aae257542d9a43fdb1f7a7ac,TRACKED,.dart,
lib/features/iot_enterprise/data/atlas_iot_repository.dart,1823,9ddf44d5afd90e9eee58b18df32b2e6fda3cc2b881bfb6de32873971d30d2a8b,TRACKED,.dart,
lib/features/iot_enterprise/presentation/screens/atlas_iot_enterprise_screen.dart,4913,4c615680418beea942c6d9c6ed0693ebedc5f67648ae6596fdc4222ea4204e11,TRACKED,.dart,
lib/features/knowledge_learning/data/services/atlas_knowledge_repository.dart,2299,72cb6c936dda851706bd7eeb6b41706ac68e56d543c9c0babeb12cfaf9acfa75,TRACKED,.dart,
lib/features/knowledge_learning/domain/models/atlas_knowledge_case.dart,6960,3fdc4b884884231a096ac8cae9bc9e184652efab17eb36c149c5273e80053170,TRACKED,.dart,
lib/features/knowledge_learning/domain/services/atlas_knowledge_learning_engine.dart,4492,56d8dc5a443c1c065bbcac2acbef9f47bb83c82c0dc1744533abd89a002d4679,TRACKED,.dart,
lib/features/knowledge_learning/presentation/screens/atlas_knowledge_learning_screen.dart,29928,697708a85ba942476b515ffdb19e3da938f239eb38d8b2558911f41a419e600a,TRACKED,.dart,
lib/features/livestock_integration/data/services/atlas_phases_2_3_service.dart,2099,cba3b128d766860924f41056e54514fe0f6ad708baef7b5affdb2a9ae1118483,TRACKED,.dart,
lib/features/livestock_integration/domain/models/atlas_phases_2_3_data.dart,3412,fc17e620b9d9f657f64fab5bd346eeef05aa268a99cf628bc94012ef331e2258,TRACKED,.dart,
lib/features/livestock_operations/data/services/atlas_livestock_operations_service.dart,11959,980ccc89090794b3603d38b1c6ad400da11a8b33fac190dfd809f3592b7f4adf,TRACKED,.dart,
lib/features/livestock_operations/domain/models/atlas_livestock_module_snapshot.dart,1266,75c20259be2b106ed8b7e048de89c5c1748375be85bc53a04a6432c475d9ee18,TRACKED,.dart,
lib/features/livestock_operations/presentation/screens/atlas_livestock_module_screen.dart,17111,97649b12c13aed64a5801021903e0617b139041387ffc2a8b71b7967616920f7,TRACKED,.dart,
lib/features/mission_control/domain/models/atlas_mission_control_data.dart,8187,82054907fa86fda8cc2fbce406f93e469433433f94138f8d79a1b82b9891adbf,TRACKED,.dart,
lib/features/mission_control/domain/services/atlas_mission_control_service.dart,18245,aa14ba0ecaddd4fd396c43f7a463f5420a29bb1aa2c5aa9e9f2c58548234885f,TRACKED,.dart,
lib/features/mission_control/presentation/screens/atlas_mission_control_screen.dart,24550,4113f827d4ade8b85b08a1a6370df5f6a4312cc2c6afb69f6cbb5bfc56ec15c6,TRACKED,.dart,
lib/features/ml_platform/data/atlas_ml_repository.dart,1153,7c236ce563792e18b3df96adc3e0b4b7690dd47d3aaf1e449ab64368bfb7c040,TRACKED,.dart,
lib/features/ml_platform/presentation/screens/atlas_ml_platform_screen.dart,6392,930a90dc3ba7d1c3efab17dc5eb849449252e279717c9b07c436e84617c9976e,TRACKED,.dart,
lib/features/nutrition/data/services/nutrition_storage_service.dart,14333,40c8a592ebba6d25c8e666bc2e0edbd940346cca148d391891519dc7ec6b0c43,TRACKED,.dart,
lib/features/nutrition/domain/models/nutrition_plan_data.dart,9102,e1e9b0b223b75cdda91c1a7b80201c066da931090ecacb74ece2f17bedb83387,TRACKED,.dart,
lib/features/nutrition/domain/services/nutrition_inventory_service.dart,3692,9eabd883f7fef3ee79c587a8441c7d9cb308d053efcc5689c3161464848c4c9b,TRACKED,.dart,
lib/features/nutrition/presentation/screens/nutrition_overview_screen.dart,47400,e60178cbb0fbc5c25454e975bedf9d39af51ce5dd006c0b60928802c81eadaac,TRACKED,.dart,
lib/features/observability/data/services/atlas_observability_repository.dart,3051,899398343274641d14f13a6376b96247bd2be8aea22d4879d7477b2e7027fd05,TRACKED,.dart,
lib/features/observability/domain/models/atlas_observability_data.dart,4492,14f8c071e57a4cbc9a1d3f1b8c9c838f6c2e6a4b9fc6abb4089872a566f7f17c,TRACKED,.dart,
lib/features/observability/domain/services/atlas_observability_engine.dart,2893,97a19d852684002ef0cadc644698cb4128901ac836f6b3873c69c2fd3a806370,TRACKED,.dart,
lib/features/observability/presentation/screens/atlas_observability_dashboard.dart,11420,901ab2eb1240c826a8f58229d8ef1fedb3ea0128274326daa2797c10fb5288dd,TRACKED,.dart,
lib/features/offline_field/data/services/atlas_offline_repository.dart,3409,49ce54d04e04365842ed97e2d61bc1b59b2b3bc147c7532b85c3bf2f957a209f,TRACKED,.dart,
lib/features/offline_field/domain/models/atlas_offline_record.dart,2869,1c9772cf3d948b17f14893d8de7c487f7ee4fc1d2bb276d0cc81968a1668ef49,TRACKED,.dart,
lib/features/offline_field/domain/models/atlas_offline_sync_summary.dart,1424,27641b5dbdc44f402db1d5db19baf71523968a88a8a57d2e32a5b092f2f6ca0d,TRACKED,.dart,
lib/features/offline_field/domain/services/atlas_offline_sync_engine.dart,1064,94215f6914636716fc2a9fa2659d3c7321eb33f6e16f788ff3b8f7a1b68889f6,TRACKED,.dart,
lib/features/offline_field/presentation/screens/atlas_offline_field_screen.dart,21052,14c2fba86229fd95a0e3d205b712c0387c266ef207748f16af062b98edf5b277,TRACKED,.dart,
lib/features/operational_readiness/domain/models/atlas_operational_readiness_report.dart,2830,cbe570065fdae5fd0268c4fff563103a452b583e8de047f44ed8545bb4e21c5f,TRACKED,.dart,
lib/features/operational_readiness/presentation/screens/atlas_operational_readiness_screen.dart,3129,4456bf13efd6ac141fc5072b3109a30c5c5c629e9a14a9e7abe23326bfc7234c,TRACKED,.dart,
lib/features/operations/data/atlas_operations_repository.dart,2231,45689ec788b9c8413dc5e0b3feade50c7ab0fca3d9a2769c8a007f5f58ac03de,TRACKED,.dart,
lib/features/optimization_engine/domain/models/atlas_optimization_request.dart,1892,ee7b90f216ef298ecd5c3ff54bcd299d23ca7c698a45e7724857f6494aa14783,TRACKED,.dart,
lib/features/optimization_engine/domain/models/atlas_optimization_result.dart,1435,b29d134ee4845cb7cf443f9590c04f421fe8e8cdb30340a3318b48ca89676cb5,TRACKED,.dart,
lib/features/optimization_engine/domain/services/atlas_optimization_engine.dart,16662,2df9434124969e913b7889e3492e9a7a7eca287e82a89680f56257521e34878c,TRACKED,.dart,
lib/features/optimization_engine/presentation/screens/atlas_optimization_result_screen.dart,10769,2f98715f870ef928031c9c850e6241553158e50227f8fdf21b0d33f31432525a,TRACKED,.dart,
lib/features/optimization_engine/presentation/screens/atlas_optimization_screen.dart,18732,d289c88acb3a83d3a9232e628e0841b906e64f85cf1c458e7eb45340756828f9,TRACKED,.dart,
lib/features/paddock/data/services/paddock_storage_service.dart,2512,04d2340a49164c5311ce0b57fbe81a6ea2b7b8b7e9bfb5ba0c8337c94cb1ca7b,TRACKED,.dart,
lib/features/paddock/domain/models/paddock_data.dart,831,a62c58cbddee9122824e1b998173cc4ee1ba63605ec565ad8e6500664b0a75ee,TRACKED,.dart,
lib/features/paddock/presentation/screens/paddock_form_screen.dart,7539,cc0b3b6c6881be94f9b407506fa608abf8188144d141c54d35d20a244c36ef4a,TRACKED,.dart,
lib/features/paddock/presentation/screens/paddock_list_screen.dart,15363,ed7ae96362ae57b532a52ff16ac9cc1a93ab057193f2ce80a240e17f9dce3f28,TRACKED,.dart,
lib/features/performance_center/domain/models/atlas_performance_snapshot.dart,2722,531bf0a43924b5115d33e6b58279b234009032f9eeae9aaca56994095a76a73a,TRACKED,.dart,
lib/features/performance_center/domain/services/atlas_performance_engine.dart,6573,dbc8308a905863a5f345b8680585c6cb211709f528b486bcf91b2492e9ee0312,TRACKED,.dart,
lib/features/performance_center/presentation/screens/atlas_performance_center_screen.dart,18960,c5c5205136a8ffe3aa788c81fdb9145a685223f7ad74142c03a11ec91e93fb62,TRACKED,.dart,
lib/features/performance_intelligence/data/services/atlas_performance_repository.dart,3998,469c7eebd15eaca6843730819c066467d018f5695eee7e9be8736b67df522085,TRACKED,.dart,
lib/features/performance_intelligence/domain/models/atlas_performance_analysis.dart,1177,239a7cedd2518439afef789519faabc1b9c0b8ac439df7f31d6ac7c7ea94c804,TRACKED,.dart,
lib/features/performance_intelligence/domain/models/atlas_performance_kpi.dart,3500,924404cca49b7535a2f2f3aa649c192db74d2c40f0107a1b5791fad0daedc167,TRACKED,.dart,
lib/features/performance_intelligence/domain/services/atlas_performance_engine.dart,4316,984c3c0d75f8cdad720d5775ecc1fe268c21922a8860a5406609395e5e44cf29,TRACKED,.dart,
lib/features/performance_intelligence/presentation/screens/atlas_performance_dashboard_screen.dart,25860,dfbdf097e20c37cefc6fca34a692a93df2387f0b7240bd5e32f30041f47d8e36,TRACKED,.dart,
lib/features/pilot_program/domain/models/atlas_pilot_plan.dart,1747,cb98d16d5605e6ca415167b9b7bc257153cad43bea1a1311358420bb6ef359f0,TRACKED,.dart,
lib/features/pilot_program/presentation/screens/atlas_pilot_program_screen.dart,1844,51521e7c032831e1740f9baa27cbb62557589c1674d22ce99864f8a21f02eda3,TRACKED,.dart,
lib/features/platform_hubs/data/services/atlas_platform_hub_service.dart,1560,cbeaa051f24606a54d29aaadfecae5153c251e25f4f5256fd0a3b57436eada19,TRACKED,.dart,
lib/features/platform_hubs/domain/models/atlas_hub_snapshot.dart,1201,4a1c23372f35ed0d28fd0f03cc511b7cb304e01346375a80dfefdfc42e7eea46,TRACKED,.dart,
lib/features/platform_hubs/presentation/widgets/atlas_metric_card.dart,490,350af258705ac48635f9d07cda53d50c29f8853a25288bac5837bbcff545947e,TRACKED,.dart,
lib/features/platform_v1/data/services/atlas_platform_service.dart,1888,d69f60e393570110e4c9fe02c0c04067136202d61364b6a8b67be7ff4ff1dd0f,TRACKED,.dart,
lib/features/platform_v1/domain/models/atlas_platform_dashboard_data.dart,3179,904f3bc70be2b5be9fabf9c6d28a0e3a26b1ce9732fe5b0d2d82abbd8bf4c559,TRACKED,.dart,
lib/features/platform_v1/presentation/screens/atlas_platform_dashboard_screen.dart,6466,ef582219a9723f8f7f2b346a442600bcccb2999d5edd341a74e37d4b708735f6,TRACKED,.dart,
lib/features/portfolio_management/domain/models/atlas_portfolio_item.dart,2810,8bd228faac4a90da53e01a8682c87084b63331b1606671f5823299bf5ff80d09,TRACKED,.dart,
lib/features/portfolio_management/domain/services/atlas_portfolio_management_engine.dart,5933,74f11986ecb8937084c27a1a04a1ed5df3c54f608a938666a5f2f364c3568b1d,TRACKED,.dart,
lib/features/portfolio_management/presentation/screens/atlas_portfolio_management_screen.dart,13336,1f36f17958163cfb831eb7b98153f7fe2da79022f3b3fbf577f5bc3243c1633c,TRACKED,.dart,
lib/features/precision_hub/presentation/screens/atlas_precision_hub_screen.dart,7348,f7dc4b2965840dddb350a3105208c05694c8361f1a42b6beccdf2cc79002b5d8,TRACKED,.dart,
lib/features/predictive/data/services/atlas_predictive_scenario_storage_service.dart,3896,584e2e811c1d782f414ca3d5df48b15b107bcdfedf35f6898261bf659d82a00f,TRACKED,.dart,
lib/features/predictive/domain/models/atlas_predictive_scenario.dart,7388,58829dd256edb0e44fbc5433bdb0a4e275a8388f21b45fd45a5893af2ff11374,TRACKED,.dart,
lib/features/predictive/domain/services/atlas_predictive_service.dart,28089,da9d0aaee5304701d3843b437ef9c8038d39d267e47a5c0ef211e9628a4b03d4,TRACKED,.dart,
lib/features/predictive/presentation/screens/atlas_predictive_screen.dart,49516,e012e8b7798cbd94e4aa059b5b351f15db74a66fc539262cac76e198a5eb0f92,TRACKED,.dart,
lib/features/predictive_ai/data/services/atlas_prediction_repository.dart,2835,c63edb76a262e505acb887da5f957b3ecca28604fdadfd0471d722b8302a609b,TRACKED,.dart,
lib/features/predictive_ai/domain/models/atlas_predictive_scenario.dart,4492,75156bd6acd1cea6a67950c8540603c2c4cff8bdf93ffd5d27484c8a6c9ecb67,TRACKED,.dart,
lib/features/predictive_ai/domain/services/atlas_prediction_engine.dart,3142,f57c373677d87b92a5834fa88fa19fd5ac27cd2c9ac6c4ba4af8f1c6de165de9,TRACKED,.dart,
lib/features/predictive_ai/presentation/screens/atlas_predictive_ai_screen.dart,15872,759a750091d5219e2d0c232ada86d9021a8c833c8e9838c3453851c17529e41c,TRACKED,.dart,
lib/features/predictive_analytics/domain/models/atlas_predictive_analytics_data.dart,7694,9a3c2b123ae9c5777381ffd6e87927cecec7c877d519a5e13f5943f6144c935c,TRACKED,.dart,
lib/features/predictive_analytics/domain/services/atlas_predictive_analytics_service.dart,20218,d3faaacaaf2530ed05290d77b9dcf0652bc6ddd09579ab91fa8b630a19c4436d,TRACKED,.dart,
lib/features/predictive_analytics/presentation/screens/atlas_predictive_analytics_screen.dart,23888,19d37a0a1e1bf6e908dde0a507fa33c756342a2ea2cf673fbbf44a60369f5cb6,TRACKED,.dart,
lib/features/publication_center/domain/models/atlas_publication_plan.dart,1628,6a3d46e25984389b8d394c04aadef349dec6ebddca9d512dc3ce0155bbeb630b,TRACKED,.dart,
lib/features/publication_center/presentation/screens/atlas_publication_center_screen.dart,2252,1f9b1e5d8705af8055ec6e95be8c27b2dcb3a19a579e0dbb026874f679e16917,TRACKED,.dart,
lib/features/quality_center/data/services/atlas_quality_repository.dart,4637,004d9fa5baecc3c5c063d17fc7b73df48a8f70ed1eccfe3f35cf6fa85e2bd03e,TRACKED,.dart,
lib/features/quality_center/domain/models/atlas_quality_data.dart,3748,154e2a3828840cd811843839dd25cdb93674b3d95f2f23ac4fa2a08270b103f5,TRACKED,.dart,
lib/features/quality_center/domain/services/atlas_quality_engine.dart,1314,3f657d3fdfd76d6fb5f0d4fbbea0f71fdd18bc15f9c04bbb28e49d950dace3cc,TRACKED,.dart,
lib/features/quality_center/presentation/screens/atlas_quality_center_screen.dart,12404,87f95dec83c5275330bf039caf0dce40223dc472033882b1672fcf9e8c83c3b5,TRACKED,.dart,
lib/features/realtime/data/atlas_realtime_repository.dart,1578,c6ad0a8c85aaeaa577cd88cf2a8c31238066147d5dfb790d4063f9d5779b4a65,TRACKED,.dart,
lib/features/realtime/presentation/screens/atlas_realtime_center_screen.dart,6235,da0723665e5b752a7978474026d0480cd7cbac6528dec0fc1d00d2a1e4921bf8,TRACKED,.dart,
lib/features/recommendation_intelligence/domain/models/atlas_intelligent_recommendation.dart,2536,db6b5e50dfe8624386ec3a24b31a5cf67ebcb2313b19d8fbd4cf30f9413e3f25,TRACKED,.dart,
lib/features/recommendation_intelligence/domain/services/atlas_recommendation_intelligence_engine.dart,11938,7eddd1c18befce526111dc66b4a5bf907f3b19bc7b0abe2ae23f41f172f4ed23,TRACKED,.dart,
lib/features/recommendation_intelligence/presentation/screens/atlas_recommendation_intelligence_screen.dart,14455,a3fd01eb9e78e996cda7cbab342382acb6d81dbcacfc3f5fab51d3d3254b18e3,TRACKED,.dart,
lib/features/release_engineering/data/atlas_release_engineering_repository.dart,1413,6d55c71e9444517cf2bf70593ba44b38abaa9485b43a25a46a42f853249699bc,TRACKED,.dart,
lib/features/release_engineering/presentation/screens/atlas_release_engineering_screen.dart,8517,da8db3a367b26711d663bca35c506d9624f97069de948c44ec0c12328ef23a99,TRACKED,.dart,
lib/features/release_management/domain/models/atlas_release_plan.dart,1951,4c685695b39e8a4b20dd67ab3452c384cdfa2a5aca30f54a5af7dc6c97667aab,TRACKED,.dart,
lib/features/release_management/presentation/screens/atlas_release_center_screen.dart,2577,9fef44a8b21988f98099fb43ab6e33338a5ceb317c3e5e5e2b6991bae84c260b,TRACKED,.dart,
lib/features/reporting/data/services/atlas_report_repository.dart,1093,9d9f6db526d74770dd34a54b2c2ce7a59051ba2433c458383f58aaf573ea4205,TRACKED,.dart,
lib/features/reporting/domain/models/atlas_report.dart,4197,45a13d2ee75a03e4cfd956b1c260931de54e3d06883d5194037dfcf661ddb818,TRACKED,.dart,
lib/features/reporting/domain/services/atlas_report_engine.dart,2030,370bdac014ddc5e838a8ffac6932631b15f1a42ed18b6c98ca27bd373f680bff,TRACKED,.dart,
lib/features/reporting/presentation/screens/atlas_reports_dashboard.dart,26182,0769ba9dcbe6549a56243408432c84d72ab059d9fde40cdb6b7ed0d02aaffecb,TRACKED,.dart,
lib/features/reports/data/atlas_csv_exporter.dart,787,bd596ef6cdee90b653a74192dea3b2b4366d6b33ce6a3beb22d34f733b2ce21c,TRACKED,.dart,
lib/features/reports/data/atlas_report_generator.dart,2566,b30a72cb75348f629156e1513058a6791d45f81ae3e8c5943782eef4f94b071e,TRACKED,.dart,
lib/features/reports/data/services/report_action_excel_service.dart,22248,5cd59610dbb859e99a6adc16b60149e75c225ffd52bcc40aa26f764bc5607c84,TRACKED,.dart,
lib/features/reports/data/services/report_action_history_storage_service.dart,12645,b3e4d16d76034d5975073fb4765e59de9ec7eb67486f53865c1e7d258e422429,TRACKED,.dart,
lib/features/reports/data/services/report_action_pdf_service.dart,35427,a614a329a4cabfe0d68522b5e098301d2ae4e7c963f943f8b4590205971d8f39,TRACKED,.dart,
lib/features/reports/data/services/report_action_storage_service.dart,8170,f7718efea63fa15029ac938672cb3b1d8822d317d4c2d1384048b05b2cc0898c,TRACKED,.dart,
lib/features/reports/data/services/report_excel_service.dart,36394,914faaba208056590399c166c5dbac23980b57eb8d0ccfb2478ac63269bbb1dd,TRACKED,.dart,
lib/features/reports/data/services/report_pdf_service.dart,55066,2a4da4172d8885ea2738c33985b41fb2106e5e79f09ee80fa012556c80933389,TRACKED,.dart,
lib/features/reports/domain/models/report_action_history_data.dart,9271,922064d9909da8193cb0a50961805dceeab637ee0c89977ce787d267f2488946,TRACKED,.dart,
lib/features/reports/domain/models/report_action_item_data.dart,6403,d3a9a9b3e82f3f68f3ab7a9efcaff92f730e610656c12335f5fccadd10adc572,TRACKED,.dart,
lib/features/reports/presentation/screens/report_action_list_screen.dart,66568,6ef49214bab5a8a2130e6be1d035bbd146f0ff6931a3be96854c32bb72a6fafa,TRACKED,.dart,
lib/features/reports/presentation/screens/reports_screen.dart,82240,e485a01021ab24b96cf3e89beef57a8b71e03b7dc376ce523aad88552bdb0d13,TRACKED,.dart,
lib/features/reports/presentation/widgets/report_action_analytics_card.dart,24867,06b2e4452ea9f4d95654c1874e9cca5091eb263e9f3c2fb48c54bf89e585a811,TRACKED,.dart,
lib/features/reports/presentation/widgets/report_action_history_dialog.dart,17586,42ec43092f21483b255f3b87c6f14d59eec0cb7da1c87a87689f960452056e76,TRACKED,.dart,
lib/features/reports/presentation/widgets/report_action_kanban_board.dart,25936,9a84ffe528e2c19b87abc785acd4288c43cb6f10784a0df6b45e1c4f04d65e84,TRACKED,.dart,
lib/features/reports/presentation/widgets/report_action_plan_card.dart,16980,42200cd9128411262a67d084691d3cefa52588d073168b927ccefa0da103e452,TRACKED,.dart,
lib/features/reports/presentation/widgets/report_chart_widgets.dart,27989,8f3993b8760f431cd2fe3a05ddfdd92adfd027242d9af52148de0ea8eadf0152,TRACKED,.dart,
lib/features/reports/presentation/widgets/report_management_insights_card.dart,20205,3720d4038336ec90e837e7441e3c8d5c0ee5f7bcede448d0696a9312bd1a3e85,TRACKED,.dart,
lib/features/reports/presentation/widgets/report_period_comparison_card.dart,10794,753159f2554834b119b6bd8e529ccc386e8af22b487225e916aad7b225c0c2ca,TRACKED,.dart,
lib/features/saas_admin/presentation/screens/atlas_saas_admin_screen.dart,7101,8c75b86339baad0d8b179a3e0668083182b6ce4c53b9240b05077e9f4e9a3f96,TRACKED,.dart,
lib/features/scenario_simulator/domain/models/atlas_simulation.dart,5616,9f232166964678934ff601420f07e86f05a283c0daad9e4506d3065d4a6bed21,TRACKED,.dart,
lib/features/scenario_simulator/domain/models/atlas_simulation_result.dart,1831,cc8178ce70da7c6f3170d647e0fc505c96cd0041fe4d286e6814a2325ae16519,TRACKED,.dart,
lib/features/scenario_simulator/domain/services/atlas_digital_twin_cloner.dart,272,017de481d552bd2a1cfd23ead47fac29058f86ebfa380b751b746f524ee7e7b6,TRACKED,.dart,
lib/features/scenario_simulator/domain/services/atlas_scenario_engine.dart,12258,d9f94235fe5d50e9fdf9629eb2550048ee2e4c3e2590bf58b0415eb30dc9670a,TRACKED,.dart,
lib/features/scenario_simulator/domain/services/atlas_simulation_service.dart,2662,615bf1cbd2d9398b57ddfafbfe9e2be8faae98caa117344e1e560d12f77f863a,TRACKED,.dart,
lib/features/scenario_simulator/presentation/screens/atlas_scenario_result_screen.dart,15411,cc11780836fbaed5e8d38921d8499b24605b4e971f3316a91ac93fc9ecc5e3f0,TRACKED,.dart,
lib/features/scenario_simulator/presentation/screens/atlas_scenario_simulator_screen.dart,30347,ae6bdd66e15936366731c8ad6df5db243870f57b508b2ccf7814f7632070a421,TRACKED,.dart,
lib/features/security_camera/data/services/atlas_security_camera_service.dart,2728,e5a56f34bb61f028138720704c5428af9eb1fb4cdae1d1b275b2fdb8dc40f85f,TRACKED,.dart,
lib/features/security_camera/domain/models/atlas_security_camera_data.dart,2919,d11aec0753400dc21ed7519680a12143d81e4acc67bd3cea3b27a267e2e52e82,TRACKED,.dart,
lib/features/security_camera/presentation/widgets/atlas_security_camera_card.dart,16411,4a954a96cebf7275f05fc7713fcfe1e5d889c0a429857e85cff8c28eee1391ad,TRACKED,.dart,
lib/features/security_center/data/services/atlas_security_center_service.dart,952,e1afff48343675424d4f8a5abdffa3510a8e6010d0b190d6c13a97aa93594ef6,TRACKED,.dart,
lib/features/security_center/domain/models/atlas_security_snapshot.dart,716,e3d91d2af00269c4ee5608af62e6ee826aa600959bb9c587adf3a02d78cc1318,TRACKED,.dart,
lib/features/security_center/presentation/screens/atlas_security_center_screen.dart,6703,04e8101a07d58f1543903820501a0ff0fcc324475c10bc928e46f730cfbc3bbf,TRACKED,.dart,
lib/features/security_privacy_continuity/data/atlas_security_enterprise_repository.dart,1408,0f6efded0f8260eb628a67db6a0c0fdc89240d9a191829004f03ef90a00bad58,TRACKED,.dart,
lib/features/security_privacy_continuity/presentation/screens/atlas_security_privacy_continuity_screen.dart,8062,d33b7939ad2dad8c5ce4fe4adceb7e00f3bbb4deefa6099cdac3d0fb2fd6476c,TRACKED,.dart,
lib/features/strategic_alignment/domain/models/atlas_strategic_alignment.dart,3789,cc7604b309245d18b73390969b47cda52112b5191a5485ec4758ea58466b88af,TRACKED,.dart,
lib/features/strategic_alignment/domain/services/atlas_strategic_alignment_engine.dart,9527,7c6df6d807520d38c61b57420c7dc2072b5ace284bbd37910251f7f1ea33fc34,TRACKED,.dart,
lib/features/strategic_alignment/presentation/screens/atlas_strategic_alignment_screen.dart,13299,011e11d6588b6f4466f561c452394e5727503fefe0e1f5fede63d5f64560e72a,TRACKED,.dart,
lib/features/strategic_capacity/domain/models/atlas_capacity_dependency.dart,3577,dd7f68ff11b2905fdffeb28e9a942b94944a3020b57709f601611d0f206175c8,TRACKED,.dart,
lib/features/strategic_capacity/domain/services/atlas_capacity_dependency_engine.dart,8857,510d3a0a599fa0ffed5cf55386409d8a79b89ed8a1b226e6fbbce1b7c57f8cae,TRACKED,.dart,
lib/features/strategic_capacity/presentation/screens/atlas_strategic_capacity_screen.dart,15769,0d31b666c803fb68b6a483c810be407034968a7140522df13cc54944a79c3dd9,TRACKED,.dart,
lib/features/strategic_execution_engine/data/services/atlas_execution_repository.dart,4492,464525796a4da6951f52de818d73fa8bdb6eb42086140b2826626d7b1857d427,TRACKED,.dart,
lib/features/strategic_execution_engine/domain/models/atlas_execution_analysis.dart,893,fb9a7111aa8f2b90613785fd7ce397ea193bf726a56e8aa16db02d2c0f70efa0,TRACKED,.dart,
lib/features/strategic_execution_engine/domain/models/atlas_execution_plan.dart,5114,7bc75eedd4975133f57ad5ee7b905f610b77a538a293aa1a05e8c6e9c4f48035,TRACKED,.dart,
lib/features/strategic_execution_engine/domain/services/atlas_execution_engine.dart,3990,13502b8eaaf4d8a3d8103bc2dade2a5e9480462eaf0555c0f5d45e1c68e5a2ac,TRACKED,.dart,
lib/features/strategic_execution_engine/presentation/screens/atlas_execution_engine_screen.dart,26940,c5bca2d1a033483c654e7dcba6a7c7c92d81d0a16e1f3b68156365cacfcfc534,TRACKED,.dart,
lib/features/strategic_scenario_planning/data/services/atlas_strategic_scenario_repository.dart,5758,c3c84d9fb671208a046c2d41edc15b5016284a4340c57dd2852efbbe4e61bbf7,TRACKED,.dart,
lib/features/strategic_scenario_planning/domain/models/atlas_scenario_analysis.dart,2679,b1f1488987fd8206a37ba051c6e46df59beacbdc9559d4a4b19a60e9e1f22ceb,TRACKED,.dart,
lib/features/strategic_scenario_planning/domain/models/atlas_strategic_scenario.dart,9753,a5e1a9d201e35190a4e9482783fccff5df67d5d436cfc2916f2fab01c60d1ace,TRACKED,.dart,
lib/features/strategic_scenario_planning/domain/services/atlas_strategic_scenario_engine.dart,7098,dc5018760c7aa33504c787128bb41ee365a8a6f1d054196fc53bad2e387248b9,TRACKED,.dart,
lib/features/strategic_scenario_planning/presentation/screens/atlas_strategic_scenario_planning_screen.dart,27600,f409ae3a6fcea427dcf58f91aced09336a4d443ce099e0ea6bfeace31d68c82f,TRACKED,.dart,
lib/features/strategy_center/data/services/atlas_strategy_loader_service.dart,8793,642fb88c810afe5702758be19dd9d67cafb80579ed9b30cc1600c4b36ece2e9f,TRACKED,.dart,
lib/features/strategy_center/domain/models/atlas_strategy_data.dart,7629,d8f9e42241704ca1b6f33d356d8a6a82000a5da72a9c5cfb564b5cd61f473d5a,TRACKED,.dart,
lib/features/strategy_center/domain/services/atlas_strategy_service.dart,4178,a33cd8d7415cc6c60b220a09b082666382c6e1bbe15d2fc1865934e14079243f,TRACKED,.dart,
lib/features/strategy_center/presentation/screens/atlas_strategy_center_screen.dart,14936,04689df7e0c36c86800573d2058b60ce6a9a0ea858d115fe084da039709176b4,TRACKED,.dart,
lib/features/strategy_execution/data/services/atlas_strategy_execution_repository.dart,1997,e505b6c883a4b05cb8f584ab7cefb3022c758055069b771637fb93f1408e2460,TRACKED,.dart,
lib/features/strategy_execution/domain/models/atlas_strategy_execution_plan.dart,12404,82d2257456689ca3f7ac4a665271ea178608020cd4aba6ad20c9932b146abce3,TRACKED,.dart,
lib/features/strategy_execution/domain/services/atlas_strategy_execution_engine.dart,8350,411b90afde80dc3b089ab39aaea5e740f306e8ccfb69da0945bab378aa5bca12,TRACKED,.dart,
lib/features/strategy_execution/presentation/screens/atlas_strategy_execution_screen.dart,20100,9733d43148832f209ff05585c4d2bd0653dcae11394a2a3d4af9b12551e68356,TRACKED,.dart,
lib/features/sync_platform/data/services/atlas_sync_repository.dart,3513,58b17cca5a2da36ab0bd01b0a9fcf88c4ed98958052ed5785a782bd9a0541564,TRACKED,.dart,
lib/features/sync_platform/domain/models/atlas_sync_data.dart,4885,535c3998b0128a50f4779ef20767d71e343b241f7f463256ea917becc635c2ef,TRACKED,.dart,
lib/features/sync_platform/domain/services/atlas_sync_engine.dart,2307,2bc58908aae694e13b484d67c121fd288553a08b903d2f922dc365a0a9860306,TRACKED,.dart,
lib/features/sync_platform/presentation/screens/atlas_sync_dashboard_screen.dart,13135,aac70791a78f77b6c76f29b910824b9197d580f914e114c71a73087e4127533a,TRACKED,.dart,
lib/features/technical_dashboard/domain/models/technical_atlas_score.dart,12356,cfd66fa77a25b4f304d805417fee61e5d9f03533a5482182e5c8917cdb242278,TRACKED,.dart,
lib/features/technical_dashboard/domain/models/technical_dashboard_analysis.dart,3194,f0ec0ed51de35f1a16746cd5f469c2db1212aad29faed7c17ede775653f85cab,TRACKED,.dart,
lib/features/technical_dashboard/domain/models/technical_dashboard_period.dart,1723,033e858bd3372758a6b9c79fee952d616c86e177ea7a3ce54668321698209dd6,TRACKED,.dart,
lib/features/technical_dashboard/domain/models/technical_executive_diagnosis.dart,4149,e2d211e43aad2612c293b66c8fac333ea585a9cf6bac6cf15bafd644138b7f2b,TRACKED,.dart,
lib/features/technical_dashboard/domain/models/technical_farm_summary.dart,8244,557f8f60092c4e8a088c886a0ff3a69e7597154fa523d8cadfba056ce8a30426,TRACKED,.dart,
lib/features/technical_dashboard/domain/models/technical_financial_series_point.dart,341,284e834922f9894a6e8e8825f6b9d10a839b82e4d5baa985221b3b34108fe1a9,TRACKED,.dart,
lib/features/technical_dashboard/domain/models/technical_health_series_point.dart,459,abaef6cc8e402f356b1141792582a18df30ab13ec446c42960a738830c15183d,TRACKED,.dart,
lib/features/technical_dashboard/domain/models/technical_inventory_series_point.dart,479,7b66be2ec73948face6ff2954eeb2bc6b121d499847f7614bfdb87d319b31a19,TRACKED,.dart,
lib/features/technical_dashboard/domain/models/technical_nutrition_series_point.dart,417,37484790d82119849cf998e35dc46a40a68d5b94de67a559d59cdf82fd38e699,TRACKED,.dart,
lib/features/technical_dashboard/domain/models/technical_reproduction_series_point.dart,437,5173b85c0c2426e460070328c0a6dc266fa4d46ceaea2ce2a5ff1a3913e23952,TRACKED,.dart,
lib/features/technical_dashboard/domain/models/technical_weight_series_point.dart,374,bd4c9d6ef6af7a16721ae79de523a2fe7b0598eb12027e0a559b6238d746bd20,TRACKED,.dart,
lib/features/technical_dashboard/domain/services/technical_dashboard_service.dart,27420,731e2154261ff026eb1cf2f7270d294a7c16f76598c6dae7aeb61b4a5204cf29,TRACKED,.dart,
lib/features/technical_dashboard/presentation/screens/technical_dashboard_screen.dart,32911,d590adf56c04d7aef38f38bf3398c34ecfa51f46df6d58580720538057d09150,TRACKED,.dart,
lib/features/unified_workflow/domain/models/atlas_automation_execution.dart,1397,517504de2bb2d88cc03c07396663146f297ecd678917e90c985755011514434c,TRACKED,.dart,
lib/features/unified_workflow/domain/models/atlas_automation_rule.dart,3492,567bac91d8792919cb33b4d86285d5f5418f282a59d54fc26c4d2ac468604f36,TRACKED,.dart,
lib/features/unified_workflow/domain/services/atlas_unified_workflow_engine.dart,9923,36d36f465f1a46d574a0bc0776a14600f0fd62b9888ab970603e00cbda78e845,TRACKED,.dart,
lib/features/unified_workflow/presentation/screens/atlas_unified_workflow_screen.dart,17565,792334eb896d1c5a88198782d805628b3939ed912a9e2dead40c51257a3a7bf4,TRACKED,.dart,
lib/features/value_governance/data/services/atlas_value_governance_repository.dart,1643,b5bfb0f1f22d528f7b9cbfa6e0108a8057daa66eec7028c6f2594f36263c3c0b,TRACKED,.dart,
lib/features/value_governance/domain/models/atlas_value_governance.dart,4227,e7b6326f2504e8040fe17fc7c7b47096b071095cb535c7ebf5bb58248d0f8be6,TRACKED,.dart,
lib/features/value_governance/domain/services/atlas_value_governance_engine.dart,5203,be8d76ac8a569903d7991d8b7a8a1b39f8c9042aadd28fcae72f8b93997c8aef,TRACKED,.dart,
lib/features/value_governance/presentation/screens/atlas_value_governance_screen.dart,11953,5b94d36d36ddfdc338b8e94b7519b2bdfa951d0033aa8e74d55d11ee6e01dfa8,TRACKED,.dart,
lib/features/workflow_engine/domain/models/atlas_workflow_data.dart,7052,1a599f0dd55086e71c2e453215b7c48a34c5191fa103d33b0036246afae142dc,TRACKED,.dart,
lib/features/workflow_engine/domain/services/atlas_workflow_event_service.dart,8239,10ef4b4981ab878adcdb9651f8026297db991b4073eaf821fbbc49deb06f520d,TRACKED,.dart,
lib/features/workflow_engine/domain/services/atlas_workflow_service.dart,11368,4707f088f16ef8ee7e85df658eb0463435d862be9a90cdcb44ba27dc01a12a3e,TRACKED,.dart,
lib/features/workflow_engine/presentation/screens/atlas_workflow_screen.dart,26703,3b98c42e2f4f964da9000d11f420ad3fe7700599677773ff29bc683bd963e2f0,TRACKED,.dart,
lib/main.dart,1213,cdebd40231677fc44487474cb9ad0d1fb3cd66e58f5f22ee3631e19dfdf0b024,TRACKED,.dart,
lib/shared/theme/app_theme.dart,3584,f315bfc3c10c9ff1d0450da9a691221cb7f8774c8c85fbacfe82ec048225efba,TRACKED,.dart,
linux/.gitignore,19,d7bbeac6ba86e2d94d8ccc63a1a2fbbac5ee7467f52f75c168165412d6ac3b60,TRACKED,,
linux/CMakeLists.txt,4893,018714a7503d3f4284536df58113938063f8b50e9d3ac5259ba87c5d002ef1c3,TRACKED,.txt,
linux/flutter/CMakeLists.txt,2903,4eb17836308c1cd53f6b2bb8edb3b7b30610bff3b1d9df7fecc9317f9109700c,TRACKED,.txt,
linux/flutter/generated_plugin_registrant.cc,1294,f6384ffd8c16f502d31568175cd5ab39ec5ac99aec6f46519c1041a3b68ec8dc,TRACKED,.cc,
linux/flutter/generated_plugin_registrant.h,303,00f93bb5b1faefdede8f6065df327522900fb0b8efee86bacf424fd947ed14bb,TRACKED,.h,
linux/flutter/generated_plugins.cmake,830,3dec6dd57dfb22a58941c449091af62423be988fb5622263de73164fb0a60760,TRACKED,.cmake,
linux/runner/CMakeLists.txt,1000,81ecf2604c50f480c23d460b2ddf653ecd39df29cc5b2fe4913f1a59f008a5a7,TRACKED,.txt,
linux/runner/main.cc,186,905b4dfa4eab584c1eb6244899b7d5ef56d0bceaf3bffb5ea335ed7e0ba3c549,TRACKED,.cc,
linux/runner/my_application.cc,5502,b711e6a650bfc31a2886a704384a9c05470a9b0bc6960e6d1f927888c98e6b23,TRACKED,.cc,
linux/runner/my_application.h,406,b9be2b58ead9fa2fa3422636120e85ea8ee2a600aa0b42e268cb8ff0ae4b9b5d,TRACKED,.h,
macos/.gitignore,96,236a523a43625a2d63af3cd0f2ce8600a3668846f8cb278c1c7c5cbfd4aa4088,TRACKED,,
macos/Flutter/Flutter-Debug.xcconfig,49,7e9b3ee3961b7d7718b418ceaed812a5f06a4e4cec894aae712a78e159c32ab0,TRACKED,.xcconfig,
macos/Flutter/Flutter-Release.xcconfig,49,7e9b3ee3961b7d7718b418ceaed812a5f06a4e4cec894aae712a78e159c32ab0,TRACKED,.xcconfig,
macos/Flutter/GeneratedPluginRegistrant.swift,983,05b6fa7b24ff7331e9c5c0dc2f1ef488d7eb6d3211125c0277bfba1b7a44d4d3,TRACKED,.swift,
macos/Flutter/ephemeral/Flutter-Generated.xcconfig,513,9f923a744738397b0d8d77279854c6cd9adb73b79d393ebb4bc75ab150961132,PHYSICAL_OR_IGNORED,.xcconfig,
macos/Flutter/ephemeral/flutter_export_environment.sh,621,2c447005b03693ee3fcd5f4bb6801c77b6a8799334c50fcb83c13fbc119c0122,PHYSICAL_OR_IGNORED,.sh,
macos/Flutter/ephemeral/flutter_native_integration.env,441,09869a9ba114cbc52156e8897fcaff3311094c22e1261b4ad52f5923e1bd915f,PHYSICAL_OR_IGNORED,.env,
macos/Runner.xcodeproj/project.pbxproj,27126,a4bed0ee84822849ad2e013eb78ed7c4b29f0f8bb6195e1ceaa8ac0ca4357ff0,TRACKED,.pbxproj,
macos/Runner.xcodeproj/project.xcworkspace/xcshareddata/IDEWorkspaceChecks.plist,246,d557c2c32fc6258ec28981fa45dc847b76c9968beb90a2e26d13ef9c4ea45c30,TRACKED,.plist,
macos/Runner.xcodeproj/xcshareddata/xcschemes/Runner.xcscheme,3810,f6cdcba0470b39b7d8c83977aa396c4f6687fe5a25a94b72826670bd0e5cdeab,TRACKED,.xcscheme,
macos/Runner.xcworkspace/contents.xcworkspacedata,159,706a4c812f2a1e220e6785c27580020d58048e2ae4d30d1280f3c43344ce6b38,TRACKED,.xcworkspacedata,
macos/Runner.xcworkspace/xcshareddata/IDEWorkspaceChecks.plist,246,d557c2c32fc6258ec28981fa45dc847b76c9968beb90a2e26d13ef9c4ea45c30,TRACKED,.plist,
macos/Runner/AppDelegate.swift,324,5b9cbdcb563ad8578a99b7c283958490e4af537322e9092fe1efbb3c29ab3e1b,TRACKED,.swift,
macos/Runner/Assets.xcassets/AppIcon.appiconset/Contents.json,1359,992ba63d183dfb8f8e3af38ac203d834d23c004da1417c438b4c5a3d7d1d7103,TRACKED,.json,
macos/Runner/Assets.xcassets/AppIcon.appiconset/app_icon_1024.png,102994,6232e5815af17e25e0268b2fec7aea9e068cc92ec709e9605c2b31df4ff2a313,TRACKED,.png,
macos/Runner/Assets.xcassets/AppIcon.appiconset/app_icon_128.png,5680,15591f03f31313af6fd644ed0512106cc04365130b8b73244f1cfa6dddfb4400,TRACKED,.png,
macos/Runner/Assets.xcassets/AppIcon.appiconset/app_icon_16.png,520,cc6928b5adfc00dbf526192e2705dd9af641cdf20ab4c6c7ca7cd4936dca59f0,TRACKED,.png,
macos/Runner/Assets.xcassets/AppIcon.appiconset/app_icon_256.png,14142,416efd77cde932d42ef34168da24dd428a495b1f4f34bbbd125a18d2add186a2,TRACKED,.png,
macos/Runner/Assets.xcassets/AppIcon.appiconset/app_icon_32.png,1066,ae8c4458e41f1e28b1e851ed87d3268d4a0351ceea427fa2a84cc94ddfb6d4c5,TRACKED,.png,
macos/Runner/Assets.xcassets/AppIcon.appiconset/app_icon_512.png,36406,0a91c6c1bf242e54ee179e34629e9ef3e8a6d286c0fce01e302280a8be9277e6,TRACKED,.png,
macos/Runner/Assets.xcassets/AppIcon.appiconset/app_icon_64.png,2218,6ad229623498e5f1277800db3ab7cb11faf85eb2569e1213f7d8e55003c07b42,TRACKED,.png,
macos/Runner/Base.lproj/MainMenu.xib,24072,776c35481f6581f14148b90071558b25f6ce6262e771988985e9fe8d3e70a472,TRACKED,.xib,
macos/Runner/Configs/AppInfo.xcconfig,626,c715cb1d1eb80d9ac5acf795483c7b0b8f4cb422891832caf4dbe593c0af6bca,TRACKED,.xcconfig,
macos/Runner/Configs/Debug.xcconfig,79,86be603022e2a385dd7884fce4cc29255676c3dda579d3d4a56c958bf1e57de0,TRACKED,.xcconfig,
macos/Runner/Configs/Release.xcconfig,81,d1bf3f0349aadd5c58ee9d46c0ce4ce45467127c438936e9bb481d861d296565,TRACKED,.xcconfig,
macos/Runner/Configs/Warnings.xcconfig,593,aa8ded4c14068cb05f51f5446509fe56805cf1e29961ad6d5a97233bb0632bc1,TRACKED,.xcconfig,
macos/Runner/DebugProfile.entitlements,407,46bfab51c049663429876e6c129411f1e64de2f86bc9fd25ca31540e058c78b1,TRACKED,.entitlements,
macos/Runner/Info.plist,1361,6aec32efc931b9ba69142714bba150f5e6a8f8d569c169e4f4654b92091f34b1,TRACKED,.plist,
macos/Runner/MainFlutterWindow.swift,403,8178ad756f958f986f794a8bb06e321a6630ceaaf8f235b3b4ae3936e415dc7c,TRACKED,.swift,
macos/Runner/Release.entitlements,299,76f4f8d72e8355a2f2037893e2b4e3dfeb0a116a406b1bb6f0fd62dd15a433a8,TRACKED,.entitlements,
macos/RunnerTests/RunnerTests.swift,302,8a0ff977c64ceac0750fffa48087988b7b4125d1b1c49019221e7fffb574423e,TRACKED,.swift,
pilot/CHECKLIST_ATLAS_1_0.md,453,ed9333f86a88e4a453194543b8a48d51ba7ba9a86bf96ad240a1661c7abef395,TRACKED,.md,
pilot/PLANO_PILOTO_FAZENDA.md,856,5064b19ec07bdc781d1d489ddac78cdde5a567e06038571d70680c15bc48bc2a,TRACKED,.md,
production.env.example,231,68f94583271646d104fe6216c0619412d73f9a6c45f5847825fae8c0b1b3dad3,TRACKED,.example,
projeto_atlas.iml,859,d2052ef022de364483e3823043cb6a5be1c3f33217cae65c1a40b48b17669199,PHYSICAL_OR_IGNORED,.iml,
pubspec.lock,30795,88024bbe7f90e77d9c8ee8cd83c344894ef5c0c041572efed3cdb114183bd649,TRACKED,.lock,
pubspec.yaml,995,6e4bef382a326d9401cf61549acb173d0750d27374177e1d7ac3ca339d93d02b,TRACKED,.yaml,
release/checklists/ANDROID_E2E_CHECKLIST.md,1004,b671b9525f8511e593a04146b863b20bab58e48a269c72089c190d7596293d15,TRACKED,.md,
release/checklists/PLAY_STORE_CHECKLIST.md,738,df5fbb1cd0ba702d6c0bbc1ecb1530d1ede6ef3184326c277a07ace0e56c33ba,TRACKED,.md,
render.yaml,1710,5b9db703b43957260296e40b1d199e4d2f130970687953a9a15c5f2624953ff6,TRACKED,.yaml,
sanitize_atlas_post_9c_worktree.ps1,3632,d71da71680a8609857cb52bc8767620e608a41f21d8806256ac538ebe77e1d98,UNTRACKED_NOT_IGNORED,.ps1,
scripts/android/00_android_first_device.ps1,192,fbb6fb2c3357bbf2ab6ececfdba2436ea186b2b24dd790a6bad2b2bc78e5596b,TRACKED,.ps1,
scripts/android/01_validate_project.ps1,1264,ea876512e70743c6dd2b8d847a4e051beffd6619058635f156406e27c34c8fe0,TRACKED,.ps1,
scripts/android/02_start_backend_lan.ps1,515,246ba5b20d45c19b8c08031c2d86cdc320ba77f7b607d7e5a1b46ae3bfa74dd1,TRACKED,.ps1,
scripts/android/03_check_android_device.ps1,1135,7f9657cb20036ad4b203698e1ffffcc7f064a29c0ae95e6698ad18605b8b8492,TRACKED,.ps1,
scripts/android/04_test_backend_from_pc.ps1,951,42cb1f68539c5b179bbea2e5c6aba14e01c925c931769e28a27bc6ef895b1802,TRACKED,.ps1,
scripts/android/05_run_on_android.ps1,921,6496dadcefe1458727d0804524b6d4eec79697f171c33a1f9031bd32342618c6,TRACKED,.ps1,
scripts/android/06_build_android_apk.ps1,1471,1ee1c01605f1d79fb0fce3b6822e11d02ca0eca0482b333bdef46258d455fbc4,TRACKED,.ps1,
scripts/android/07_install_android_apk.ps1,725,e55e8218b38ce2a142aa10c1334f52f60fde661992ab0d191545beb1aa3cf412,TRACKED,.ps1,
scripts/android/08_android_smoke_test.ps1,899,9f4e71a2563cd04a18e258505e00afdaa66434ef29061044c88acfa307589c32,TRACKED,.ps1,
scripts/android/09_prepare_first_android_run.ps1,665,a5a076b6654920460f542dbf60d7fce9856594ee3950a49a638309711a88a745,TRACKED,.ps1,
scripts/android/09_validate_free_duckdns_api.ps1,857,8dbabdd079917c09ea96acf6d45c7f1c59720193e7b72a8766b7d144368861e8,TRACKED,.ps1,
scripts/android/10_validate_public_api.ps1,529,183c26c6c35a956460011db3261ca18bade420aa6b61b97de6c6a19a4a3f1f8f,TRACKED,.ps1,
scripts/android/11_generate_upload_keystore.ps1,1623,47fde8baf0155291b9b034b4b5d802ae2256cb2a2631ad5f7cd73ffbb58ef5dd,TRACKED,.ps1,
scripts/android/12_build_release_aab.ps1,1862,8ce727fa07bca76c8361dc52fb12dd7c7b78e2bfd9d3173b72ab95a1d4a3a180,TRACKED,.ps1,
scripts/android/13_build_release_apk.ps1,673,82ce6ce4f0a7c2c9e72365c1447b3949d556328a69984779788105399ca6a7fd,TRACKED,.ps1,
scripts/android/14_install_release_apk.ps1,708,5f150433474379ff9fe073539460ddc30847999290c04b9d60db09d480d13124,TRACKED,.ps1,
scripts/android/15_android_v1_smoke_test.ps1,1633,cdec2862da618ad89360b1931143ee4936f66bef60861ee2d3020387fe188060,TRACKED,.ps1,
scripts/android/16_marco6_gate.ps1,1166,c61fea07ba8ce2a1fba9dcf9ae89a8b94322abb545e0e80dc0c3096f49122624,TRACKED,.ps1,
scripts/android/17_marco6_free_gate.ps1,739,3783fa58d597a1dadb4fb1041db12f2f632a497771bd2850ed6f507a9c0a204b,TRACKED,.ps1,
scripts/android/atlas_android_common.ps1,4073,8b869862ca603f28670712dda45fcccbfa81791d5b03328a8bbd1ae9e2dc1fd9,TRACKED,.ps1,
scripts/dev/bootstrap_project.ps1,2261,2d29e90abc68502cc9677c38d581474a8ce34012e83ee04f18496e905128f0d7,TRACKED,.ps1,
scripts/dev/ensure_backend_venv.ps1,5515,5ef139059d4819197f56c7e69f1201a1607fdab49ba0256509c4dec504e446cf,TRACKED,.ps1,
scripts/dev/preflight_project.ps1,2291,bcc80ed842339f4461c493cbb9615dd11a35f02aae24ac1000d030daabcee47a,TRACKED,.ps1,
scripts/dev/restore_git_metadata.ps1,1049,3d8a2f18090e5cbfa6150ac59d03bde521f57ff0accf4dcea283b0de5280776f,TRACKED,.ps1,
scripts/dev/seed_demo_production.ps1,37875,eda9744a9ad0c8a1c7549aa291005b17674d9ba908ae75b1670729cd0ae9217b,TRACKED,.ps1,
scripts/dev/start_backend.ps1,1246,11a622ae4b950cdafcc95f879261f54b32b25991de3b9b636ab0992e99c5cca8,TRACKED,.ps1,
scripts/dev/start_local_infrastructure.ps1,11316,c9ada9be95466b527c89d8fcb2f8ad4225b61b5dca29fed27fc53de95cddbac5,TRACKED,.ps1,
scripts/publication/check_publication.ps1,549,42dbc4ad31a9e1a4f194aac2fc8485f56fb7690a4af2f90b7da3181d3745ba4e,TRACKED,.ps1,
scripts/quality/atlas_android_rc_preflight.ps1,1209,5209737493e8aa16e65f89453eba39aed3e7622c84ee5439438448444ea5001c,TRACKED,.ps1,
scripts/quality/atlas_baseline_static_audit.py,8871,4a08fe8b297c552070c17b73911799bcf280015328e4bf4f9660e272b5adf519,TRACKED,.py,
scripts/quality/atlas_full_project_audit.py,26405,e75901a88520a43c62bed5328060538f83f41704354ee333aa9c0bb63f63313a,TRACKED,.py,
scripts/quality/atlas_local_infrastructure_contract.py,6560,aa4a00c138dd464b8a481f2f6cfcdf77a7f00ae708ad27ecc251d2df87f7c3f6,TRACKED,.py,
scripts/quality/atlas_marco4_advanced_feature_classification.py,8837,9b962a49404e9c738f19ad419e56c0487bcf7668eb01ec4637177fbad7047a39,TRACKED,.py,
scripts/quality/atlas_marco4_persistence_classification.py,6504,a62fb02f6d6f9d91ef7c865c13cf381c12cbef741171ac53bf15b4e5ade59e0d,TRACKED,.py,
scripts/quality/atlas_marco4_route_screen_matrix.py,11388,71ee349e9cc4b1115a25eca5f86bc9a92d99ee81db58448ce8f1d555fb9fc0d2,TRACKED,.py,
scripts/quality/atlas_marco4_v1_functional_closure.py,8449,421a0b97db42e543618fb032aee14709c486d122741a71d834fc77bf253daff9,TRACKED,.py,
scripts/quality/atlas_marco5_final_contract.py,2831,f56bd3c5fcbbd264110fe1f91cf00bba3b7d3f5625c1ba74f56a96e6b8ae1d43,TRACKED,.py,
scripts/quality/atlas_marco5a_baseline_lock.py,6201,8940448f2a007034c5ba4f05c7c909797cf55d47187c14846f5e56668acce397,TRACKED,.py,
scripts/quality/atlas_marco5a_production_readiness.py,9596,6e471900b6b703181da4e227c85881c7e07ae5ee648ab5136a47df79434dad7d,TRACKED,.py,
scripts/quality/atlas_marco5b_security_contract.py,3975,ae90f3d56160a02ebed9da3db7f6990fb825f7cb608c7994d99c5598eefab958,TRACKED,.py,
scripts/quality/atlas_marco5c_identity_contract.py,4060,e55b2c91aee0f12ddbbaffe0acab973104fc2fd1b799e48f40523160192ca6cb,TRACKED,.py,
scripts/quality/atlas_marco5d_media_contract.py,4325,fb7ca11055f842175196ac97d826b872a1f4d5180184252bbcee96a651f724bc,TRACKED,.py,
scripts/quality/atlas_marco6_android_contract.py,5197,b5eb4d43ae46d20ee60f3871ca14df345c34843a343f03c943c0f1278102accd,TRACKED,.py,
scripts/quality/atlas_marco6_dependency_lock.py,2062,d82808af00a130243ad0a7136d08e2fda1d1bbba9d7c85b3e94732edef2a65f0,TRACKED,.py,
scripts/quality/atlas_marco6_free_infrastructure_contract.py,2431,078e47d2886ed46eb28c927b7cff5bc38a3693e51aef9320450554d52ca64c0b,TRACKED,.py,
scripts/quality/atlas_powershell_static_audit.py,4155,7ec83571091a9551a807a2f21a40299768a172b97aa2aef937331e6f4ae74c17,TRACKED,.py,
scripts/quality/atlas_predictive_risk_audit.py,11869,867161f41e327c928d1d8caaa568d45eeee88a97ca5c6760bca6bafc609c8708,TRACKED,.py,
scripts/quality/audit_git_secrets.ps1,4326,788c137aa7fdf765dbf13fedfb5addbba04748081588ecaae63c4a58a1510d77,TRACKED,.ps1,
scripts/quality/audit_v10_operational_intelligence_static.py,1663,d3860c6994201e59d0caea5f2f407b51d8953756258b9146f3c387524ad028a6,TRACKED,.py,
scripts/quality/audit_v11_dashboard_intelligence_static.py,1751,4f5c4ecd650b4f60d4343addf41ef0f34898491f5171bde28f8c61dbc4b12070,TRACKED,.py,
scripts/quality/audit_v12_v13_alert_center_static.py,2229,d7b9072d818f8a270f0ea7673327f95558fcfbc29bf68e5d2b9a8e437a2319a4,TRACKED,.py,
scripts/quality/audit_v14_v15_static.py,1857,23be7b9c5cb30138257d690e21fd96779620c959cd950ea74e1dc82de191f1cf,TRACKED,.py,
scripts/quality/audit_v16_v17_security_static.py,2239,e8485a847c35478fb4cbb4a89690f29004eccb0f157eca64bb510ffb7a44f5a5,TRACKED,.py,
scripts/quality/audit_v18_stabilization_static.py,1942,a1933760d723147be822124c9b24973e4979623c06ce9095ce0ac102d17cb1e0,TRACKED,.py,
scripts/quality/audit_v18_ux_static.py,1900,335ef35777e45b97aeb0292a19c3b308e0797e4b23b88424265a07784bdc67d1,TRACKED,.py,
scripts/quality/audit_v19_2_module_crud_actions_static.py,2919,e24d02455fe5d8d0aaa46229d3603cc8818fded4ddc4d9175ea32cc4896960fb,TRACKED,.py,
scripts/quality/audit_v19_3_visible_module_crud_actions_static.py,3696,5a8210a8b45e2ae8c0c1c140b09407b7d9b5b9b34dae08295ff2dbac74b3d4fe,TRACKED,.py,
scripts/quality/audit_v19_4_explicit_module_action_area_static.py,1634,2f059014868eb6b7bbff30c88912506565b50129b0ba1fb5bac8a03d80bfe51a,TRACKED,.py,
scripts/quality/audit_v19_5_direct_navigation_static.py,4078,e0b37a656e0c2853b0ddd827c8d41b59ccad2139c815e439593c32b0d51c1ab3,TRACKED,.py,
scripts/quality/audit_v19_canonical_navigation_static.py,2967,72a5e5fccc239a0225820018b8ce161a3bbfca2dea23db990a880eb2428ab906,TRACKED,.py,
scripts/quality/audit_v20_1_text_genealogy_static.py,4076,034b25c495f83f2b956c45c28b13a9cbfa87441d1ca91ef0a841aa71afcf9c45,TRACKED,.py,
scripts/quality/audit_v20_2_operational_consistency_static.py,3594,69594c1f8fe83742d983512f61c296bd392e0075131de7ba5767ae4555893849,TRACKED,.py,
scripts/quality/audit_v20_3_operational_discovery_static.py,2760,cdc1c56095dfe5e118c385c639dd59badba1fc35fc4608a37a0be4fb00900055,TRACKED,.py,
scripts/quality/audit_v20_4_text_forms_static.py,4950,06edcf3b63637d6697e738ba17d961d93158d1e0023c3e64fa1dc17113c5413d,TRACKED,.py,
scripts/quality/audit_v20_ux_foundation_static.py,2295,4210d5f46f57dc60e3be7e722a0118cb2a5623f9c976fcf6c2a4216d87776d70,TRACKED,.py,
scripts/quality/audit_v7_transactional_static.py,2158,0fb2bcf0045e71784090733f07fd6e4e75e1c78d7c731de2dd25418d858c267d,TRACKED,.py,
scripts/quality/audit_v8_transactional_static.py,2716,867dc92b34307d1b30e69945c1a98b0a67fdc4b9d4c867b6718154d8a42d73c1,TRACKED,.py,
scripts/quality/audit_v9_integrity_static.py,959,3eed77dfdc2c9c8a697226aeab60a4f0b6d2176ebfbd06390efc4087ec59d23e,TRACKED,.py,
scripts/quality/check_post_v21_macro10a_deployed.ps1,819,499e8ca955bf2b371087b81bda66b12f49f4452f7b34602052b45a7413c08546,TRACKED,.ps1,
scripts/quality/check_post_v21_macro10a_staged_release.ps1,1208,f37f8263c7858d40c61dffb4f83b5d2f65afbaecac99ffe4d90c2be4ceeb4a23,TRACKED,.ps1,
scripts/quality/check_post_v21_macro10b_deployed.ps1,3187,0b459d0ddf536ea9f0bd4c333820bbb375e9ae28b30fc5e2af805ea708c73962,TRACKED,.ps1,
scripts/quality/check_post_v21_macro10b_staged_release.ps1,1973,2a43ece22c1ebb5a91858d7b627073d482dec428add02232d07a40c5fd391c48,TRACKED,.ps1,
scripts/quality/check_post_v21_macro10c_deployed.ps1,1945,5c3ff37865fdb86a0506dc0668a26daa7f4a5ce16c026f5ac033044eeea2643f,TRACKED,.ps1,
scripts/quality/check_post_v21_macro10c_staged_release.ps1,1971,c8bc6509ee0ec88b847cc127b4a40741bfcf54625e94e98af2f78391208cae89,TRACKED,.ps1,
scripts/quality/check_post_v21_macro10d_deployed.ps1,2866,f113f76ff351a597713ff78156279ab65e90cd09d18027211365367d3eff5a94,TRACKED,.ps1,
scripts/quality/check_post_v21_macro10d_staged_release.ps1,1650,25dfbc9ab28887c15f66821bdf819d40ed8f45877792f4a8134b69bc5e53b3ae,TRACKED,.ps1,
scripts/quality/check_post_v21_package2_deployed.ps1,6019,a8fa1f43804ea3a1e29cd4469dc028de1fbffb4e6ecba218ed03b462f6124e0e,TRACKED,.ps1,
scripts/quality/check_post_v21_package5_deployed.ps1,2825,68636e5025c1061736799f124e291d8c172da72eafd4e0487013619ee0269c9c,TRACKED,.ps1,
scripts/quality/check_post_v21_package8a_security_camera_deployed.ps1,3010,81fe8b1e6c644ba998cf7da5859aef03b10c9b903531115695809e320ef1e6ad,TRACKED,.ps1,
scripts/quality/check_post_v21_package8a_staged_release.ps1,1982,68599cf78a4f456f1df344587af82848e11cf6f21ccb32151c58689197623836,TRACKED,.ps1,
scripts/quality/check_post_v21_package9a_staged_release.ps1,1608,6aeb053cb99f8eabb3e4ae72b441f212e422848c990fc8e5485a917b64cbcb6a,TRACKED,.ps1,
scripts/quality/check_post_v21_package9a_vet_contact_deployed.ps1,2440,8604319326b323ccd62f68d965c3c22c114dfc8af9537ca2fd6053fe70b2b695,TRACKED,.ps1,
scripts/quality/check_post_v21_package9b_safe_batch_handling_deployed.ps1,2618,ee58408321d3dde899c63d35f7637a747cc92ae5ec4cf1c62808e309f59dec73,TRACKED,.ps1,
scripts/quality/check_post_v21_package9b_staged_release.ps1,2323,6b6402cbf99514dccd1efbba7f0daf4ac8b1d91f81889bcdf8c0bf694872b0a8,TRACKED,.ps1,
scripts/quality/check_post_v21_package9c_onboarding_deployed.ps1,2323,5f541011d5407fb6093d998163b360e80581ed6eda545c7af5cbf00e35cc813e,TRACKED,.ps1,
scripts/quality/check_post_v21_package9c_staged_release.ps1,2127,47ce0fa80ff57cd321a32184a193272c93a4039256329a2d0629e2a37a0dda42,TRACKED,.ps1,
scripts/quality/check_post_v21_package9d_staged_release.ps1,1014,a51724619aa04da4542f9d48cd02905807d52dba43f67a25243d278a4d2971f0,TRACKED,.ps1,
scripts/quality/check_post_v21_package9d_verified_onboarding_deployed.ps1,1473,30945f11464718b69387faa879978d9fddf92bda1da1f69888f34f26d2fa5cb2,TRACKED,.ps1,
scripts/quality/check_post_v21_package9e_farm_scoped_onboarding_deployed.ps1,1506,8ca22043e5585a3199b402ab686e4314b98912540af1e928c5b5da7ed42b9660,TRACKED,.ps1,
scripts/quality/check_post_v21_package9e_staged_release.ps1,1014,56f530411b7dd10f73906b08b93d525ef3486fdfe5a6a18e631320f4c0c4253e,TRACKED,.ps1,
scripts/quality/check_post_v21_package9f_consultancy_action_plan_deployed.ps1,1592,04a16aa49559d94e10ffecdba53d4f7ad49677abc08f4d64a29d4d1aeceeb520,TRACKED,.ps1,
scripts/quality/check_post_v21_package9f_staged_release.ps1,2708,f1fea07e0809e4a790f01a0c826a0375f44cb9d5afefff907d6223a234300834,TRACKED,.ps1,
scripts/quality/check_post_v21_package9g_execution_evidence_deployed.ps1,1258,e0a5a03a1909ccbcbb1cd2d85ff2d6c8d3e67defd18a87ceb011a6acbd913204,TRACKED,.ps1,
scripts/quality/check_post_v21_package9g_staged_release.ps1,1496,2938f14e3d1e1acf10dadd681adae88659c798bf6495767e5aea022b0ab324a4,TRACKED,.ps1,
scripts/quality/fix_git_tracked_secrets.ps1,1919,ea91c7f8bde8ca165d7b471834da4d8b2e713210265fcd83e62241ad1962232b,TRACKED,.ps1,
scripts/quality/gate_v16_v17_production.ps1,8173,977036ad3363d2b29a350a733186cc0a10ed1667eedc7a3d2ac40173158510a9,TRACKED,.ps1,
scripts/quality/prepare_git_for_render.ps1,1662,5199caa23699701de0f236660aa1319b678d144d52c5324b27fcae29ad0e9b24,TRACKED,.ps1,
scripts/quality/run_full_quality_gate.ps1,673,ecd4cf502efa770cdb13b72cedcfdc509217b3a2acbd2150261d61baf422b865,TRACKED,.ps1,
scripts/quality/run_full_quality_gate_core.ps1,6009,0dd6b461adf11046bf6f656349570a0b40023673dc1728ae4a877112cc6c49cb,TRACKED,.ps1,
scripts/quality/run_marco5_final_gate.ps1,2033,e53302f65b92da4ca9869ea1c2f6ee113c015450b48df42d68ea8f6917756555,TRACKED,.ps1,
scripts/quality/run_marco5a_gate.ps1,2669,9eea4bc57f37fe19b465b1c3c39784479cb55bd125715633ecc9e10c716499a7,TRACKED,.ps1,
scripts/quality/run_marco5b_gate.ps1,1744,4af7e487ccd478f7bf03d25f25e1071838473e4016eba0e831c0ac1c2cef5f1c,TRACKED,.ps1,
scripts/quality/run_marco5c_gate.ps1,1576,318664a2ea76a07de15f5d06579936d6fa3407c0868b55649cf5412362d15e4f,TRACKED,.ps1,
scripts/quality/run_marco5d_gate.ps1,1648,30d9ff516e4573fed52674cd8b01ef6a990be751b9cfa05c57a259751bc5ad95,TRACKED,.ps1,
scripts/quality/run_post_v21_macro10a_homologation.ps1,1636,95133d9399d648e941f6cc9fa9d43a36ff97e429d77df391a96d6496772b576c,TRACKED,.ps1,
scripts/quality/run_post_v21_macro10a_release_preflight.ps1,354,3eb55ee00f018f2a3de011f1b6422dec67a940a0532d32a78e7b2bf54ed1ce13,TRACKED,.ps1,
scripts/quality/run_post_v21_macro10b_homologation.ps1,1959,640dc288f8b6fb76088e5ebd742ee54d8d48beffb27b2bb148779308e95c33e9,TRACKED,.ps1,
scripts/quality/run_post_v21_macro10b_release_preflight.ps1,1251,763a9cac663252667bfd17e9e7154b7c6d40db7eaaa77c690d79ffffbc264ee9,TRACKED,.ps1,
scripts/quality/run_post_v21_macro10c_homologation.ps1,2233,a219535b33dcd01f3db95a150e9fc60d15eb43a7e62d550531b1d7b7b12bf745,TRACKED,.ps1,
scripts/quality/run_post_v21_macro10c_release_preflight.ps1,1262,364507f2dcc30b6a9845c4288dca05f67943a88ff552d007c090f140e2313384,TRACKED,.ps1,
scripts/quality/run_post_v21_macro10d_release_preflight.ps1,1382,71dda4cf10aba74658b65a9e0991f1994e83cceb94406f7cc94bfa14f6532042,TRACKED,.ps1,
scripts/quality/run_post_v21_macro10d_v1_rc_homologation.ps1,3329,853fd245ed7655fdbcc317678bb39889922fbe1f0b39f20aea77d8499cdd48c2,TRACKED,.ps1,
scripts/quality/run_post_v21_package1_homologation.ps1,2398,bbe39598e3d951b85a3280e6680e998832d48ded3999700faa36cf18743635cc,TRACKED,.ps1,
scripts/quality/run_post_v21_package2_homologation.ps1,2721,12dd569120ec14b7bb9d21c848d3f305e8e86bf154060374364f579b5e2fe254,TRACKED,.ps1,
scripts/quality/run_post_v21_package3_complete_homologation.ps1,2164,63d81b16dd3fea66d5d98295f663e24c8b2f1cade6e8058a01d8be5b9b2d0cdc,TRACKED,.ps1,
scripts/quality/run_post_v21_package3_homologation.ps1,2126,c5cdabc0fc9ed31744c155354c7e88cf5e0860e58793ce8eb53e932197895827,TRACKED,.ps1,
scripts/quality/run_post_v21_package4_homologation.ps1,2153,6a9217ffe5fab13e370d4b17a3c58534e7a76b8404d95dc8ccfe5cf6af88f3d1,TRACKED,.ps1,
scripts/quality/run_post_v21_package5_homologation.ps1,2395,d90eb8d1b0b08645ab64390037d50011079b0373ebd91367aebbd58801d4fd07,TRACKED,.ps1,
scripts/quality/run_post_v21_package6a_navigation_homologation.ps1,2214,19145a5dac259b265be4156b19ded2cf75f22f8c93e14217f518a94fbd48448f,TRACKED,.ps1,
scripts/quality/run_post_v21_package6b_information_architecture_homologation.ps1,794,5ffa9400b507a03f1f093a2c2931158006f083ce2888a44c7a17597e0aabf38f,TRACKED,.ps1,
scripts/quality/run_post_v21_package6c_capability_homologation.ps1,1944,b6466de25e093a6e43326d464f53d2f23f9463c20e412d99a8255bd2bd808a3b,TRACKED,.ps1,
scripts/quality/run_post_v21_package6c_timeline_hotfix_homologation.ps1,1938,1691b5164c3bad686a96ff5fb73e8b6161bb8d375dc27fe556160ec42aa1b317,TRACKED,.ps1,
scripts/quality/run_post_v21_package6d_a_work_centers_homologation.ps1,1032,47c308835f7d5b9bce4ce4e4b70d16f45e8f8af9ca1d4c5b530ec0d6c4337ad9,TRACKED,.ps1,
scripts/quality/run_post_v21_package6d_b_management_centers_homologation.ps1,1042,21f27aa87b374b9f4cf8160a3d40afd4db5aa745b5fb10dfee9619d7606f5b4e,TRACKED,.ps1,
scripts/quality/run_post_v21_package6d_c_field_analysis_reports_homologation.ps1,1054,194bc86d8e8bb89ffe147a5d8813ca23e001a417d05b0cc3f42c4f4c0cd26d96,TRACKED,.ps1,
scripts/quality/run_post_v21_package6d_d_global_ux_homologation.ps1,1260,fd773776d1f223d5b9c200cfe39a375e862ce9593b6a0b13a5280a8927ff134a,TRACKED,.ps1,
scripts/quality/run_post_v21_package7a_dr_beserra_homologation.ps1,1090,326e558732de617130246a5ac5798aa5c106d222b13f734f5e18be507bec1fbf,TRACKED,.ps1,
scripts/quality/run_post_v21_package7b_dr_beserra_voice_homologation.ps1,1089,b09e07cabd44d3b60f639d3474d5a349d357b59a53380128c15f3b051c7c088f,TRACKED,.ps1,
scripts/quality/run_post_v21_package7c_rural_language_homologation.ps1,1375,befa9923e322141f55b98e7498dcc19ef9dd1e52061e130d44307b50c2d1c904,TRACKED,.ps1,
scripts/quality/run_post_v21_package7d_safe_operations_homologation.ps1,1082,45bf878a1b606f64f8a381732abdb43d5190aac17393a7222adec194fb0c7f30,TRACKED,.ps1,
scripts/quality/run_post_v21_package7e_daily_routine_homologation.ps1,1219,db4976f7e92cbf912d0dede477fb8f0194a06a85476727bc31af1c1bad5df4b8,TRACKED,.ps1,
scripts/quality/run_post_v21_package7f_contextual_intelligence_homologation.ps1,1100,8a587a5b763c8074966dec9559be10ae3717e51be9899d562495171002c21209,TRACKED,.ps1,
scripts/quality/run_post_v21_package8a_release_preflight.ps1,3488,48c495b8b28901380cd40af9baaefbee02a65b291285de983cc28b6ce36cda90,TRACKED,.ps1,
scripts/quality/run_post_v21_package8a_security_camera_homologation.ps1,2198,d2fbcbaa445c6a7752308bb17ca76191807e0b69b1f102bf3e4b9e9156d21fda,TRACKED,.ps1,
scripts/quality/run_post_v21_package8b_edge_gateway_homologation.ps1,1658,31c74f2312b72d3970aed5c8b71588a9ee913ae342da15690ea8769054602c19,TRACKED,.ps1,
scripts/quality/run_post_v21_package8c_camera_compatibility_homologation.ps1,1637,2b59464ad98c4942f86c9c6ddc50f607916931b266dd2286e321094bfdd9e8ad,TRACKED,.ps1,
scripts/quality/run_post_v21_package9a_release_preflight.ps1,2129,953b3dc2a39222e6a9ea575ddacaa1fc95975d7a194a656971359375da71628f,TRACKED,.ps1,
scripts/quality/run_post_v21_package9a_vet_contact_homologation.ps1,1881,c45125a971cd6e6cb87a76d11c56914ade53f2fd9775cdbeb25c32312517c30a,TRACKED,.ps1,
scripts/quality/run_post_v21_package9b_release_preflight.ps1,2133,7e5a7fe0c49435bda434694a234eb4ab37e445ba6163e3f84fc2fb8b8f045b92,TRACKED,.ps1,
scripts/quality/run_post_v21_package9b_safe_batch_handling_homologation.ps1,1722,d3693b68d9c79b3052af3347479c2f4647ffad8f3bb60152a359bad6f5cc0a74,TRACKED,.ps1,
scripts/quality/run_post_v21_package9c_onboarding_homologation.ps1,2181,90ac5e8ee0cac4003acf7108db8ded942ef025b0a7d1387b4798995d8cfc8836,TRACKED,.ps1,
scripts/quality/run_post_v21_package9c_release_preflight.ps1,2616,7292810d65a303533552b4e563bce4b6b2e964883ae9859e9a34cb4eb001cf0f,TRACKED,.ps1,
scripts/quality/run_post_v21_package9d_release_preflight.ps1,632,6daf14240708f4081f7fe88a63ffe7abb4c2423b149f1bfbcf791e1198cfc7fd,TRACKED,.ps1,
scripts/quality/run_post_v21_package9d_verified_onboarding_homologation.ps1,1179,6aa2d4606028b69778ce5a74c7bee5f00f20c0d385cb66ad3126ca931a9fb87b,TRACKED,.ps1,
scripts/quality/run_post_v21_package9e_farm_scoped_onboarding_homologation.ps1,2394,afc26efcb05395f9b08c71e229186dd07b1d4b953e7a712b6aecbb57eaae1be9,TRACKED,.ps1,
scripts/quality/run_post_v21_package9e_release_preflight.ps1,1176,a03dd646b6eb9a8ffb520320868ff21f2b9481def609e1227dad3d98dee213b8,TRACKED,.ps1,
scripts/quality/run_post_v21_package9f_consultancy_action_plan_homologation.ps1,2611,75ffce1c88e503b9674b701b3b39f7feb6d3bc721ef71a6940d9cb2fd6dad2d3,TRACKED,.ps1,
scripts/quality/run_post_v21_package9f_release_preflight.ps1,957,19799f3befec29b341a5981f18da5d3d64e2d29346966b37d964392e50611c31,TRACKED,.ps1,
scripts/quality/run_post_v21_package9g_execution_evidence_homologation.ps1,2356,aacf2982fb451014d7cdd8b5c6b3a6ffd35cbccf546a95201900853b14510114,TRACKED,.ps1,
scripts/quality/run_post_v21_package9g_release_preflight.ps1,469,37661d202b0e023b67d22a866f28cbcf6e708df0f15c74e6a131331b53cf5bb9,TRACKED,.ps1,
scripts/quality/run_runtime_api_validation.ps1,1055,ca29e951dc43c7764dee2ac53deccf10e7a0d47f478d98ef0634822143c69f60,TRACKED,.ps1,
scripts/quality/run_v21_ux_homologation.ps1,7412,e96025f8ceffd757da99e6c07112fbddd6843daeaf324b65793fe6d8c06f6cad,TRACKED,.ps1,
scripts/quality/seal_v21_baseline.ps1,1503,4b94afd69f340d3d0727b9e92637a7c45344c64de141f66171029cc6dfca212b,TRACKED,.ps1,
scripts/quality/stage_post_v21_macro10a_release.ps1,414,827aae93df954fafa88bcb2f1e58c4bb2c90d09afe15bc8f5027c4cd8e0643e5,TRACKED,.ps1,
scripts/quality/stage_post_v21_macro10b_release.ps1,899,531937536768ce5d53f6c1f159b9d6f18a0524f33391d33bf3fb25e7728f345e,TRACKED,.ps1,
scripts/quality/stage_post_v21_macro10c_release.ps1,898,e1e68ea82c069de93acb2bd3da7b55cf2478128e8128dfe7b84c3f3d8138a24c,TRACKED,.ps1,
scripts/quality/stage_post_v21_macro10d_release.ps1,723,1ee8a1bb52fb20c1b496704f5ee74c461b58d3210e11b1aadadcf3f47f008066,TRACKED,.ps1,
scripts/quality/stage_post_v21_package9c_release.ps1,1487,8332d438c2a8108d8b0f6198adc2e80c7236d67d38bd018dd9d2f871e8393577,TRACKED,.ps1,
scripts/quality/stage_post_v21_package9d_release.ps1,1132,0bc6786df96ccba01698a6b8e9659de586a0300ae42f314f998ed785a24f61bc,TRACKED,.ps1,
scripts/quality/stage_post_v21_package9e_release.ps1,1132,02db775591367789a0556ad039a85e0b552b0583dba03e96143ca40f16d07ac0,TRACKED,.ps1,
scripts/quality/stage_post_v21_package9f_release.ps1,881,0488ab951f397f6f7f90b3cd71f40fa00e1d7a20a0adbf8d41d7bc83674f17d4,TRACKED,.ps1,
scripts/quality/stage_post_v21_package9g_release.ps1,628,ef766117b85d0296b292bfdee529f939d37959139574cf78eef3fe5319dcd919,TRACKED,.ps1,
scripts/quality/test_integrated_api_farms.ps1,9253,399481b3680a6bd329d37a41b77da4c6473acbfe2b562451547235cec8ffc99b,TRACKED,.ps1,
scripts/quality_all.ps1,632,9dae53ca93e37dabf1ae2a7bbe0c9e2c77bfd988c8283320f597a8ae89057f81,TRACKED,.ps1,
scripts/quality_cycle1.ps1,631,388b61b75203cfbdfeea7057ed3776e9372c6294c103f20ae3d7a189563a5118,TRACKED,.ps1,
scripts/quality_cycle2.ps1,570,ee07b7027d1ed5ff7ed901cf2fa029e32cdbb66e4acc4b54120e7d99358e1ad7,TRACKED,.ps1,
scripts/quality_cycle3.ps1,477,8d4e8d62a72be5d3e6148cbdaac139152c40c726294754affb1807b78ed96ce7,TRACKED,.ps1,
scripts/quality_cycle4.ps1,477,8d4e8d62a72be5d3e6148cbdaac139152c40c726294754affb1807b78ed96ce7,TRACKED,.ps1,
scripts/quality_cycles10_12.ps1,549,9af34f448214281d79fe68f1ea9611e409a41b69660dc83f62dd17a17a2fca6c,TRACKED,.ps1,
scripts/quality_cycles13_15.ps1,357,8f95d827de259b6f009542be9ce268bfd9a8abec8244fc543bf089c163789087,TRACKED,.ps1,
scripts/quality_cycles16_18.ps1,412,254dba3bb27b9dd6bb6cb077d6db1010dd2f05e0b16ffee21a83d5830bc25cd6,TRACKED,.ps1,
scripts/quality_cycles19_20.ps1,426,07d846810f694fb399742cd6322ff50b112d7ae84ee1db3883ee6f921fe8f08c,TRACKED,.ps1,
scripts/quality_cycles5_6.ps1,406,4dceab09445cec7bc119bc6012b53cb8e075fd6748dbf19b361680f44e97d3e9,TRACKED,.ps1,
scripts/quality_cycles7_9.ps1,458,ab83fb6224134127328e7ae49b0380c8ce84eef811a84726252be7ebb648c090,TRACKED,.ps1,
scripts/release/check_release.ps1,302,537b5f8f3987f93986864696fa5c8647b3043e25c404b2e2d9e574d6c31889cd,TRACKED,.ps1,
scripts/release/create_checkpoint.ps1,277,384e13f8e55ae83f960158caebdd7b407ec669fc8051c004e39cf781bbaf2e06,TRACKED,.ps1,
scripts/release/rollback_staging.ps1,366,283c17c10d52e1fc4ff215afab7e760d77f73851eafcf4909bcbc2cdfd6e9ba1,TRACKED,.ps1,
scripts/run_atlas_windows_production.ps1,783,43286b27fced87c0d33f7daa4c2c9f016ab5bb35036f496b366c78114869448b,TRACKED,.ps1,
scripts/v1/11_audit_dashboards.ps1,860,e331dc8effc958aefc43725e7176d35b1ab027635fa8e1748b203a02c626efd2,TRACKED,.ps1,
scripts/v1/12_audit_ai_v1.ps1,642,92787dfc3c05a401d553d17ae1d73e3a064b91b8b790410cf61d0675537052c5,TRACKED,.ps1,
scripts/v1/16_quality_gate.ps1,672,dc16e84d86d01532b9f14f0c4dfaa4d18e99a79ab667bcfd16f1ac01410337f4,TRACKED,.ps1,
scripts/v1/17_android_e2e.ps1,565,579eca51110692c7bf30bffc912ed4062fb86554e29d13296f5f8b85f569f3e4,TRACKED,.ps1,
scripts/v1/18_production_readiness.ps1,896,111c886b613553c32cee6b57e9017df8a1b6b0275185110e236147b38ebc3680,TRACKED,.ps1,
scripts/v1/19_build_android_release.ps1,1227,2f19a31d2abfce40c13119dc617c6f946869686f67901e17cd5ef39c53cd1e9f,TRACKED,.ps1,
scripts/v1/20_publication_gate.ps1,552,854662914ad6e997c2d897c8302f794fcb86e6911533bfc09dc59967835594a2,TRACKED,.ps1,
seed_homologacao_v18_integrada.ps1,36608,f92a6f525da6a58d4b1b2109b6b67e1c69b5d5eefe8ebeb4cc511abed024ff5b,TRACKED,.ps1,
test/analytics/atlas_analytics_repository_test.dart,155,b342dcbe71cf7208c725a4d505e512a0647b6d12ebdec364cfb7205c37a7cbf6,TRACKED,.dart,
test/android/marco6_android_contract_test.dart,2006,0877f544658ae2a8df618b0dda288822df7c2b1c5b91cff3c1b2c04ce9b6be28,TRACKED,.dart,
test/animal_intelligence_engine_test.dart,1437,e4eed1e92227346bd975808cbfabb188a9a2ed4d8ce1a26c84989b41bc17e0b9,TRACKED,.dart,
test/atlas_advanced_ai_analytics_test.dart,2140,7f7a81b6ecfa417dff1b67745c261659f01966d7d313df6528a18d30493da60a,TRACKED,.dart,
test/atlas_ai_2/atlas_ai_repository_test.dart,151,9b3c5a05b29656b304fd191d4b1f67b051c19be845715c73d8916e3707d28060,TRACKED,.dart,
test/atlas_auth_sync_analytics_test.dart,1441,3a3f2ea5e763366b6eda6ad9799620adc43df212fa9ab67e06d77a2343cf8d90,TRACKED,.dart,
test/atlas_automation_analytics_test.dart,1706,3fe4a1fb195bf061562d7d0129cf7a3783625bdf84fc91b8051eec74046b974b,TRACKED,.dart,
test/atlas_autonomous_enterprise_analytics_test.dart,2080,443ce881a01bae376dc886b4cf232a342d93cbbbf90fdb4c21807a109d9f5db8,TRACKED,.dart,
test/atlas_backend_foundation_analytics_test.dart,1308,a2de1c1a8420fc76dcecb3038ce1148b8b4e2aa9db9dfef1eefbb29b2e10cd4f,TRACKED,.dart,
test/atlas_climate_enterprise_analytics_test.dart,2304,c1dc6bbbf27f96c0f7abdc08ae04932891784694ca021b5589e177ed9df8ee5e,TRACKED,.dart,
test/atlas_cloud_security_analytics_test.dart,2210,9a406ae7b98348fdf04b86b080f697dc2683fcd396e06427783fa2a7a8f6b07c,TRACKED,.dart,
test/atlas_commercial_enterprise_analytics_test.dart,2221,6785456a4320c14d12c504a5cae980e5a41b6d3c5daa143d1a2630fc90de1aa7,TRACKED,.dart,
test/atlas_commercial_operation_analytics_test.dart,2001,965cd843cab9b3e3ba4512b9356cc430c22def96e8b1c117fa3d275eb1dc4d28,TRACKED,.dart,
test/atlas_ecosystem_analytics_test.dart,1585,6581e9088198e3df20e89c8b0aaaa6f968700d3ed35f060079a5bd37e1aa7f32,TRACKED,.dart,
test/atlas_enterprise_analytics_test.dart,1284,111acdb33587134cebcfc4e14e4f61d48149bdea06f51e630a25b901e1cc141e,TRACKED,.dart,
test/atlas_enterprise_operation_analytics_test.dart,2011,311df764447f550069aa98f92b5fe7b33816284b29d48362007d1f9aa5ea7c1a,TRACKED,.dart,
test/atlas_environmental_ai_engine_test.dart,2150,1864f9548f4d5570c638e707af7aa798fd3090ddc41aedc2f679259fa7e6cc34,TRACKED,.dart,
test/atlas_executive_intelligence_analytics_test.dart,2101,d58d6482fadf412c3bfc3f2830ce9c0daeebb41453c95e494a7cdfb7845689b5,TRACKED,.dart,
test/atlas_executive_platform_analytics_test.dart,2252,da3e4f75421d747a188ec8d6f38f240c94651179639bc7999e90d4f2acbe0180,TRACKED,.dart,
test/atlas_finance_enterprise_analytics_test.dart,2290,deee1f28f778dd10d56eb75e196cb115d369b29c8f73fd68140c4787c40a681c,TRACKED,.dart,
test/atlas_financial_integration_analytics_test.dart,1980,c345f1ee0517334fbc47339e139fd6a9207495e03bc61b3632338725227975bd,TRACKED,.dart,
test/atlas_geospatial_analytics_test.dart,1984,a4e75b74cfb59952854c6e6fb8df73d41071c7cd9417fa32db0b8d652b9c1e25,TRACKED,.dart,
test/atlas_global_platform_analytics_test.dart,1584,05673642c9d6c90af3dfce9ad2fd6c1d2c68d4e5038ebd6a7326e9e6d10e0ac7,TRACKED,.dart,
test/atlas_governance_operation_analytics_test.dart,2013,dba69a76f070966c882ce8be9edd27ff1993625f4cb74ef55c4bc056831c7c2e,TRACKED,.dart,
test/atlas_governance_people_analytics_test.dart,2297,6e365ada016ced6e81d77d503212108d49cd4906941375a029ae8f8e57ce4629,TRACKED,.dart,
test/atlas_intelligence_reports_analytics_test.dart,1503,5c086160d0ea0b9f594396b3d1e69e867f64744ad6207649fa3da35a83a48fcd,TRACKED,.dart,
test/atlas_iot_analytics_test.dart,1798,642c32bad131b8edb3889910d274aad25a18b3f3c34d9ba692328c1586a9d3a2,TRACKED,.dart,
test/atlas_land_analytics_service_test.dart,1441,9e8d9fe9e351136dc1425911ec0d7987036c8d586d8afa8f128b37c694699feb,TRACKED,.dart,
test/atlas_livestock_integration_analytics_test.dart,1490,68d8b67121a9a313633b5e19bc55e30d31fcea93d87c3cafdd4e4405dd049760,TRACKED,.dart,
test/atlas_official_integration_analytics_test.dart,1887,b861e1c745e5eb8a4b583f0c64bbea2592b011afc4aba68076648538389f84f0,TRACKED,.dart,
test/atlas_operations_enterprise_analytics_test.dart,2308,0a5029a28ce9d8faf0078ec187ccab2ac9df16c8c64bb9e9c02aeed6b592308a,TRACKED,.dart,
test/atlas_platform_resilience_analytics_test.dart,2077,65d89833ba8f635f1a2f0e0fbbb88c21996eeb96da03350a1791884a9663b257,TRACKED,.dart,
test/atlas_precision_livestock_analytics_test.dart,2297,164492ec678af97d5ac7de3cfdd393655ce7d3ae66266adfd168d4e40dc7cfa4,TRACKED,.dart,
test/atlas_predictive_ai_engine_test.dart,2187,a03e8342ae4f1750ab831637f55e8fdaffea31f171dba1f2f6587e3f8e0b5c24,TRACKED,.dart,
test/atlas_quality_release_analytics_test.dart,1414,c4bd73a2d1c026e9721cee8d110cc55c6ed8e5f394309442b2ddf859eb7d489e,TRACKED,.dart,
test/atlas_reproductive_ai_engine_test.dart,2080,bceabb9e453b2f9a74c7663c97e4afb7cf41bb5dc0ed55637f6a6e617c521266,TRACKED,.dart,
test/atlas_reproductive_premium_analytics_test.dart,2143,62216b5da02dee7866d5c147e190080169118cc11412525e53f8d4d4fc07793c,TRACKED,.dart,
test/atlas_rural_business_analytics_test.dart,1887,94174110ab5aea732fbaeae26a6e7f3c863d96b2bf73ed7b08848947d1ebe02b,TRACKED,.dart,
test/atlas_saas_platform_analytics_test.dart,1958,a1cacb592227a18bddd8c9fbbd76e7a18aaca073016b1c971674f52f7edb5b0e,TRACKED,.dart,
test/atlas_supply_chain_analytics_test.dart,1656,798f7e696b1b774217ab85dd0ce1d1ec2e926c4eac670a80a9fc11034533ab85,TRACKED,.dart,
test/atlas_supply_logistics_analytics_test.dart,2497,35882d0c7228fbdccb24585cc64e966e08f1ab44b8a14a0a66d765b817a1f48d,TRACKED,.dart,
test/atlas_sustainability_enterprise_analytics_test.dart,2304,e1d4644b2879696b0306d7ee66be5e755e61ba1f68ae26385fe152797ed3145e,TRACKED,.dart,
test/atlas_veterinary_ai_engine_test.dart,1828,2c4d89de391daca843623e5b60f84bd0029ebce07bb7cc3b702f9524871d67fb,TRACKED,.dart,
test/core/atlas_environment_test.dart,335,8d7452a465998efbe9848947a874e86cc5f2797c56dc8cc3d4ac97d42012dcf6,TRACKED,.dart,
test/core/atlas_remote_session_test.dart,1493,2722f4d50ab5e137ad75bb8952c9194193cc67264ea94b37ee82eaca05c4f815,TRACKED,.dart,
test/core/navigation/post_v21_package6a_navigation_contract_test.dart,3182,ecd05bc20d074f09522d7c9243aee1018858917b8104971dcbda66c12ced1a8b,TRACKED,.dart,
test/core/network/atlas_android_endpoint_test.dart,732,ca67420c29176f2e9b910cd85d3034eaba355db67a14f96b88c3fe1538f16c2c,TRACKED,.dart,
test/core/network/atlas_http_response_test.dart,781,605b04cb6be2cd494993f5f62312cb0e1e55bcb4305bb8be94903ca65c7e9f42,TRACKED,.dart,
test/core/offline/offline_operation_test.dart,866,88e7c2fbe7f6c9def9e6c9e969f642e65d24d89afe6ff999ee578ec8ecb6c2ca,TRACKED,.dart,
test/core/offline/offline_sync_models_test.dart,896,066131199f2ce679dbf367bd9d6f6714f6409e95c93c072dd404d72f5f064c76,TRACKED,.dart,
test/core/session/atlas_remote_farm_test.dart,674,982a71b7e1167f59328768a2281196ccc3bc6f1051225e484329d5e4478fef9e,TRACKED,.dart,
test/core/text/atlas_text_normalizer_test.dart,1701,78d07242f09dfddb8335493103d382535adffb78ef8f3f4a39e2f13ca55dfdd7,TRACKED,.dart,
test/core/v16_v17_network_security_contract_test.dart,1148,17a23b98ef876fba2e7d3675d1c680dc4a85f7c64864604344afcc2a6cb9b969,TRACKED,.dart,
test/features/animal/animal_central_navigation_cleanup_test.dart,2453,a6327ab0c3004588e36dad07bb75270cbe5822f4b2839191bf74360c9b9a3f95,TRACKED,.dart,
test/features/animal/animal_central_timeline_production_resilience_test.dart,1954,4603699cf80278d15250a7a9c66ef996c54b8e1868812103596a72e7d571f897,TRACKED,.dart,
test/features/animal/post_v21_macro10c_traceability_utf8_contract_test.dart,1925,5ac0a986b016507b38efdfaba8cd6c9687ef3611e921ce972159b463072f1065,TRACKED,.dart,
test/features/animal_event/animal_enterprise_timeline_route_test.dart,498,dbd087a25b53d69547e47b0ba4e43b9118cdf73076f625b4772d964d28aa4921,TRACKED,.dart,
test/features/atlas_intelligence_center/atlas_intelligence_models_test.dart,935,688b3bdf5b0a17c08424483bf9657579683fb61f420393c8ebafe0b313f1c489,TRACKED,.dart,
test/features/atlas_scale/atlas_scale_roadmap_test.dart,402,f5988f12299f23971b8a34234206e1c30be8c11ff146c452dc6100264f3446a7,TRACKED,.dart,
test/features/commercial_readiness/atlas_commercial_readiness_test.dart,338,9fa98a1a0501eb03ffd4d7c5e0ea965325f8c179801ca63bbdcab24e944de0b7,TRACKED,.dart,
test/features/consultancy_client/post_v21_macro10a_measurable_outcomes_contract_test.dart,881,589d767cb264784d2f35a13ae6edf24e3dad4274ddf50da2da1d9ef18e0f5832,TRACKED,.dart,
test/features/consultancy_client/post_v21_package4_consultancy_contract_test.dart,2461,dbe6c7d85dd02bc960fb4ce4259eba3b2541d8d93ba7fac5f590b8e47daeaac0,TRACKED,.dart,
test/features/consultancy_client/post_v21_package5_bulletins_contract_test.dart,1778,5721b90fd37ae8b45d72d1043bcfeac23b730d761f1538a6c663d5ece44cb542,TRACKED,.dart,
test/features/consultancy_client/post_v21_package9a_vet_contact_contract_test.dart,2142,e30d9921455653f4a3d318e39230ad77f67238953909adefd382783bf33c390f,TRACKED,.dart,
test/features/consultancy_client/post_v21_package9c_onboarding_contract_test.dart,1966,aaac7a69c54fe68975aca5cfedd98554aac359e29ff7b312d0637f197553ec02,TRACKED,.dart,
test/features/consultancy_client/post_v21_package9d_verified_onboarding_contract_test.dart,2076,7ae4dbe37598dca65443e6dcc70ddacce1527e68d02f6bdf2fd6fee9d53f054c,TRACKED,.dart,
test/features/consultancy_client/post_v21_package9e_farm_scoped_onboarding_contract_test.dart,1628,6ac897f57e586c1eaefa501d41dbaa1dfec7544b0697da7748079fdc206f2e4b,TRACKED,.dart,
test/features/consultancy_client/post_v21_package9f_consultancy_action_plan_contract_test.dart,1797,af06893ceec786ac19f540023160fd8d7e8f01b7007c1dd3049f68a7919b1a0d,TRACKED,.dart,
test/features/consultancy_client/post_v21_package9g_execution_evidence_contract_test.dart,1894,fa6121eacdd0823b1fb36d75f5e9047cbf730493de1575382e4b3f63612fc065,TRACKED,.dart,
test/features/dashboard/operational_alert_center_contract_test.dart,817,1450e98ab96266ba42c7e6525b1cf7302d5c7e22533dded3d1872d478e3b3052,TRACKED,.dart,
test/features/dashboard/operational_intelligence_dashboard_v11_test.dart,1332,732023307780d2c565c787bc76f1a09c28820c564732b5de4ecc0d9995c11fb7,TRACKED,.dart,
test/features/dashboard/post_v21_macro10b_intelligence_integrity_contract_test.dart,1744,104348fc13f464e28e9bda47da7b2af6e7435c311c859797bbb3a0aaf7594cad,TRACKED,.dart,
test/features/dashboard/v14_v15_dashboard_contract_test.dart,989,e7964acd4c9f4b3ec9d157f68f68e44bb4901c6ded8b3af18d1437f148070f73,TRACKED,.dart,
test/features/data_intelligence/atlas_data_intelligence_snapshot_test.dart,597,be08eddadab38e3532495b76686a84c29538bd46b7cf2893fec693aea792ed43,TRACKED,.dart,
test/features/dr_beserra/post_v21_package7a_dr_beserra_contract_test.dart,2139,642aee4f685f63921bd353be133cfcef5d78d68da047ecf0db1c6ead2e24d831,TRACKED,.dart,
test/features/dr_beserra/post_v21_package7b_dr_beserra_voice_contract_test.dart,2148,336d30d5da25653067ececcdbfebc047b94c62da04ada8eb09c8fdf1d37676b9,TRACKED,.dart,
test/features/dr_beserra/post_v21_package7c_rural_language_contract_test.dart,3435,3a50d91ca3e0c1b00b3b17a9fcc5b405609390eb3f88b66dc1bcfe9a825723ce,TRACKED,.dart,
test/features/dr_beserra/post_v21_package7d_safe_operations_contract_test.dart,4317,2ab9115640437d33f2ea726b979d07659997d2ffea46ced78cd39805d420b808,TRACKED,.dart,
test/features/dr_beserra/post_v21_package7e_daily_routine_contract_test.dart,5723,a147c257db83abd9e01a98ef03b253808bea10e38e5b361d1de0cea198b3d70f,TRACKED,.dart,
test/features/dr_beserra/post_v21_package7f_contextual_intelligence_contract_test.dart,3908,466789a1fccede4e84f26c2f7c1351a0719f80513304ac649bf11e9d7ab1a5fd,TRACKED,.dart,
test/features/farm/farm_data_test.dart,505,63d4f178e62fbe6a68e4924ccb15385a0c2f2eabaeac98c1a6898a59b99e2eff,TRACKED,.dart,
test/features/farm_handling/farm_handling_package2_contract_test.dart,2848,5ab6d7a3eb96008a1dee20bd53955ace8417192ee435d89bff626e6644525f6a,TRACKED,.dart,
test/features/farm_handling/post_v21_package9b_safe_batch_handling_contract_test.dart,2600,6cdce47034cfbb6506ac48d60c168a8e85521929354a1a81a6e0a1f185be275b,TRACKED,.dart,
test/features/field_operations/atlas_field_operation_test.dart,580,a7af40aefa3fd8904fe60f8789fb2f3b88bf971360c11f5f862613e012465a71,TRACKED,.dart,
test/features/flutter_quality/atlas_flutter_quality_report_test.dart,405,a410a38beb7d8c0f8c4015a13e0127da0b45f9e101b18a72da8f56866aa35225,TRACKED,.dart,
test/features/herd/herd_overview_production_resilience_test.dart,1165,176025f4484d18647ae47db42db44b2d5207a91f0b38bd112f69eb2235a55688,TRACKED,.dart,
test/features/herd/herd_workspace_data_test.dart,1711,43fdc1ea48c8579f3fc1825b67101f48d41eebd25b19c0fefa5840991336ec2a,TRACKED,.dart,
test/features/information_architecture/post_v21_package6c_capability_ownership_contract_test.dart,1430,5207143374f42e55015218a8889772c260dfa0c551f0f31800f14377da1f29b2,TRACKED,.dart,
test/features/information_architecture/post_v21_package6d_a_work_centers_contract_test.dart,1341,893958a505cdef525bb6d595ed825ffe0ffb369a3ff0d8b6a370d4ef85631a27,TRACKED,.dart,
test/features/information_architecture/post_v21_package6d_b_management_centers_contract_test.dart,1554,b33570dc33b92d2ad9245e34ae0f2c3e79fdc0f5fda89a9c20f6c8f93c3555ec,TRACKED,.dart,
test/features/information_architecture/post_v21_package6d_c_field_analysis_reports_contract_test.dart,2192,26c0e8ad907cea9574991b37ae98ecb6cba02575619654e4c0387d5c0e60d959,TRACKED,.dart,
test/features/information_architecture/post_v21_package6d_d_global_ux_contract_test.dart,1679,08bbffdab1eaa6515c7956a174e74d2741b31f5e4fab90853294d4466d0731be,TRACKED,.dart,
test/features/integration/atlas_cross_module_consistency_test.dart,1111,4ef17a103e14ea58e4ac6fb37b784bdfa65dbbc305b6349f841c938a4de4ebbc,TRACKED,.dart,
test/features/livestock_operations/atlas_livestock_module_snapshot_test.dart,706,3e1345a66ae3db0b805eed5eb947dbc4b18245afef21602e78b6e0c696290209,TRACKED,.dart,
test/features/module_centers/post_v21_package3_complete_centers_contract_test.dart,2566,a8629b0b63d574e6f11c1430edc41e648cb726ef2afccae113e89b30408b4433,TRACKED,.dart,
test/features/module_centers/post_v21_package3_module_centers_contract_test.dart,1907,61c17bb2976b6a14af2cea30868460179e22550be707afba35bd5a94f5e53e7b,TRACKED,.dart,
test/features/operational_readiness/atlas_operational_readiness_report_test.dart,858,51df7308e22faec69b01d560ab220cdce5cb471f767e6417c63fe8c8f748e065,TRACKED,.dart,
test/features/pilot_program/atlas_pilot_plan_test.dart,511,79c25cd274d7b099c325f9248187bacc5a2cfe8939a96b96f170d1e0463b55c4,TRACKED,.dart,
test/features/platform_hubs/atlas_hub_snapshot_test.dart,504,e4d1c72a3c66834b4330b7a7bd5c5a7e1b365b73d13e660a5b8e94730b862249,TRACKED,.dart,
test/features/publication_center/atlas_publication_plan_test.dart,868,ad1c7b318ea2ea4d10991ba056c374ee29e3d2a966a3cd63060ffe13c7be190f,TRACKED,.dart,
test/features/release_management/atlas_release_plan_test.dart,335,d78a494ee84c23327afa60e35d4a5cdc5f5585eeb79cf1405a15691e0a03250e,TRACKED,.dart,
test/features/security_camera/post_v21_package8a_security_camera_contract_test.dart,3590,2a91d92ff27be207bf370e7ccff6a8dfe3221b6eff39ac32668712b533afb45d,TRACKED,.dart,
test/features/security_center/atlas_security_snapshot_test.dart,444,627827a5c6ed2201361f7ef626906ed205c798fdb3399fbfe8935a29bfb79a60,TRACKED,.dart,
test/phase45/atlas_conflict_resolver_test.dart,590,fe73ddc68cf5566676e8ef9081dde486072e5649fd951cdb91860bf8e3ae5b29,TRACKED,.dart,
test/v1/post_v21_macro10d_release_candidate_contract_test.dart,1160,9d161d7450ffeeae5e41e816c3278a24de5c0f8c6dbfb77ca601d1bfbef017d7,TRACKED,.dart,
test/v21/v21_critical_flows_contract_test.dart,6239,3dcf8746c1c85459a9d2e7c897241d9a4d6fc2b0e429f63ac46d512482c5cd13,TRACKED,.dart,
test/widget_test.dart,375,082fad2568a18ab71b0dfc3c2faf475d0012531a8321989c6a940f2a9c35a9b0,TRACKED,.dart,
tools/atlas_architecture_compare.py,2440,e69ef57fdc3702ae8a11dd83b03ef2f3647ad38a3590e461dd6c4f256f1287d3,TRACKED,.py,
tools/atlas_architecture_map.py,14680,cde3dfc21a021220e95e95e2636d12b784c8fb5105eb63df00021cd636e926ba,TRACKED,.py,
tools/atlas_dart_deprecation_regression_gate.py,1455,ffc69d091b8c5631e934a58727fd6499360e926e1bc520141180def55fc2e2dc,TRACKED,.py,
tools/atlas_dart_private_helper_orphan_gate.py,2304,724610842b4823960aeea3f7487f6f80e051267ae741de76403d07b70ac6fb3e,TRACKED,.py,
tools/atlas_flutter_farm_model_boundary_gate.py,2399,a934675da37ae3f57fa300cab1072107c09c6b233575c81f206b5285c627ff74,TRACKED,.py,
tools/atlas_post_v21_macro10a_gate.py,950,943428855954e077ef763b55e88faca0c756db32bc5244cf4a7575def9e94c34,TRACKED,.py,
tools/atlas_post_v21_macro10b_integrity_gate.py,8544,20768a0d1c26474e3ac08d5d5977db6552c5e1ff96c01d3c8ea2c9a6e82144d9,TRACKED,.py,
tools/atlas_post_v21_macro10c_traceability_data_ux_gate.py,5930,24829cfc3f9b963df1adec7d3a612a2ae879568c749fe04ae01ec20ce8f4bde0,TRACKED,.py,
tools/atlas_post_v21_macro10d_v1_rc_gate.py,5740,7226fa7f2c7f227977572210367e3e6503e6c5547e39e2bfe2c61361e2a53fcc,TRACKED,.py,
tools/atlas_post_v21_package1_gate.py,2238,27729dd3ad82699942c721c1a557a867187c9e245ca906540afd0e524a3aa016,TRACKED,.py,
tools/atlas_post_v21_package2_dart_hygiene_gate.py,2142,6d663d811174070e11f3d2a30219add05b06fd04d8b17f8fef4ce59a5ea007d5,TRACKED,.py,
tools/atlas_post_v21_package2_deploy_check_gate.py,1959,f88920c839bd20007ca307b8dc2cc3880c849f1e6c21c94836bd70e2386f1652,TRACKED,.py,
tools/atlas_post_v21_package2_gate.py,5995,4a99b252a71fed257f778fc8cad0b23eb25b4dd87e2866ee644288d393d07b9b,TRACKED,.py,
tools/atlas_post_v21_package3_complete_gate.py,6173,426d07866a8ad426c85c18481cbb8b5e4b31b930657ac653438fbf6dbcc9b2a5,TRACKED,.py,
tools/atlas_post_v21_package3_gate.py,3934,6c7702905661dda84f8e14947f73a416b03b39f8249e97734c82eb9189567cd0,TRACKED,.py,
tools/atlas_post_v21_package4_gate.py,5344,88970dc20eda2c6f17542749d21243d1ca4f947abfe0a7886cbc0e77264fd9e4,TRACKED,.py,
tools/atlas_post_v21_package5_gate.py,8499,53a849a16befa062776457ec7b01757487cd2d58de730c5fc8c69d4515f00838,TRACKED,.py,
tools/atlas_post_v21_package6a_navigation_gate.py,6412,123d323f5cbe1b20e00181f0474fdd6b4b0a93d135d8eee4847af1fa0784926e,TRACKED,.py,
tools/atlas_post_v21_package6b_information_architecture_gate.py,2775,8d67a0acb298ab0279cc7b2515b12932f00ab87151faf35f16687237635db013,TRACKED,.py,
tools/atlas_post_v21_package6c_capability_ownership_gate.py,3946,e1406bf2773b58c0253e8a188d279d026c3eac7bcda7198204041f354c9b6427,TRACKED,.py,
tools/atlas_post_v21_package6c_timeline_contract_gate.py,2387,a01a6bec6cd3a3c7117eb49641b3ea6060aa1715e3e54dba7dbb04d7fd43133e,TRACKED,.py,
tools/atlas_post_v21_package6d_a_work_centers_gate.py,2227,f368322048ecc0e1156eb1ccbb95f5b76ec85273550c38414b346d9da4214545,TRACKED,.py,
tools/atlas_post_v21_package6d_b_management_centers_gate.py,3205,04d33266f3320bb8423dc027748c186b33bd844b7d7e55117bc122c45e4d3ec1,TRACKED,.py,
tools/atlas_post_v21_package6d_c_field_analysis_reports_gate.py,4658,bac8f1c69e2be199b6a16a16a9cb21bb0bc027fc4e9fd7eab3c71e814faf8e37,TRACKED,.py,
tools/atlas_post_v21_package6d_d_global_ux_gate.py,10263,118bb009bcd2a41c44c554bc88ccc59545a6a95ed8cddeffa6afaa5c378084ff,TRACKED,.py,
tools/atlas_post_v21_package7a_dr_beserra_safe_commands_gate.py,5881,90bf6c3e12ea5fe7aa6d92ab52263326080d5ff3be5049226e0da43130b546af,TRACKED,.py,
tools/atlas_post_v21_package7b_dr_beserra_voice_gate.py,5860,706d30ad753f7ae11104859184157f4c1daa5f3037e0e73dd5b0520952be8ae1,TRACKED,.py,
tools/atlas_post_v21_package7c_intent_collision_gate.py,2179,839e293c74b647149ee421c91724e22bda82ef08bd3ada63b9fe84cb423f8d76,TRACKED,.py,
tools/atlas_post_v21_package7c_rural_language_gate.py,4649,70325016a52e8ee90984729579509f9c6a594411bccb38b106436ec9fc4f4ad1,TRACKED,.py,
tools/atlas_post_v21_package7d_safe_operations_gate.py,7763,37dedbc62f94d6218c4cced6ef81ea433d6369d474b06b6aa1991d2b07c5364b,TRACKED,.py,
tools/atlas_post_v21_package7e_daily_routine_gate.py,6582,7c5b9f25fc227ce44e73ed4b95c015cbc150aae8ad655573565b3768c37ba672,TRACKED,.py,
tools/atlas_post_v21_package7f_contextual_intelligence_gate.py,5734,2f090489eaab9bdd2f737786d8ff505e4629fcf89cb61540919b08cd8cc38567,TRACKED,.py,
tools/atlas_post_v21_package8a_release_preflight_gate.py,3572,3618e49fc5dc3cb3e70d0c36630c0c015c2b5d2f2bf3efc4ab882c67bf7094e3,TRACKED,.py,
tools/atlas_post_v21_package8a_security_camera_gate.py,8321,4ae8ed792cb58aa57174945e8268931c41fcc545cd0af00e24c3ab2e4bf13fb4,TRACKED,.py,
tools/atlas_post_v21_package8b_edge_gateway_gate.py,5702,7b0bf74029f417d81dba9a581e4903e45f2ba2f0056f04ddeecbbb030d5cde6b,TRACKED,.py,
tools/atlas_post_v21_package8c_camera_compatibility_gate.py,2356,e4b9c6e49e22eefc06fe8916dcc5ea55b7e30553794e8a39b79e622f1c7b550a,TRACKED,.py,
tools/atlas_post_v21_package9a_release_gate.py,1826,701b07234899ae7697f481c3f10706936005ef458093819f9acb6876840ec739,TRACKED,.py,
tools/atlas_post_v21_package9a_vet_contact_gate.py,4913,f400bc0a74d95c635ad17974e6344ef7a75d74ed46efa9c76085837716df533c,TRACKED,.py,
tools/atlas_post_v21_package9b_release_gate.py,1724,ef0f71287824cbb33893decdd9d3bbe2ecc6a582a7730a103e9e3f5be8ea779d,TRACKED,.py,
tools/atlas_post_v21_package9b_safe_batch_handling_gate.py,4307,d590205ebf8467ef5c7e897f00d00df2ee497a9f04d1ebc57b5f616aea8f1ed0,TRACKED,.py,
tools/atlas_post_v21_package9c_onboarding_gate.py,6654,58dbdb28eada9ffe9290e26d61210d3b74d687820a8881a99e2b2d846a6aa529,TRACKED,.py,
tools/atlas_post_v21_package9d_verified_onboarding_gate.py,3484,a64bb87c7db90658ee218844330be870a7c91b64ba534914d76d72bae229f8b1,TRACKED,.py,
tools/atlas_post_v21_package9e_farm_scoped_onboarding_gate.py,3459,5bfb4699f875e5712d512f59109f9aff1a531a8fbe4a511df1e5ca7742f4d825,TRACKED,.py,
tools/atlas_post_v21_package9f_consultancy_action_plan_gate.py,3076,2124c71d9839e94b0fae4a2517fec1a1f0ccbd27d67d1e20f339e0e15cc52f58,TRACKED,.py,
tools/atlas_post_v21_package9g_execution_evidence_gate.py,2913,98ccc7ce66f0422633400747c5a900b5ad246b37904b6cdda3620c32c76c3bb1,TRACKED,.py,
tools/atlas_powershell_parameter_forwarding_gate.py,7530,19707edf4c405f8bbb5a0cdd425200389c4155857d0f4c68d29d029a58437814,TRACKED,.py,
tools/atlas_test_contract_semantics_gate.py,4362,bec9519bfc04159d15022bce98ba3a90f9e31ef36230f0e91f0de3d526e159f2,TRACKED,.py,
tools/atlas_v20_10_integrated_ux_gate.py,3245,db1b51166565f3af709ef5dee23d4731953b24bf9ad3d2c9ecfcfe1d95454404,TRACKED,.py,
tools/atlas_v20_5_ux_gate.py,2552,57a1f0249da16fe191dd6c6f4d439c47d55628626da8ecc1557d98d422aaa2ec,TRACKED,.py,
tools/atlas_v20_6_flow_gate.py,2337,115a9051a613a325fba54b0453cc78965caf313d3c7f1e4b2e99bca686a126e6,TRACKED,.py,
tools/atlas_v20_7_module_consistency_gate.py,2460,a2f53b8749dd41557d357f186487110957b3d8a68b3d17da709f7fd3b29d1572,TRACKED,.py,
tools/atlas_v20_8_animal_center_gate.py,2598,ec474fe9d5f9960a37846bc9191bbfbaa1065ea6a3f4befd94089a2dfc9bae7c,TRACKED,.py,
tools/atlas_v20_9_accessibility_gate.py,3160,4852a14bc1948b52b7b90ec5f6f374d230297858f4e2307f3e886eff6964c635,TRACKED,.py,
tools/atlas_v21_2_dart_hygiene_gate.py,3250,fa025c3b39cfe09e90deb936a78c5ff6a91c7e882442a1f0abc639bddaf2969f,TRACKED,.py,
tools/atlas_v21_3_test_contract_gate.py,1532,38961b399ddf840e889738b6a230fe1a469f4bc2b5b938990e65eb8794e45214,TRACKED,.py,
tools/atlas_v21_4_production_smoke_resilience_gate.py,1371,be2f426c38aaeadbea14562a87df239328c3fc49bf30164ddf6bd65165fc3864,TRACKED,.py,
tools/atlas_v21_5_powershell_hygiene_gate.py,2568,9637e009f03ed599a9d47a899c4c6237d81f42176112df2188cf649899b01cc1,TRACKED,.py,
tools/atlas_v21_6_critical_flows_gate.py,3707,700aa9b4c79f31d0d7d0accb58d444f6143754ba017d00b2711e3c5ba5bb5cbe,TRACKED,.py,
tools/atlas_v21_windows_build_lock_gate.py,728,a210e20ef56bc58f4abcf61f41aca7a7acd4fa5dfccabb8b99d5681b042a3fb9,TRACKED,.py,
web/favicon.png,917,7ab2525f4b86b65d3e4c70358a17e5a1aaf6f437f99cbcc046dad73d59bb9015,TRACKED,.png,
web/icons/Icon-192.png,5292,3dce99077602f70421c1c6b2a240bc9b83d64d86681d45f2154143310c980be3,TRACKED,.png,
web/icons/Icon-512.png,8252,baccb205ae45f0b421be1657259b4943ac40c95094ab877f3bcbe12cd544dcbe,TRACKED,.png,
web/icons/Icon-maskable-192.png,5594,d2c842e22a9f4ec9d996b23373a905c88d9a203b220c5c151885ad621f974b5c,TRACKED,.png,
web/icons/Icon-maskable-512.png,20998,6aee06cdcab6b2aef74b1734c4778f4421d2da100b0ff9e52b21b55240202929,TRACKED,.png,
web/index.html,1262,8ec3122b1505a870b9b031b83d5ca9cb13c729e304da3c1f7120966678212c2e,TRACKED,.html,
web/manifest.json,957,3ad34e160aaa6fe3949a01a39292cf76b2282916d67deb604a9af97ab287d3c9,TRACKED,.json,
windows/.gitignore,308,955e3110cb16494ee76e1cd5df47e2c212309eb94a49a123fe87f718de413cb8,TRACKED,,
windows/CMakeLists.txt,4270,532964b7d5cf11a9956bdc2ca557cea84af79f4161989cc3633f0686053bad8a,TRACKED,.txt,
windows/flutter/CMakeLists.txt,3851,bd05e3268b2f246bcbafdb778165fe67a7bafdba04eb73599502563a67b8ae7e,TRACKED,.txt,
windows/flutter/ephemeral/cpp_client_wrapper/binary_messenger_impl.h,1651,e88a83b20f44a2454594d0bd6d9ac158a9beb30b40bbce10ddbef482053d9c7f,PHYSICAL_OR_IGNORED,.h,
windows/flutter/ephemeral/cpp_client_wrapper/byte_buffer_streams.h,2946,b6cf6e45871ab2fac6ba6f50fefc68b4bd377c16345ac06f8d196aa2800f7b57,PHYSICAL_OR_IGNORED,.h,
windows/flutter/ephemeral/cpp_client_wrapper/core_implementations.cc,10712,c0de8b2c1df4d25abb336a62364fb8dd4810536e8eb28da0601b1e3ed969a777,PHYSICAL_OR_IGNORED,.cc,
windows/flutter/ephemeral/cpp_client_wrapper/engine_method_result.cc,529,53794963d2397e381492b04298c6b8b31e2243f9e6fb2c4153689640f50ef4c8,PHYSICAL_OR_IGNORED,.cc,
windows/flutter/ephemeral/cpp_client_wrapper/flutter_engine.cc,4169,7e6e63851687fc3d8baf22e9e58d3ed507ec238bf19615b13cc5648d5dfa6287,PHYSICAL_OR_IGNORED,.cc,
windows/flutter/ephemeral/cpp_client_wrapper/flutter_view_controller.cc,1726,ea67ebea6a75638512d39d09160a8ec3fe1d66bee7212146457d45cfda74f7db,PHYSICAL_OR_IGNORED,.cc,
windows/flutter/ephemeral/cpp_client_wrapper/include/flutter/basic_message_channel.h,5866,2b483d016862c88e403137c77e28cb290213901b806670b970b9fb5606d3d25d,PHYSICAL_OR_IGNORED,.h,
windows/flutter/ephemeral/cpp_client_wrapper/include/flutter/binary_messenger.h,1947,a9c148126433a73cf45bee50a830047f5c54cbe9f97e6d0ff1236691246f7964,PHYSICAL_OR_IGNORED,.h,
windows/flutter/ephemeral/cpp_client_wrapper/include/flutter/byte_streams.h,2908,5b4852d2dc1bfbe58187d9bc262a01042845510c7029d044b64d71309b128e83,PHYSICAL_OR_IGNORED,.h,
windows/flutter/ephemeral/cpp_client_wrapper/include/flutter/dart_project.h,6568,f066e977f4ec4f1c0b655d1d3fc72ca79e7fe6fb9a4ce63d5da57fc5a1a7f0b1,PHYSICAL_OR_IGNORED,.h,
windows/flutter/ephemeral/cpp_client_wrapper/include/flutter/encodable_value.h,11663,2672440b287ebf0551a4475a54bc0e8f888a1c8be556bfcd9f4b3d9c15e1fd37,PHYSICAL_OR_IGNORED,.h,
windows/flutter/ephemeral/cpp_client_wrapper/include/flutter/engine_method_result.h,2933,3300d3fe6ac2282de919076e17dfad9c014832e8ce1fd0794897bdfad60bccfd,PHYSICAL_OR_IGNORED,.h,
windows/flutter/ephemeral/cpp_client_wrapper/include/flutter/event_channel.h,7606,eaf20bae4076a3645de7fa4f0d6803d3599c43983cdb4197923a8bd0bfa60daf,PHYSICAL_OR_IGNORED,.h,
windows/flutter/ephemeral/cpp_client_wrapper/include/flutter/event_sink.h,2167,206eefcdc44c679b3944eccecfab55817b681ee01eb2876744c92dcb4befd5cc,PHYSICAL_OR_IGNORED,.h,
windows/flutter/ephemeral/cpp_client_wrapper/include/flutter/event_stream_handler.h,2954,6500dc235b0756f316794d31409894b95e0a3932fd0590ed011522e1017814b9,PHYSICAL_OR_IGNORED,.h,
windows/flutter/ephemeral/cpp_client_wrapper/include/flutter/event_stream_handler_functions.h,2654,14eb1da5c1b8dce313d363bddd560c4db1f3dbcb43bb91c8a11889e51f531de2,PHYSICAL_OR_IGNORED,.h,
windows/flutter/ephemeral/cpp_client_wrapper/include/flutter/flutter_engine.h,5486,20e56176a4589cfab969b9140714018880072408de8f59ee069da308f1b8847d,PHYSICAL_OR_IGNORED,.h,
windows/flutter/ephemeral/cpp_client_wrapper/include/flutter/flutter_view.h,1459,f109eb9472439369217de2235b810ae514e6c395f8dec458cf944c616208ff26,PHYSICAL_OR_IGNORED,.h,
windows/flutter/ephemeral/cpp_client_wrapper/include/flutter/flutter_view_controller.h,2719,f8e58f453c1af8892e452d259c6a9405b7847e2b49dc95c6dcdf883f6d7f7a9f,PHYSICAL_OR_IGNORED,.h,
windows/flutter/ephemeral/cpp_client_wrapper/include/flutter/message_codec.h,2305,3186a27f7d5073bb52f3ed2e1ad1f0d5d23c5cffc0bdebdf833354470bf232f1,PHYSICAL_OR_IGNORED,.h,
windows/flutter/ephemeral/cpp_client_wrapper/include/flutter/method_call.h,1402,951b7bb05c0d7335d1d8929fce451fe4a5815cd83b9bb6f7fb70f0080c4215e9,PHYSICAL_OR_IGNORED,.h,
windows/flutter/ephemeral/cpp_client_wrapper/include/flutter/method_channel.h,5949,560bd71ef4c34b302f32747cdbc42f27db0f3310ba9af3837bae0b41b06ff87b,PHYSICAL_OR_IGNORED,.h,
windows/flutter/ephemeral/cpp_client_wrapper/include/flutter/method_codec.h,4381,361e3c353d2f32b5781375b5bc6a930da994aa4ac5c86f27bd95db302d6cd8f4,PHYSICAL_OR_IGNORED,.h,
windows/flutter/ephemeral/cpp_client_wrapper/include/flutter/method_result.h,2860,906538745431284e00f2857ddff03666fd61422f704518baabb860d75df4fa81,PHYSICAL_OR_IGNORED,.h,
windows/flutter/ephemeral/cpp_client_wrapper/include/flutter/method_result_functions.h,2800,ec341cf21ccd93b04725a564d2a9ed0d05aac088e1fe153de2b529bb2c061dd4,PHYSICAL_OR_IGNORED,.h,
windows/flutter/ephemeral/cpp_client_wrapper/include/flutter/plugin_registrar.h,4812,ef4be66c6da2efa835e6cfdfcde3b09e8ffa714f7579783cf470c0e95744cb69,PHYSICAL_OR_IGNORED,.h,
windows/flutter/ephemeral/cpp_client_wrapper/include/flutter/plugin_registrar_windows.h,5957,4bbf64581e6a84586b7896ba5b845b222a71946b5369340525623b638eb73c44,PHYSICAL_OR_IGNORED,.h,
windows/flutter/ephemeral/cpp_client_wrapper/include/flutter/plugin_registry.h,1225,45ca53f15f1e7bd5a41e9358f586c5fa76aa2ef39b5383f38086dbacf43c50a3,PHYSICAL_OR_IGNORED,.h,
windows/flutter/ephemeral/cpp_client_wrapper/include/flutter/standard_codec_serializer.h,2957,eb20d05f9bf201125fea8332bd1216f773976ad4b2c2e0d0bf8931f2bded68c2,PHYSICAL_OR_IGNORED,.h,
windows/flutter/ephemeral/cpp_client_wrapper/include/flutter/standard_message_codec.h,2108,178070c1353c533f7ab082ddd4018923629e345963a72d9ffab71d555b17d732,PHYSICAL_OR_IGNORED,.h,
windows/flutter/ephemeral/cpp_client_wrapper/include/flutter/standard_method_codec.h,2688,de3ee98c8f1d13a5685f442914caa8820c024959419bc70049484c8e54dd10be,PHYSICAL_OR_IGNORED,.h,
windows/flutter/ephemeral/cpp_client_wrapper/include/flutter/texture_registrar.h,4341,5083efbb90d1c0999a4a64330880c08d0e3d9f354cc6ace04ab332a79cd5c2df,PHYSICAL_OR_IGNORED,.h,
windows/flutter/ephemeral/cpp_client_wrapper/plugin_registrar.cc,1783,1e1a5242ac2dbdebb2e3da99bb34d5fd9beb003c8621e1a155931b3342e7d7a0,PHYSICAL_OR_IGNORED,.cc,
windows/flutter/ephemeral/cpp_client_wrapper/readme,496,3af2c979e3aafd0999bee2c37a0f79ccb906d489b06f9d20c054c4142f2dfc2f,PHYSICAL_OR_IGNORED,,
windows/flutter/ephemeral/cpp_client_wrapper/standard_codec.cc,15447,3d75b7f17d482e0047672ea5e3cb7adf309976e7877fd3c5cc04d293ba671641,PHYSICAL_OR_IGNORED,.cc,
windows/flutter/ephemeral/cpp_client_wrapper/texture_registrar_impl.h,1543,b61f467d683d8c43f9bfb59da797f23b33e397398e31b9960b4bd1751e6f5d41,PHYSICAL_OR_IGNORED,.h,
windows/flutter/ephemeral/flutter_export.h,838,dc37c1d36f5410374dc93c1780809ff03e456cbcf0efe2d07205f3e541e29cdb,PHYSICAL_OR_IGNORED,.h,
windows/flutter/ephemeral/flutter_messenger.h,5204,0bc7adeb55fe45c555135b17a02f9d357d4006658df633873d705ad253599619,PHYSICAL_OR_IGNORED,.h,
windows/flutter/ephemeral/flutter_plugin_registrar.h,1638,0c39b36d8b0ff7d307afa58c97f9c4607d9e8673b2f85969ce2a0bf3e50532b8,PHYSICAL_OR_IGNORED,.h,
windows/flutter/ephemeral/flutter_texture_registrar.h,7332,f5ca8a82f76e5de09d5f9a68599cb4baed2cd866e98af8c6ec45f14f66a87e96,PHYSICAL_OR_IGNORED,.h,
windows/flutter/ephemeral/flutter_windows.dll,21284864,890b23404e770d3a01a978e6ee8dbeef9006c85c39a9f5d75e3f91e5bcf3bb80,PHYSICAL_OR_IGNORED,.dll,
windows/flutter/ephemeral/flutter_windows.dll.exp,21652,1b23bc790d303a738621555301246ac61d81ed8e092ecd725edc59fd844a29dc,PHYSICAL_OR_IGNORED,.exp,
windows/flutter/ephemeral/flutter_windows.dll.lib,37212,08167cd33dc23a175fc5ea43c8c09bb7c70532d6a8349fb1b857b562dc2fa287,PHYSICAL_OR_IGNORED,.lib,
windows/flutter/ephemeral/flutter_windows.dll.pdb,251064320,120719eb409d3e095e04f72e32ec892ebe4aaee9a224893c483bd57fb5ff2afd,PHYSICAL_OR_IGNORED,.pdb,
windows/flutter/ephemeral/flutter_windows.h,15192,66438c533a9535ad01bc43f101c001f7d17ba76c5ce6aeee86c19e0adfde6972,PHYSICAL_OR_IGNORED,.h,
windows/flutter/ephemeral/generated_config.cmake,1223,328a0d97570899bf81d2aa6276814a5f9ba7f86e088d937bd92bf97b98bef8d4,PHYSICAL_OR_IGNORED,.cmake,
windows/flutter/ephemeral/icudtl.dat,862304,998367809a821d595928089c197b3f7959f0420f81f79d4d0daee53378492ed5,PHYSICAL_OR_IGNORED,.dat,
windows/flutter/generated_plugin_registrant.cc,1197,f4670835e83252d42a6fa6be99a3f3d6debc372d78746bd0ff9b7d3a6dc4d150,TRACKED,.cc,
windows/flutter/generated_plugin_registrant.h,302,dbc11635d7b1ba1887adf40df5b83d634e9c3ab0bee34510c71528bb4d73602a,TRACKED,.h,
windows/flutter/generated_plugins.cmake,885,78811ad305a2a8600b2eac217620b57e9cd16d5a96b0300a000732cc8e4c4cac,TRACKED,.cmake,
windows/runner/CMakeLists.txt,1836,d765fdd05f63ad099e585a2cced0cbff13ec3229b7de68c8681b2107db850089,TRACKED,.txt,
windows/runner/Runner.rc,3170,060088e6cb5dd064f66906c8c6f4e4866718936772a58493bb60d71c6d9f66dc,TRACKED,.rc,
windows/runner/flutter_window.cpp,2193,d615eedc06ae37321e59c2c00c7687d1887dcd97904eb7225fafd8dcb5b83da6,TRACKED,.cpp,
windows/runner/flutter_window.h,961,0252b804f5da380c7709cbe1daff2b8d18daf6c49d7e6dd43e5af3c99c19f56c,TRACKED,.h,
windows/runner/main.cpp,1309,8e34d73a1a3d6a473f84bb75e7c4884c6a07b3d69fa9216141390c45f9351ba1,TRACKED,.cpp,
windows/runner/resource.h,448,d0e8bf7835468b4b6b1f8f0747f2e8f25c19841f2df2ac60aaa584ddae3aa7c6,TRACKED,.h,
windows/runner/resources/app_icon.ico,33772,c098d3fc85cacff98b8e69811b48e9f0d852fcee278132d794411d978869cbf8,TRACKED,.ico,
windows/runner/runner.exe.manifest,616,639a56233fcd8cbcb8bbefcd93e4680ec2664f32d9acfb3d2ec1d8726a96e090,TRACKED,.manifest,
windows/runner/utils.cpp,1862,fbb18524c22593d0ce7869b0733e237be38e668fe045e3023bcf2d0b31784fa3,TRACKED,.cpp,
windows/runner/utils.h,691,832e246b6758253f89016fb0374b30791242e97ad950d27fc678b3d9feacfdc4,TRACKED,.h,
windows/runner/win32_window.cpp,8822,4e4f4dcf8e86ea6e097562cb3476039e693449bd8045367538afee579c017511,TRACKED,.cpp,
windows/runner/win32_window.h,3624,d154cf89ba85f820631a9b5bedacbe64fc5815e428fe6bc5da579ce649f69841,TRACKED,.h,
