source,target
app.dart,core/reactivity/atlas_reactive_runtime.dart
app.dart,features/authentication/presentation/screens/login_screen.dart
app.dart,features/unified_workflow/domain/services/atlas_unified_workflow_engine.dart
app.dart,shared/theme/app_theme.dart
core/contracts/atlas_action_contract.dart,core/contracts/atlas_canonical_types.dart
core/contracts/atlas_alert_contract.dart,core/contracts/atlas_canonical_types.dart
core/contracts/atlas_decision_contract.dart,core/contracts/atlas_canonical_types.dart
core/contracts/atlas_intelligence_contracts.dart,core/contracts/atlas_action_contract.dart
core/contracts/atlas_intelligence_contracts.dart,core/contracts/atlas_alert_contract.dart
core/contracts/atlas_intelligence_contracts.dart,core/contracts/atlas_canonical_types.dart
core/contracts/atlas_intelligence_contracts.dart,core/contracts/atlas_decision_contract.dart
core/contracts/atlas_intelligence_contracts.dart,core/contracts/atlas_recommendation_contract.dart
core/contracts/atlas_intelligence_contracts.dart,core/contracts/atlas_scenario_contract.dart
core/contracts/atlas_recommendation_contract.dart,core/contracts/atlas_canonical_types.dart
core/contracts/atlas_scenario_contract.dart,core/contracts/atlas_canonical_types.dart
core/event_center/atlas_event_analytics_data.dart,core/events/atlas_event.dart
core/event_center/atlas_event_analytics_screen.dart,core/event_center/atlas_event_analytics_data.dart
core/event_center/atlas_event_analytics_screen.dart,core/event_center/atlas_event_analytics_service.dart
core/event_center/atlas_event_analytics_screen.dart,core/event_center/atlas_event_log_service.dart
core/event_center/atlas_event_analytics_screen.dart,core/events/atlas_event.dart
core/event_center/atlas_event_analytics_service.dart,core/event_center/atlas_event_analytics_data.dart
core/event_center/atlas_event_analytics_service.dart,core/event_center/atlas_event_log_entry.dart
core/event_center/atlas_event_analytics_service.dart,core/events/atlas_event.dart
core/event_center/atlas_event_center_screen.dart,core/event_center/atlas_event_analytics_screen.dart
core/event_center/atlas_event_center_screen.dart,core/event_center/atlas_event_detail_screen.dart
core/event_center/atlas_event_center_screen.dart,core/event_center/atlas_event_log_entry.dart
core/event_center/atlas_event_center_screen.dart,core/event_center/atlas_event_log_filter.dart
core/event_center/atlas_event_center_screen.dart,core/event_center/atlas_event_log_service.dart
core/event_center/atlas_event_center_screen.dart,core/events/atlas_event.dart
core/event_center/atlas_event_center_screen.dart,core/events/atlas_event_bus.dart
core/event_center/atlas_event_detail_screen.dart,core/event_center/atlas_event_log_entry.dart
core/event_center/atlas_event_detail_screen.dart,core/events/atlas_event.dart
core/event_center/atlas_event_log_entry.dart,core/events/atlas_event.dart
core/event_center/atlas_event_log_filter.dart,core/event_center/atlas_event_log_entry.dart
core/event_center/atlas_event_log_filter.dart,core/events/atlas_event.dart
core/event_center/atlas_event_log_service.dart,core/event_center/atlas_event_log_entry.dart
core/event_center/atlas_event_log_service.dart,core/event_center/atlas_event_log_filter.dart
core/event_center/atlas_event_log_service.dart,core/events/atlas_event.dart
core/event_center/atlas_event_log_service.dart,core/events/atlas_event_bus.dart
core/event_center/atlas_event_log_service.dart,core/events/atlas_event_filter.dart
core/events/atlas_event_bus.dart,core/events/atlas_event.dart
core/events/atlas_event_bus.dart,core/events/atlas_event_filter.dart
core/events/atlas_event_bus.dart,core/events/atlas_event_subscription.dart
core/events/atlas_event_examples.dart,core/events/atlas_event.dart
core/events/atlas_event_examples.dart,core/events/atlas_event_bus.dart
core/events/atlas_event_examples.dart,core/events/atlas_event_factory.dart
core/events/atlas_event_examples.dart,core/events/atlas_event_filter.dart
core/events/atlas_event_factory.dart,core/events/atlas_event.dart
core/events/atlas_event_filter.dart,core/events/atlas_event.dart
core/events/atlas_event_observer.dart,core/events/atlas_event.dart
core/events/atlas_event_observer.dart,core/events/atlas_event_bus.dart
core/events/atlas_event_subscription.dart,core/events/atlas_event.dart
core/events/atlas_event_subscription.dart,core/events/atlas_event_filter.dart
core/foundation/atlas_foundation_center_screen.dart,core/foundation/atlas_foundation_models.dart
core/foundation/atlas_foundation_center_screen.dart,core/foundation/atlas_foundation_repository.dart
core/foundation/atlas_foundation_repository.dart,core/foundation/atlas_foundation_models.dart
core/integration/atlas_integration_core.dart,core/integration/atlas_integration_event.dart
core/integration/atlas_integration_core.dart,core/integration/atlas_integration_module.dart
core/integration/atlas_integration_core.dart,core/integration/atlas_module_registry.dart
core/integration/atlas_integration_core_screen.dart,core/integration/atlas_integration_core.dart
core/integration/atlas_integration_core_screen.dart,core/integration/atlas_integration_event.dart
core/integration/atlas_integration_core_screen.dart,core/integration/atlas_integration_module.dart
core/integration/atlas_module_registry.dart,core/integration/atlas_integration_module.dart
core/orchestrator/atlas_orchestrator_dashboard.dart,core/orchestrator/atlas_orchestrator_engine.dart
core/orchestrator/atlas_orchestrator_dashboard.dart,core/orchestrator/atlas_orchestrator_models.dart
core/orchestrator/atlas_orchestrator_dashboard.dart,core/orchestrator/atlas_orchestrator_repository.dart
core/orchestrator/atlas_orchestrator_engine.dart,core/orchestrator/atlas_orchestrator_models.dart
core/orchestrator/atlas_orchestrator_repository.dart,core/orchestrator/atlas_orchestrator_models.dart
core/reactivity/atlas_reactive_intelligence.dart,core/reactivity/atlas_reactive_intelligence_coordinator.dart
core/reactivity/atlas_reactive_intelligence.dart,core/reactivity/atlas_reactive_policy.dart
core/reactivity/atlas_reactive_intelligence.dart,core/reactivity/atlas_reactive_target.dart
core/reactivity/atlas_reactive_intelligence.dart,core/reactivity/atlas_reactive_update.dart
core/reactivity/atlas_reactive_intelligence_coordinator.dart,core/events/atlas_event.dart
core/reactivity/atlas_reactive_intelligence_coordinator.dart,core/events/atlas_event_bus.dart
core/reactivity/atlas_reactive_intelligence_coordinator.dart,core/events/atlas_event_filter.dart
core/reactivity/atlas_reactive_intelligence_coordinator.dart,core/reactivity/atlas_reactive_policy.dart
core/reactivity/atlas_reactive_intelligence_coordinator.dart,core/reactivity/atlas_reactive_target.dart
core/reactivity/atlas_reactive_intelligence_coordinator.dart,core/reactivity/atlas_reactive_update.dart
core/reactivity/atlas_reactive_policy.dart,core/events/atlas_event.dart
core/reactivity/atlas_reactive_policy.dart,core/reactivity/atlas_reactive_target.dart
core/reactivity/atlas_reactive_runtime.dart,core/event_center/atlas_event_log_service.dart
core/reactivity/atlas_reactive_runtime.dart,core/reactivity/atlas_reactive_intelligence.dart
core/reactivity/atlas_reactive_runtime.dart,features/digital_twin/domain/services/atlas_digital_twin_service.dart
core/reactivity/atlas_reactive_update.dart,core/events/atlas_event.dart
core/reactivity/atlas_reactive_update.dart,core/reactivity/atlas_reactive_target.dart
core/release_candidate/atlas_release_candidate_screen.dart,core/release_candidate/atlas_release_candidate_models.dart
core/release_candidate/atlas_release_candidate_screen.dart,core/release_candidate/atlas_release_candidate_repository.dart
core/services/atlas_canonical_operations_service.dart,core/contracts/atlas_action_contract.dart
core/services/atlas_canonical_operations_service.dart,core/contracts/atlas_alert_contract.dart
core/services/atlas_canonical_operations_service.dart,core/contracts/atlas_decision_contract.dart
core/services/atlas_canonical_operations_service.dart,features/action_plan/domain/adapters/atlas_action_plan_canonical_adapter.dart
core/services/atlas_canonical_operations_service.dart,features/action_plan/domain/models/atlas_action_plan.dart
core/services/atlas_canonical_operations_service.dart,features/executive_alerts/domain/adapters/atlas_executive_alert_contract_adapter.dart
core/services/atlas_canonical_operations_service.dart,features/executive_alerts/domain/models/atlas_executive_alert.dart
core/system_center/atlas_system_center_models.dart,core/settings/atlas_system_settings.dart
core/system_center/atlas_system_center_repository.dart,core/settings/atlas_system_settings.dart
core/system_center/atlas_system_center_repository.dart,core/system_center/atlas_system_center_models.dart
core/system_center/atlas_system_center_screen.dart,core/settings/atlas_system_settings.dart
core/system_center/atlas_system_center_screen.dart,core/system_center/atlas_system_center_models.dart
core/system_center/atlas_system_center_screen.dart,core/system_center/atlas_system_center_repository.dart
features/action_plan/data/services/atlas_action_plan_storage_service.dart,features/action_plan/domain/models/atlas_action_plan.dart
features/action_plan/domain/adapters/atlas_action_plan_canonical_adapter.dart,core/contracts/atlas_action_contract.dart
features/action_plan/domain/adapters/atlas_action_plan_canonical_adapter.dart,core/contracts/atlas_canonical_types.dart
features/action_plan/domain/adapters/atlas_action_plan_canonical_adapter.dart,core/contracts/atlas_decision_contract.dart
features/action_plan/domain/adapters/atlas_action_plan_canonical_adapter.dart,features/action_plan/domain/models/atlas_action_plan.dart
features/action_plan/domain/adapters/atlas_action_plan_canonical_adapter.dart,features/farm_audit/domain/models/atlas_farm_audit.dart
features/action_plan/domain/models/atlas_action_plan.dart,features/farm_audit/domain/models/atlas_farm_audit.dart
features/action_plan/domain/services/atlas_action_plan_engine.dart,features/action_plan/domain/models/atlas_action_plan.dart
features/action_plan/domain/services/atlas_action_plan_engine.dart,features/farm_audit/domain/models/atlas_farm_audit.dart
features/action_plan/presentation/screens/atlas_action_plan_screen.dart,features/action_plan/data/services/atlas_action_plan_storage_service.dart
features/action_plan/presentation/screens/atlas_action_plan_screen.dart,features/action_plan/domain/models/atlas_action_plan.dart
features/action_plan/presentation/screens/atlas_action_plan_screen.dart,features/action_plan/domain/services/atlas_action_plan_engine.dart
features/action_plan/presentation/screens/atlas_action_plan_screen.dart,features/farm_audit/data/services/atlas_farm_audit_history_service.dart
features/action_plan/presentation/screens/atlas_action_plan_screen.dart,features/farm_audit/domain/models/atlas_farm_audit.dart
features/action_plan/presentation/screens/atlas_action_plan_screen.dart,features/farm_audit/presentation/screens/atlas_farm_audit_screen.dart
features/action_plan/presentation/screens/atlas_action_plan_screen.dart,features/performance_center/presentation/screens/atlas_performance_center_screen.dart
features/action_plan/presentation/screens/atlas_action_plan_screen.dart,features/strategy_execution/presentation/screens/atlas_strategy_execution_screen.dart
features/animal/data/services/animal_storage_service.dart,features/animal/domain/models/animal_data.dart
features/animal/domain/services/animal_finance_integration_service.dart,features/animal/domain/models/animal_data.dart
features/animal/domain/services/animal_finance_integration_service.dart,features/animal_event/data/services/animal_event_storage_service.dart
features/animal/domain/services/animal_finance_integration_service.dart,features/animal_event/domain/models/animal_event_data.dart
features/animal/domain/services/animal_finance_integration_service.dart,features/farm_finance/data/services/farm_finance_storage_service.dart
features/animal/domain/services/animal_finance_integration_service.dart,features/farm_finance/domain/models/farm_finance_data.dart
features/animal/presentation/screens/animal_detail_screen.dart,features/animal/domain/models/animal_data.dart
features/animal/presentation/screens/animal_detail_screen.dart,features/animal_document/data/services/animal_document_storage_service.dart
features/animal/presentation/screens/animal_detail_screen.dart,features/animal_document/presentation/screens/animal_document_list_screen.dart
features/animal/presentation/screens/animal_detail_screen.dart,features/animal_event/data/services/animal_event_storage_service.dart
features/animal/presentation/screens/animal_detail_screen.dart,features/animal_event/presentation/screens/animal_timeline_screen.dart
features/animal/presentation/screens/animal_detail_screen.dart,features/animal_health/data/services/animal_health_storage_service.dart
features/animal/presentation/screens/animal_detail_screen.dart,features/animal_health/presentation/screens/animal_health_list_screen.dart
features/animal/presentation/screens/animal_detail_screen.dart,features/animal_movement/data/services/animal_movement_storage_service.dart
features/animal/presentation/screens/animal_detail_screen.dart,features/animal_movement/presentation/screens/animal_movement_list_screen.dart
features/animal/presentation/screens/animal_detail_screen.dart,features/animal_reproduction/data/services/animal_reproduction_storage_service.dart
features/animal/presentation/screens/animal_detail_screen.dart,features/animal_reproduction/domain/models/animal_reproduction_data.dart
features/animal/presentation/screens/animal_detail_screen.dart,features/animal_reproduction/presentation/screens/animal_reproduction_list_screen.dart
features/animal/presentation/screens/animal_detail_screen.dart,features/animal_weight/data/services/animal_weight_storage_service.dart
features/animal/presentation/screens/animal_detail_screen.dart,features/animal_weight/domain/models/animal_weight_data.dart
features/animal/presentation/screens/animal_detail_screen.dart,features/animal_weight/presentation/screens/animal_weight_list_screen.dart
features/animal/presentation/screens/animal_detail_screen.dart,features/farm/domain/models/farm_data.dart
features/animal/presentation/screens/animal_detail_screen.dart,features/herd/domain/models/herd_group_data.dart
features/animal/presentation/screens/animal_form_screen.dart,features/animal/domain/models/animal_data.dart
features/animal/presentation/screens/animal_list_screen.dart,features/animal/data/services/animal_storage_service.dart
features/animal/presentation/screens/animal_list_screen.dart,features/animal/domain/models/animal_data.dart
features/animal/presentation/screens/animal_list_screen.dart,features/animal/domain/services/animal_finance_integration_service.dart
features/animal/presentation/screens/animal_list_screen.dart,features/animal/presentation/screens/animal_detail_screen.dart
features/animal/presentation/screens/animal_list_screen.dart,features/animal/presentation/screens/animal_form_screen.dart
features/animal/presentation/screens/animal_list_screen.dart,features/farm/domain/models/farm_data.dart
features/animal/presentation/screens/animal_list_screen.dart,features/herd/domain/models/herd_group_data.dart
features/animal_document/data/services/animal_document_storage_service.dart,features/animal_document/domain/models/animal_document_data.dart
features/animal_document/presentation/screens/animal_document_form_screen.dart,features/animal_document/domain/models/animal_document_data.dart
features/animal_document/presentation/screens/animal_document_list_screen.dart,features/animal/domain/models/animal_data.dart
features/animal_document/presentation/screens/animal_document_list_screen.dart,features/animal_document/data/services/animal_document_storage_service.dart
features/animal_document/presentation/screens/animal_document_list_screen.dart,features/animal_document/domain/models/animal_document_data.dart
features/animal_document/presentation/screens/animal_document_list_screen.dart,features/animal_document/presentation/screens/animal_document_form_screen.dart
features/animal_document/presentation/screens/animal_document_list_screen.dart,features/farm/domain/models/farm_data.dart
features/animal_document/presentation/screens/animal_document_list_screen.dart,features/herd/domain/models/herd_group_data.dart
features/animal_event/data/services/animal_event_storage_service.dart,features/animal_event/domain/models/animal_event_data.dart
features/animal_event/presentation/screens/animal_event_form_screen.dart,features/animal_event/domain/models/animal_event_data.dart
features/animal_event/presentation/screens/animal_timeline_screen.dart,features/animal/domain/models/animal_data.dart
features/animal_event/presentation/screens/animal_timeline_screen.dart,features/animal_document/data/services/animal_document_storage_service.dart
features/animal_event/presentation/screens/animal_timeline_screen.dart,features/animal_document/domain/models/animal_document_data.dart
features/animal_event/presentation/screens/animal_timeline_screen.dart,features/animal_event/data/services/animal_event_storage_service.dart
features/animal_event/presentation/screens/animal_timeline_screen.dart,features/animal_event/domain/models/animal_event_data.dart
features/animal_event/presentation/screens/animal_timeline_screen.dart,features/animal_event/presentation/screens/animal_event_form_screen.dart
features/animal_event/presentation/screens/animal_timeline_screen.dart,features/animal_health/data/services/animal_health_storage_service.dart
features/animal_event/presentation/screens/animal_timeline_screen.dart,features/animal_health/domain/models/animal_health_data.dart
features/animal_event/presentation/screens/animal_timeline_screen.dart,features/animal_movement/data/services/animal_movement_storage_service.dart
features/animal_event/presentation/screens/animal_timeline_screen.dart,features/animal_movement/domain/models/animal_movement_data.dart
features/animal_event/presentation/screens/animal_timeline_screen.dart,features/animal_reproduction/data/services/animal_reproduction_storage_service.dart
features/animal_event/presentation/screens/animal_timeline_screen.dart,features/animal_reproduction/domain/models/animal_reproduction_data.dart
features/animal_event/presentation/screens/animal_timeline_screen.dart,features/animal_weight/data/services/animal_weight_storage_service.dart
features/animal_event/presentation/screens/animal_timeline_screen.dart,features/animal_weight/domain/models/animal_weight_data.dart
features/animal_event/presentation/screens/animal_timeline_screen.dart,features/farm/domain/models/farm_data.dart
features/animal_event/presentation/screens/animal_timeline_screen.dart,features/herd/domain/models/herd_group_data.dart
features/animal_health/data/services/animal_health_storage_service.dart,features/animal_health/domain/models/animal_health_data.dart
features/animal_health/domain/services/animal_health_event_service.dart,core/events/atlas_event.dart
features/animal_health/domain/services/animal_health_event_service.dart,core/events/atlas_event_bus.dart
features/animal_health/domain/services/animal_health_event_service.dart,core/events/atlas_event_factory.dart
features/animal_health/domain/services/animal_health_event_service.dart,features/animal_health/domain/models/animal_health_data.dart
features/animal_health/domain/services/animal_health_inventory_service.dart,features/animal_health/domain/models/animal_health_data.dart
features/animal_health/domain/services/animal_health_inventory_service.dart,features/farm_inventory/data/services/farm_inventory_storage_service.dart
features/animal_health/domain/services/animal_health_inventory_service.dart,features/farm_inventory/domain/models/farm_inventory_data.dart
features/animal_health/presentation/screens/animal_health_form_screen.dart,features/animal_health/domain/models/animal_health_data.dart
features/animal_health/presentation/screens/animal_health_form_screen.dart,features/farm_inventory/domain/models/farm_inventory_data.dart
features/animal_health/presentation/screens/animal_health_list_screen.dart,features/animal/domain/models/animal_data.dart
features/animal_health/presentation/screens/animal_health_list_screen.dart,features/animal_health/data/services/animal_health_storage_service.dart
features/animal_health/presentation/screens/animal_health_list_screen.dart,features/animal_health/domain/models/animal_health_data.dart
features/animal_health/presentation/screens/animal_health_list_screen.dart,features/animal_health/domain/services/animal_health_event_service.dart
features/animal_health/presentation/screens/animal_health_list_screen.dart,features/animal_health/domain/services/animal_health_inventory_service.dart
features/animal_health/presentation/screens/animal_health_list_screen.dart,features/animal_health/presentation/screens/animal_health_form_screen.dart
features/animal_health/presentation/screens/animal_health_list_screen.dart,features/farm/domain/models/farm_data.dart
features/animal_health/presentation/screens/animal_health_list_screen.dart,features/farm_inventory/data/services/farm_inventory_storage_service.dart
features/animal_health/presentation/screens/animal_health_list_screen.dart,features/herd/domain/models/herd_group_data.dart
features/animal_health/presentation/screens/health_overview_screen.dart,features/animal/data/services/animal_storage_service.dart
features/animal_health/presentation/screens/health_overview_screen.dart,features/animal/domain/models/animal_data.dart
features/animal_health/presentation/screens/health_overview_screen.dart,features/animal_health/data/services/animal_health_storage_service.dart
features/animal_health/presentation/screens/health_overview_screen.dart,features/animal_health/domain/models/animal_health_data.dart
features/animal_health/presentation/screens/health_overview_screen.dart,features/animal_health/presentation/screens/animal_health_list_screen.dart
features/animal_health/presentation/screens/health_overview_screen.dart,features/farm/data/services/farm_storage_service.dart
features/animal_health/presentation/screens/health_overview_screen.dart,features/farm/domain/models/farm_data.dart
features/animal_health/presentation/screens/health_overview_screen.dart,features/herd/data/services/herd_storage_service.dart
features/animal_health/presentation/screens/health_overview_screen.dart,features/herd/domain/models/herd_group_data.dart
features/animal_movement/data/services/animal_movement_storage_service.dart,features/animal_movement/domain/models/animal_movement_data.dart
features/animal_movement/presentation/screens/animal_movement_form_screen.dart,features/animal_movement/domain/models/animal_movement_data.dart
features/animal_movement/presentation/screens/animal_movement_list_screen.dart,features/animal/domain/models/animal_data.dart
features/animal_movement/presentation/screens/animal_movement_list_screen.dart,features/animal_movement/data/services/animal_movement_storage_service.dart
features/animal_movement/presentation/screens/animal_movement_list_screen.dart,features/animal_movement/domain/models/animal_movement_data.dart
features/animal_movement/presentation/screens/animal_movement_list_screen.dart,features/animal_movement/presentation/screens/animal_movement_form_screen.dart
features/animal_movement/presentation/screens/animal_movement_list_screen.dart,features/farm/domain/models/farm_data.dart
features/animal_movement/presentation/screens/animal_movement_list_screen.dart,features/herd/domain/models/herd_group_data.dart
features/animal_reproduction/data/services/animal_reproduction_storage_service.dart,features/animal_reproduction/domain/models/animal_reproduction_data.dart
features/animal_reproduction/domain/services/animal_reproduction_event_service.dart,core/events/atlas_event.dart
features/animal_reproduction/domain/services/animal_reproduction_event_service.dart,core/events/atlas_event_bus.dart
features/animal_reproduction/domain/services/animal_reproduction_event_service.dart,core/events/atlas_event_factory.dart
features/animal_reproduction/domain/services/animal_reproduction_event_service.dart,features/animal_reproduction/domain/models/animal_reproduction_data.dart
features/animal_reproduction/presentation/screens/animal_reproduction_form_screen.dart,features/animal_reproduction/domain/models/animal_reproduction_data.dart
features/animal_reproduction/presentation/screens/animal_reproduction_list_screen.dart,features/animal/domain/models/animal_data.dart
features/animal_reproduction/presentation/screens/animal_reproduction_list_screen.dart,features/animal_reproduction/data/services/animal_reproduction_storage_service.dart
features/animal_reproduction/presentation/screens/animal_reproduction_list_screen.dart,features/animal_reproduction/domain/models/animal_reproduction_data.dart
features/animal_reproduction/presentation/screens/animal_reproduction_list_screen.dart,features/animal_reproduction/domain/services/animal_reproduction_event_service.dart
features/animal_reproduction/presentation/screens/animal_reproduction_list_screen.dart,features/animal_reproduction/presentation/screens/animal_reproduction_form_screen.dart
features/animal_reproduction/presentation/screens/animal_reproduction_list_screen.dart,features/farm/domain/models/farm_data.dart
features/animal_reproduction/presentation/screens/animal_reproduction_list_screen.dart,features/herd/domain/models/herd_group_data.dart
features/animal_reproduction/presentation/screens/reproduction_overview_screen.dart,features/animal/data/services/animal_storage_service.dart
features/animal_reproduction/presentation/screens/reproduction_overview_screen.dart,features/animal/domain/models/animal_data.dart
features/animal_reproduction/presentation/screens/reproduction_overview_screen.dart,features/animal_reproduction/data/services/animal_reproduction_storage_service.dart
features/animal_reproduction/presentation/screens/reproduction_overview_screen.dart,features/animal_reproduction/domain/models/animal_reproduction_data.dart
features/animal_reproduction/presentation/screens/reproduction_overview_screen.dart,features/animal_reproduction/presentation/screens/animal_reproduction_list_screen.dart
features/animal_reproduction/presentation/screens/reproduction_overview_screen.dart,features/farm/data/services/farm_storage_service.dart
features/animal_reproduction/presentation/screens/reproduction_overview_screen.dart,features/farm/domain/models/farm_data.dart
features/animal_reproduction/presentation/screens/reproduction_overview_screen.dart,features/herd/data/services/herd_storage_service.dart
features/animal_reproduction/presentation/screens/reproduction_overview_screen.dart,features/herd/domain/models/herd_group_data.dart
features/animal_weight/data/services/animal_weight_storage_service.dart,features/animal_weight/domain/models/animal_weight_data.dart
features/animal_weight/domain/services/animal_weight_event_service.dart,core/events/atlas_event_bus.dart
features/animal_weight/domain/services/animal_weight_event_service.dart,core/events/atlas_event_factory.dart
features/animal_weight/domain/services/animal_weight_event_service.dart,features/animal_weight/domain/models/animal_weight_data.dart
features/animal_weight/presentation/screens/animal_weight_form_screen.dart,features/animal_weight/domain/models/animal_weight_data.dart
features/animal_weight/presentation/screens/animal_weight_list_screen.dart,features/animal/domain/models/animal_data.dart
features/animal_weight/presentation/screens/animal_weight_list_screen.dart,features/animal_weight/data/services/animal_weight_storage_service.dart
features/animal_weight/presentation/screens/animal_weight_list_screen.dart,features/animal_weight/domain/models/animal_weight_data.dart
features/animal_weight/presentation/screens/animal_weight_list_screen.dart,features/animal_weight/domain/services/animal_weight_event_service.dart
features/animal_weight/presentation/screens/animal_weight_list_screen.dart,features/animal_weight/presentation/screens/animal_weight_form_screen.dart
features/animal_weight/presentation/screens/animal_weight_list_screen.dart,features/farm/domain/models/farm_data.dart
features/animal_weight/presentation/screens/animal_weight_list_screen.dart,features/herd/domain/models/herd_group_data.dart
features/atlas_ai/data/services/atlas_ai_conversation_storage_service.dart,features/atlas_ai/domain/models/atlas_ai_response.dart
features/atlas_ai/data/services/atlas_ai_conversation_storage_service.dart,features/diagnostics/domain/models/atlas_diagnostic_data.dart
features/atlas_ai/data/services/atlas_ai_conversation_storage_service.dart,features/farm/domain/services/atlas_farm_intelligence_service.dart
features/atlas_ai/data/services/atlas_ai_operation_actions_loader_service.dart,features/atlas_ai/data/services/atlas_ai_tracked_action_storage_service.dart
features/atlas_ai/data/services/atlas_ai_operation_actions_loader_service.dart,features/atlas_ai/domain/models/atlas_ai_tracked_action.dart
features/atlas_ai/data/services/atlas_ai_operation_actions_loader_service.dart,features/farm/data/services/farm_storage_service.dart
features/atlas_ai/data/services/atlas_ai_operation_actions_loader_service.dart,features/farm/domain/models/farm_data.dart
features/atlas_ai/data/services/atlas_ai_tracked_action_storage_service.dart,features/atlas_ai/domain/models/atlas_ai_tracked_action.dart
features/atlas_ai/domain/models/atlas_ai_farm_context.dart,features/diagnostics/domain/models/atlas_diagnostic_data.dart
features/atlas_ai/domain/models/atlas_ai_farm_context.dart,features/farm/domain/services/atlas_farm_intelligence_service.dart
features/atlas_ai/domain/models/atlas_ai_farm_context.dart,features/predictive/domain/models/atlas_predictive_scenario.dart
features/atlas_ai/domain/models/atlas_ai_memory.dart,features/atlas_ai/domain/models/atlas_ai_response.dart
features/atlas_ai/domain/models/atlas_ai_memory.dart,features/farm/domain/services/atlas_farm_intelligence_service.dart
features/atlas_ai/domain/models/atlas_ai_operation_actions.dart,features/atlas_ai/domain/models/atlas_ai_tracked_action.dart
features/atlas_ai/domain/models/atlas_ai_operation_actions.dart,features/farm/domain/services/atlas_farm_intelligence_service.dart
features/atlas_ai/domain/models/atlas_ai_response.dart,features/diagnostics/domain/models/atlas_diagnostic_data.dart
features/atlas_ai/domain/models/atlas_ai_response.dart,features/farm/domain/services/atlas_farm_intelligence_service.dart
features/atlas_ai/domain/models/atlas_ai_tracked_action.dart,features/farm/domain/services/atlas_farm_intelligence_service.dart
features/atlas_ai/domain/services/atlas_ai_action_tracking_service.dart,features/atlas_ai/domain/models/atlas_ai_memory.dart
features/atlas_ai/domain/services/atlas_ai_action_tracking_service.dart,features/atlas_ai/domain/models/atlas_ai_response.dart
features/atlas_ai/domain/services/atlas_ai_action_tracking_service.dart,features/atlas_ai/domain/models/atlas_ai_tracked_action.dart
features/atlas_ai/domain/services/atlas_ai_context_service.dart,features/atlas_ai/domain/models/atlas_ai_farm_context.dart
features/atlas_ai/domain/services/atlas_ai_context_service.dart,features/diagnostics/domain/models/atlas_diagnostic_data.dart
features/atlas_ai/domain/services/atlas_ai_context_service.dart,features/farm/domain/services/atlas_farm_intelligence_service.dart
features/atlas_ai/domain/services/atlas_ai_context_service.dart,features/predictive/domain/models/atlas_predictive_scenario.dart
features/atlas_ai/domain/services/atlas_ai_memory_service.dart,features/atlas_ai/data/services/atlas_ai_conversation_storage_service.dart
features/atlas_ai/domain/services/atlas_ai_memory_service.dart,features/atlas_ai/domain/models/atlas_ai_memory.dart
features/atlas_ai/domain/services/atlas_ai_memory_service.dart,features/atlas_ai/domain/models/atlas_ai_response.dart
features/atlas_ai/domain/services/atlas_ai_memory_service.dart,features/farm/domain/services/atlas_farm_intelligence_service.dart
features/atlas_ai/domain/services/atlas_ai_operation_actions_service.dart,features/atlas_ai/domain/models/atlas_ai_operation_actions.dart
features/atlas_ai/domain/services/atlas_ai_operation_actions_service.dart,features/atlas_ai/domain/models/atlas_ai_tracked_action.dart
features/atlas_ai/domain/services/atlas_ai_operation_actions_service.dart,features/farm/domain/services/atlas_farm_intelligence_service.dart
features/atlas_ai/domain/services/atlas_ai_response_service.dart,features/atlas_ai/domain/models/atlas_ai_farm_context.dart
features/atlas_ai/domain/services/atlas_ai_response_service.dart,features/atlas_ai/domain/models/atlas_ai_response.dart
features/atlas_ai/domain/services/atlas_ai_response_service.dart,features/atlas_ai/domain/models/atlas_ai_tracked_action.dart
features/atlas_ai/domain/services/atlas_ai_response_service.dart,features/diagnostics/domain/models/atlas_diagnostic_data.dart
features/atlas_ai/domain/services/atlas_ai_response_service.dart,features/farm/domain/services/atlas_farm_intelligence_service.dart
features/atlas_ai/domain/services/atlas_ai_response_service.dart,features/predictive/domain/models/atlas_predictive_scenario.dart
features/atlas_ai/presentation/screens/atlas_ai_operation_actions_screen.dart,features/atlas_ai/domain/models/atlas_ai_operation_actions.dart
features/atlas_ai/presentation/screens/atlas_ai_operation_actions_screen.dart,features/atlas_ai/domain/models/atlas_ai_tracked_action.dart
features/atlas_ai/presentation/screens/atlas_ai_operation_actions_screen.dart,features/farm/domain/services/atlas_farm_intelligence_service.dart
features/atlas_ai/presentation/screens/atlas_ai_screen.dart,features/atlas_ai/data/services/atlas_ai_conversation_storage_service.dart
features/atlas_ai/presentation/screens/atlas_ai_screen.dart,features/atlas_ai/data/services/atlas_ai_tracked_action_storage_service.dart
features/atlas_ai/presentation/screens/atlas_ai_screen.dart,features/atlas_ai/domain/models/atlas_ai_farm_context.dart
features/atlas_ai/presentation/screens/atlas_ai_screen.dart,features/atlas_ai/domain/models/atlas_ai_memory.dart
features/atlas_ai/presentation/screens/atlas_ai_screen.dart,features/atlas_ai/domain/models/atlas_ai_response.dart
features/atlas_ai/presentation/screens/atlas_ai_screen.dart,features/atlas_ai/domain/models/atlas_ai_tracked_action.dart
features/atlas_ai/presentation/screens/atlas_ai_screen.dart,features/atlas_ai/domain/services/atlas_ai_action_tracking_service.dart
features/atlas_ai/presentation/screens/atlas_ai_screen.dart,features/atlas_ai/domain/services/atlas_ai_memory_service.dart
features/atlas_ai/presentation/screens/atlas_ai_screen.dart,features/atlas_ai/domain/services/atlas_ai_response_service.dart
features/atlas_ai/presentation/screens/atlas_ai_screen.dart,features/diagnostics/domain/models/atlas_diagnostic_data.dart
features/atlas_ai/presentation/screens/atlas_ai_screen.dart,features/farm/domain/services/atlas_farm_intelligence_service.dart
features/atlas_bi/data/services/atlas_bi_loader_service.dart,features/atlas_bi/domain/models/atlas_bi_data.dart
features/atlas_bi/data/services/atlas_bi_loader_service.dart,features/executive_goals/domain/models/atlas_executive_goal.dart
features/atlas_bi/data/services/atlas_bi_loader_service.dart,features/executive_goals/domain/models/atlas_executive_goal_history.dart
features/atlas_bi/data/services/atlas_bi_loader_service.dart,features/executive_kpis/domain/models/atlas_executive_kpi.dart
features/atlas_bi/data/services/atlas_bi_loader_service.dart,features/executive_kpis/domain/models/atlas_executive_kpi_history.dart
features/atlas_bi/data/services/atlas_bi_loader_service.dart,features/strategy_center/domain/models/atlas_strategy_data.dart
features/atlas_bi/domain/models/atlas_bi_benchmark.dart,features/atlas_bi/domain/models/atlas_bi_data.dart
features/atlas_bi/domain/models/atlas_bi_forecast.dart,features/atlas_bi/domain/models/atlas_bi_data.dart
features/atlas_bi/domain/models/atlas_bi_management_summary.dart,features/atlas_bi/domain/models/atlas_bi_data.dart
features/atlas_bi/domain/services/atlas_bi_benchmark_service.dart,features/atlas_bi/domain/models/atlas_bi_benchmark.dart
features/atlas_bi/domain/services/atlas_bi_benchmark_service.dart,features/atlas_bi/domain/models/atlas_bi_data.dart
features/atlas_bi/domain/services/atlas_bi_forecast_service.dart,features/atlas_bi/domain/models/atlas_bi_data.dart
features/atlas_bi/domain/services/atlas_bi_forecast_service.dart,features/atlas_bi/domain/models/atlas_bi_forecast.dart
features/atlas_bi/domain/services/atlas_bi_management_service.dart,features/atlas_bi/domain/models/atlas_bi_data.dart
features/atlas_bi/domain/services/atlas_bi_management_service.dart,features/atlas_bi/domain/models/atlas_bi_management_summary.dart
features/atlas_bi/domain/services/atlas_bi_service.dart,features/atlas_bi/domain/models/atlas_bi_data.dart
features/atlas_bi/presentation/screens/atlas_bi_benchmark_screen.dart,features/atlas_bi/domain/models/atlas_bi_benchmark.dart
features/atlas_bi/presentation/screens/atlas_bi_benchmark_screen.dart,features/atlas_bi/domain/models/atlas_bi_data.dart
features/atlas_bi/presentation/screens/atlas_bi_benchmark_screen.dart,features/atlas_bi/domain/services/atlas_bi_benchmark_service.dart
features/atlas_bi/presentation/screens/atlas_bi_forecast_screen.dart,features/atlas_bi/domain/models/atlas_bi_data.dart
features/atlas_bi/presentation/screens/atlas_bi_forecast_screen.dart,features/atlas_bi/domain/models/atlas_bi_forecast.dart
features/atlas_bi/presentation/screens/atlas_bi_hub_screen.dart,features/atlas_bi/domain/models/atlas_bi_benchmark.dart
features/atlas_bi/presentation/screens/atlas_bi_hub_screen.dart,features/atlas_bi/domain/models/atlas_bi_data.dart
features/atlas_bi/presentation/screens/atlas_bi_hub_screen.dart,features/atlas_bi/domain/models/atlas_bi_forecast.dart
features/atlas_bi/presentation/screens/atlas_bi_hub_screen.dart,features/atlas_bi/domain/models/atlas_bi_management_summary.dart
features/atlas_bi/presentation/screens/atlas_bi_hub_screen.dart,features/atlas_bi/domain/services/atlas_bi_benchmark_service.dart
features/atlas_bi/presentation/screens/atlas_bi_hub_screen.dart,features/atlas_bi/domain/services/atlas_bi_forecast_service.dart
features/atlas_bi/presentation/screens/atlas_bi_hub_screen.dart,features/atlas_bi/domain/services/atlas_bi_management_service.dart
features/atlas_bi/presentation/screens/atlas_bi_hub_screen.dart,features/atlas_bi/presentation/screens/atlas_bi_benchmark_screen.dart
features/atlas_bi/presentation/screens/atlas_bi_hub_screen.dart,features/atlas_bi/presentation/screens/atlas_bi_forecast_screen.dart
features/atlas_bi/presentation/screens/atlas_bi_hub_screen.dart,features/atlas_bi/presentation/screens/atlas_bi_management_dashboard_screen.dart
features/atlas_bi/presentation/screens/atlas_bi_hub_screen.dart,features/atlas_bi/presentation/screens/atlas_bi_screen.dart
features/atlas_bi/presentation/screens/atlas_bi_hub_screen.dart,features/atlas_bi_analytics/domain/models/atlas_bi_analytics_data.dart
features/atlas_bi/presentation/screens/atlas_bi_hub_screen.dart,features/atlas_bi_analytics/domain/services/atlas_bi_analytics_service.dart
features/atlas_bi/presentation/screens/atlas_bi_hub_screen.dart,features/atlas_bi_analytics/presentation/screens/atlas_bi_analytics_screen.dart
features/atlas_bi/presentation/screens/atlas_bi_hub_screen.dart,features/decision_engine/domain/models/atlas_decision_engine_data.dart
features/atlas_bi/presentation/screens/atlas_bi_hub_screen.dart,features/decision_engine/domain/services/atlas_decision_engine_service.dart
features/atlas_bi/presentation/screens/atlas_bi_hub_screen.dart,features/decision_engine/presentation/screens/atlas_decision_engine_screen.dart
features/atlas_bi/presentation/screens/atlas_bi_hub_screen.dart,features/decision_engine_v2/domain/models/atlas_decision_engine_v2_data.dart
features/atlas_bi/presentation/screens/atlas_bi_hub_screen.dart,features/decision_engine_v2/domain/services/atlas_decision_engine_v2_service.dart
features/atlas_bi/presentation/screens/atlas_bi_hub_screen.dart,features/decision_engine_v2/presentation/screens/atlas_decision_engine_v2_screen.dart
features/atlas_bi/presentation/screens/atlas_bi_hub_screen.dart,features/executive_ai_advisor/domain/models/atlas_executive_ai_advisor_data.dart
features/atlas_bi/presentation/screens/atlas_bi_hub_screen.dart,features/executive_ai_advisor/domain/services/atlas_executive_ai_advisor_service.dart
features/atlas_bi/presentation/screens/atlas_bi_hub_screen.dart,features/executive_ai_advisor/presentation/screens/atlas_executive_ai_advisor_screen.dart
features/atlas_bi/presentation/screens/atlas_bi_hub_screen.dart,features/executive_intelligence/domain/models/atlas_executive_intelligence_data.dart
features/atlas_bi/presentation/screens/atlas_bi_hub_screen.dart,features/executive_intelligence/domain/services/atlas_executive_intelligence_service.dart
features/atlas_bi/presentation/screens/atlas_bi_hub_screen.dart,features/executive_intelligence/presentation/screens/atlas_executive_intelligence_screen.dart
features/atlas_bi/presentation/screens/atlas_bi_hub_screen.dart,features/mission_control/domain/models/atlas_mission_control_data.dart
features/atlas_bi/presentation/screens/atlas_bi_hub_screen.dart,features/mission_control/domain/services/atlas_mission_control_service.dart
features/atlas_bi/presentation/screens/atlas_bi_hub_screen.dart,features/mission_control/presentation/screens/atlas_mission_control_screen.dart
features/atlas_bi/presentation/screens/atlas_bi_hub_screen.dart,features/predictive_analytics/domain/models/atlas_predictive_analytics_data.dart
features/atlas_bi/presentation/screens/atlas_bi_hub_screen.dart,features/predictive_analytics/domain/services/atlas_predictive_analytics_service.dart
features/atlas_bi/presentation/screens/atlas_bi_hub_screen.dart,features/predictive_analytics/presentation/screens/atlas_predictive_analytics_screen.dart
features/atlas_bi/presentation/screens/atlas_bi_hub_screen.dart,features/workflow_engine/domain/models/atlas_workflow_data.dart
features/atlas_bi/presentation/screens/atlas_bi_hub_screen.dart,features/workflow_engine/domain/services/atlas_workflow_service.dart
features/atlas_bi/presentation/screens/atlas_bi_management_dashboard_screen.dart,features/atlas_bi/domain/models/atlas_bi_data.dart
features/atlas_bi/presentation/screens/atlas_bi_management_dashboard_screen.dart,features/atlas_bi/domain/models/atlas_bi_management_summary.dart
features/atlas_bi/presentation/screens/atlas_bi_screen.dart,features/atlas_bi/domain/models/atlas_bi_data.dart
features/atlas_bi_analytics/domain/models/atlas_bi_analytics_data.dart,features/atlas_bi/domain/models/atlas_bi_data.dart
features/atlas_bi_analytics/domain/services/atlas_bi_analytics_service.dart,features/atlas_bi/domain/models/atlas_bi_data.dart
features/atlas_bi_analytics/domain/services/atlas_bi_analytics_service.dart,features/atlas_bi_analytics/domain/models/atlas_bi_analytics_data.dart
features/atlas_bi_analytics/presentation/screens/atlas_bi_analytics_screen.dart,features/atlas_bi/domain/models/atlas_bi_data.dart
features/atlas_bi_analytics/presentation/screens/atlas_bi_analytics_screen.dart,features/atlas_bi_analytics/domain/models/atlas_bi_analytics_data.dart
features/atlas_copilot/domain/models/atlas_copilot_data.dart,features/atlas_bi/domain/models/atlas_bi_data.dart
features/atlas_copilot/domain/services/atlas_legacy_copilot_service.dart,features/atlas_bi/domain/models/atlas_bi_benchmark.dart
features/atlas_copilot/domain/services/atlas_legacy_copilot_service.dart,features/atlas_bi/domain/models/atlas_bi_data.dart
features/atlas_copilot/domain/services/atlas_legacy_copilot_service.dart,features/atlas_bi/domain/models/atlas_bi_forecast.dart
features/atlas_copilot/domain/services/atlas_legacy_copilot_service.dart,features/atlas_bi_analytics/domain/models/atlas_bi_analytics_data.dart
features/atlas_copilot/domain/services/atlas_legacy_copilot_service.dart,features/atlas_copilot/domain/models/atlas_copilot_data.dart
features/atlas_copilot/presentation/screens/atlas_legacy_copilot_screen.dart,features/atlas_copilot/domain/models/atlas_copilot_data.dart
features/atlas_intelligence/domain/services/atlas_intelligence_service.dart,features/atlas_intelligence/domain/models/atlas_intelligence_data.dart
features/atlas_intelligence/domain/services/atlas_intelligence_service.dart,features/atlas_os/domain/models/atlas_os_data.dart
features/atlas_intelligence/presentation/screens/atlas_intelligence_screen.dart,features/atlas_intelligence/domain/models/atlas_intelligence_data.dart
features/atlas_os/domain/services/atlas_os_service.dart,features/atlas_os/domain/models/atlas_os_data.dart
features/atlas_os/domain/services/atlas_os_service.dart,features/mission_control/domain/models/atlas_mission_control_data.dart
features/atlas_os/presentation/screens/atlas_os_screen.dart,core/reactivity/atlas_reactive_intelligence.dart
features/atlas_os/presentation/screens/atlas_os_screen.dart,core/reactivity/atlas_reactive_runtime.dart
features/atlas_os/presentation/screens/atlas_os_screen.dart,features/atlas_os/domain/models/atlas_os_data.dart
features/atlas_os/presentation/screens/atlas_os_screen.dart,features/executive_brain/domain/models/atlas_executive_brain_data.dart
features/authentication/presentation/screens/login_screen.dart,features/dashboard/presentation/screens/dashboard_screen.dart
features/autonomous_consultant/domain/models/atlas_consultant_report.dart,features/digital_twin/domain/models/atlas_digital_twin.dart
features/autonomous_consultant/domain/models/atlas_consultant_report.dart,features/optimization_engine/domain/models/atlas_optimization_result.dart
features/autonomous_consultant/domain/services/atlas_autonomous_consultant_service.dart,features/autonomous_consultant/domain/models/atlas_consultant_report.dart
features/autonomous_consultant/domain/services/atlas_autonomous_consultant_service.dart,features/digital_twin/domain/models/atlas_digital_twin.dart
features/autonomous_consultant/domain/services/atlas_autonomous_consultant_service.dart,features/optimization_engine/domain/models/atlas_optimization_request.dart
features/autonomous_consultant/domain/services/atlas_autonomous_consultant_service.dart,features/optimization_engine/domain/models/atlas_optimization_result.dart
features/autonomous_consultant/domain/services/atlas_autonomous_consultant_service.dart,features/optimization_engine/domain/services/atlas_optimization_engine.dart
features/autonomous_consultant/presentation/screens/atlas_autonomous_consultant_screen.dart,features/autonomous_consultant/domain/models/atlas_consultant_report.dart
features/autonomous_consultant/presentation/screens/atlas_autonomous_consultant_screen.dart,features/autonomous_consultant/domain/services/atlas_autonomous_consultant_service.dart
features/autonomous_consultant/presentation/screens/atlas_autonomous_consultant_screen.dart,features/digital_twin/domain/models/atlas_digital_twin.dart
features/autonomous_consultant/presentation/screens/atlas_autonomous_consultant_screen.dart,features/digital_twin/domain/services/atlas_digital_twin_service.dart
features/autonomous_consultant/presentation/screens/atlas_autonomous_consultant_screen.dart,features/farm_audit/presentation/screens/atlas_farm_audit_screen.dart
features/autonomous_consultant/presentation/screens/atlas_autonomous_consultant_screen.dart,features/optimization_engine/presentation/screens/atlas_optimization_result_screen.dart
features/autonomous_consultant/presentation/screens/atlas_autonomous_consultant_screen.dart,features/recommendation_intelligence/presentation/screens/atlas_recommendation_intelligence_screen.dart
features/benefits_realization/data/services/atlas_benefits_realization_repository.dart,features/benefits_realization/domain/models/atlas_benefit_realization.dart
features/benefits_realization/domain/models/atlas_benefit_realization.dart,features/decision_intelligence_lab/domain/models/atlas_decision_scenario.dart
features/benefits_realization/domain/models/atlas_benefit_realization.dart,features/farm_audit/domain/models/atlas_farm_audit.dart
features/benefits_realization/domain/services/atlas_benefits_realization_engine.dart,features/benefits_realization/domain/models/atlas_benefit_realization.dart
features/benefits_realization/domain/services/atlas_benefits_realization_engine.dart,features/strategy_execution/domain/models/atlas_strategy_execution_plan.dart
features/benefits_realization/presentation/screens/atlas_benefits_realization_screen.dart,features/benefits_realization/data/services/atlas_benefits_realization_repository.dart
features/benefits_realization/presentation/screens/atlas_benefits_realization_screen.dart,features/benefits_realization/domain/models/atlas_benefit_realization.dart
features/benefits_realization/presentation/screens/atlas_benefits_realization_screen.dart,features/benefits_realization/domain/services/atlas_benefits_realization_engine.dart
features/benefits_realization/presentation/screens/atlas_benefits_realization_screen.dart,features/strategy_execution/data/services/atlas_strategy_execution_repository.dart
features/benefits_realization/presentation/screens/atlas_benefits_realization_screen.dart,features/strategy_execution/domain/models/atlas_strategy_execution_plan.dart
features/benefits_realization/presentation/screens/atlas_benefits_realization_screen.dart,features/value_governance/presentation/screens/atlas_value_governance_screen.dart
features/command_center/data/services/atlas_command_repository.dart,features/command_center/domain/models/atlas_command_center_data.dart
features/command_center/domain/services/atlas_command_engine.dart,features/command_center/domain/models/atlas_command_center_data.dart
features/command_center/presentation/screens/atlas_command_center_screen.dart,features/command_center/data/services/atlas_command_repository.dart
features/command_center/presentation/screens/atlas_command_center_screen.dart,features/command_center/domain/models/atlas_command_center_data.dart
features/command_center/presentation/screens/atlas_command_center_screen.dart,features/command_center/domain/services/atlas_command_engine.dart
features/consultancy_hub/data/services/atlas_consultancy_repository.dart,features/consultancy_hub/domain/models/atlas_consultancy_record.dart
features/consultancy_hub/domain/services/atlas_consultancy_engine.dart,features/consultancy_hub/domain/models/atlas_consultancy_record.dart
features/consultancy_hub/presentation/screens/atlas_consultancy_dashboard.dart,features/consultancy_hub/data/services/atlas_consultancy_repository.dart
features/consultancy_hub/presentation/screens/atlas_consultancy_dashboard.dart,features/consultancy_hub/domain/models/atlas_consultancy_record.dart
features/consultancy_hub/presentation/screens/atlas_consultancy_dashboard.dart,features/consultancy_hub/domain/services/atlas_consultancy_engine.dart
features/consultancy_workflow/data/services/atlas_consultancy_workflow_repository.dart,features/consultancy_workflow/domain/models/atlas_consultancy_case.dart
features/consultancy_workflow/domain/services/atlas_consultancy_workflow_engine.dart,features/consultancy_workflow/domain/models/atlas_consultancy_case.dart
features/consultancy_workflow/presentation/screens/atlas_consultancy_workflow_screen.dart,features/consultancy_workflow/data/services/atlas_consultancy_workflow_repository.dart
features/consultancy_workflow/presentation/screens/atlas_consultancy_workflow_screen.dart,features/consultancy_workflow/domain/models/atlas_consultancy_case.dart
features/consultancy_workflow/presentation/screens/atlas_consultancy_workflow_screen.dart,features/consultancy_workflow/domain/services/atlas_consultancy_workflow_engine.dart
features/continuous_improvement/data/services/atlas_improvement_history_service.dart,features/continuous_improvement/domain/models/atlas_improvement_cycle.dart
features/continuous_improvement/domain/models/atlas_improvement_cycle.dart,features/farm_audit/domain/models/atlas_farm_audit.dart
features/continuous_improvement/domain/services/atlas_continuous_improvement_engine.dart,features/action_plan/domain/models/atlas_action_plan.dart
features/continuous_improvement/domain/services/atlas_continuous_improvement_engine.dart,features/continuous_improvement/domain/models/atlas_improvement_cycle.dart
features/continuous_improvement/domain/services/atlas_continuous_improvement_engine.dart,features/farm_audit/domain/models/atlas_farm_audit.dart
features/continuous_improvement/domain/services/atlas_continuous_improvement_engine.dart,features/performance_center/domain/models/atlas_performance_snapshot.dart
features/continuous_improvement/presentation/screens/atlas_continuous_improvement_screen.dart,features/action_plan/data/services/atlas_action_plan_storage_service.dart
features/continuous_improvement/presentation/screens/atlas_continuous_improvement_screen.dart,features/action_plan/domain/models/atlas_action_plan.dart
features/continuous_improvement/presentation/screens/atlas_continuous_improvement_screen.dart,features/continuous_improvement/data/services/atlas_improvement_history_service.dart
features/continuous_improvement/presentation/screens/atlas_continuous_improvement_screen.dart,features/continuous_improvement/domain/models/atlas_improvement_cycle.dart
features/continuous_improvement/presentation/screens/atlas_continuous_improvement_screen.dart,features/continuous_improvement/domain/services/atlas_continuous_improvement_engine.dart
features/continuous_improvement/presentation/screens/atlas_continuous_improvement_screen.dart,features/farm_audit/data/services/atlas_farm_audit_history_service.dart
features/continuous_improvement/presentation/screens/atlas_continuous_improvement_screen.dart,features/farm_audit/domain/models/atlas_farm_audit.dart
features/continuous_improvement/presentation/screens/atlas_continuous_improvement_screen.dart,features/knowledge_learning/presentation/screens/atlas_knowledge_learning_screen.dart
features/continuous_improvement/presentation/screens/atlas_continuous_improvement_screen.dart,features/performance_center/domain/models/atlas_performance_snapshot.dart
features/continuous_improvement/presentation/screens/atlas_continuous_improvement_screen.dart,features/performance_center/domain/services/atlas_performance_engine.dart
features/copilot/data/services/atlas_copilot_feedback_analytics_service.dart,features/copilot/data/services/atlas_copilot_history_storage_service.dart
features/copilot/data/services/atlas_copilot_feedback_analytics_service.dart,features/copilot/domain/models/atlas_copilot_feedback_analytics.dart
features/copilot/data/services/atlas_copilot_feedback_analytics_service.dart,features/copilot/domain/models/atlas_copilot_message.dart
features/copilot/data/services/atlas_copilot_feedback_analytics_service.dart,features/dashboard/domain/services/atlas_copilot_service.dart
features/copilot/data/services/atlas_copilot_history_storage_service.dart,features/copilot/domain/models/atlas_copilot_conversation_summary.dart
features/copilot/data/services/atlas_copilot_history_storage_service.dart,features/copilot/domain/models/atlas_copilot_message.dart
features/copilot/data/services/atlas_copilot_improvement_service.dart,features/copilot/domain/models/atlas_copilot_feedback_analytics.dart
features/copilot/data/services/atlas_copilot_improvement_service.dart,features/copilot/domain/models/atlas_copilot_improvement_plan.dart
features/copilot/data/services/atlas_copilot_improvement_service.dart,features/dashboard/domain/services/atlas_copilot_service.dart
features/copilot/domain/models/atlas_copilot_feedback_analytics.dart,features/copilot/domain/models/atlas_copilot_message.dart
features/copilot/domain/models/atlas_copilot_feedback_analytics.dart,features/dashboard/domain/services/atlas_copilot_service.dart
features/copilot/domain/models/atlas_copilot_improvement_plan.dart,features/dashboard/domain/services/atlas_copilot_service.dart
features/copilot/domain/models/atlas_copilot_message.dart,features/dashboard/domain/services/atlas_copilot_service.dart
features/copilot/domain/services/atlas_copilot_context_service.dart,core/contracts/atlas_canonical_types.dart
features/copilot/domain/services/atlas_copilot_context_service.dart,core/services/atlas_canonical_operations_service.dart
features/copilot/domain/services/atlas_copilot_context_service.dart,features/copilot/domain/models/atlas_copilot_context_snapshot.dart
features/copilot/domain/services/atlas_copilot_context_service.dart,features/executive_brain/domain/models/atlas_executive_brain_data.dart
features/copilot/presentation/controllers/atlas_copilot_controller.dart,features/copilot/data/services/atlas_copilot_history_storage_service.dart
features/copilot/presentation/controllers/atlas_copilot_controller.dart,features/copilot/domain/models/atlas_copilot_message.dart
features/copilot/presentation/controllers/atlas_copilot_controller.dart,features/dashboard/domain/services/atlas_copilot_service.dart
features/copilot/presentation/controllers/atlas_copilot_controller.dart,features/dashboard/domain/services/atlas_operations_intelligence_service.dart
features/copilot/presentation/controllers/atlas_copilot_controller.dart,features/farm/domain/services/atlas_farm_intelligence_service.dart
features/copilot/presentation/screens/atlas_copilot_conversation_viewer_screen.dart,features/copilot/data/services/atlas_copilot_history_storage_service.dart
features/copilot/presentation/screens/atlas_copilot_conversation_viewer_screen.dart,features/copilot/domain/models/atlas_copilot_conversation_summary.dart
features/copilot/presentation/screens/atlas_copilot_conversation_viewer_screen.dart,features/copilot/domain/models/atlas_copilot_message.dart
features/copilot/presentation/screens/atlas_copilot_conversation_viewer_screen.dart,features/dashboard/domain/services/atlas_copilot_service.dart
features/copilot/presentation/screens/atlas_copilot_feedback_analytics_screen.dart,features/copilot/data/services/atlas_copilot_feedback_analytics_service.dart
features/copilot/presentation/screens/atlas_copilot_feedback_analytics_screen.dart,features/copilot/domain/models/atlas_copilot_feedback_analytics.dart
features/copilot/presentation/screens/atlas_copilot_feedback_analytics_screen.dart,features/copilot/domain/models/atlas_copilot_message.dart
features/copilot/presentation/screens/atlas_copilot_feedback_analytics_screen.dart,features/copilot/presentation/screens/atlas_copilot_improvement_screen.dart
features/copilot/presentation/screens/atlas_copilot_feedback_analytics_screen.dart,features/dashboard/domain/services/atlas_copilot_service.dart
features/copilot/presentation/screens/atlas_copilot_history_screen.dart,features/copilot/data/services/atlas_copilot_history_storage_service.dart
features/copilot/presentation/screens/atlas_copilot_history_screen.dart,features/copilot/domain/models/atlas_copilot_conversation_summary.dart
features/copilot/presentation/screens/atlas_copilot_history_screen.dart,features/copilot/presentation/screens/atlas_copilot_conversation_viewer_screen.dart
features/copilot/presentation/screens/atlas_copilot_improvement_screen.dart,features/copilot/data/services/atlas_copilot_feedback_analytics_service.dart
features/copilot/presentation/screens/atlas_copilot_improvement_screen.dart,features/copilot/data/services/atlas_copilot_improvement_service.dart
features/copilot/presentation/screens/atlas_copilot_improvement_screen.dart,features/copilot/domain/models/atlas_copilot_improvement_plan.dart
features/copilot/presentation/screens/atlas_copilot_screen.dart,core/reactivity/atlas_reactive_intelligence.dart
features/copilot/presentation/screens/atlas_copilot_screen.dart,core/reactivity/atlas_reactive_runtime.dart
features/copilot/presentation/screens/atlas_copilot_screen.dart,core/services/atlas_canonical_operations_service.dart
features/copilot/presentation/screens/atlas_copilot_screen.dart,features/copilot/domain/models/atlas_copilot_context_snapshot.dart
features/copilot/presentation/screens/atlas_copilot_screen.dart,features/copilot/domain/models/atlas_copilot_message.dart
features/copilot/presentation/screens/atlas_copilot_screen.dart,features/copilot/domain/services/atlas_copilot_context_service.dart
features/copilot/presentation/screens/atlas_copilot_screen.dart,features/copilot/presentation/controllers/atlas_copilot_controller.dart
features/copilot/presentation/screens/atlas_copilot_screen.dart,features/copilot/presentation/screens/atlas_copilot_feedback_analytics_screen.dart
features/copilot/presentation/screens/atlas_copilot_screen.dart,features/copilot/presentation/screens/atlas_copilot_history_screen.dart
features/copilot/presentation/screens/atlas_copilot_screen.dart,features/copilot/presentation/widgets/copilot_chat_bubble.dart
features/copilot/presentation/screens/atlas_copilot_screen.dart,features/copilot/presentation/widgets/copilot_input_bar.dart
features/copilot/presentation/screens/atlas_copilot_screen.dart,features/copilot/presentation/widgets/copilot_suggestions.dart
features/copilot/presentation/screens/atlas_copilot_screen.dart,features/dashboard/domain/services/atlas_copilot_service.dart
features/copilot/presentation/screens/atlas_copilot_screen.dart,features/dashboard/domain/services/atlas_operations_intelligence_service.dart
features/copilot/presentation/screens/atlas_copilot_screen.dart,features/executive_brain/domain/models/atlas_executive_brain_data.dart
features/copilot/presentation/screens/atlas_copilot_screen.dart,features/farm/domain/services/atlas_farm_intelligence_service.dart
features/copilot/presentation/widgets/copilot_chat_bubble.dart,features/copilot/domain/models/atlas_copilot_message.dart
features/copilot/presentation/widgets/copilot_chat_bubble.dart,features/dashboard/domain/services/atlas_copilot_service.dart
features/dashboard/data/services/executive_dashboard_excel_service.dart,features/dashboard/domain/models/executive_dashboard_data.dart
features/dashboard/data/services/executive_dashboard_excel_service.dart,features/dashboard/domain/services/executive_opinion_service.dart
features/dashboard/data/services/executive_dashboard_pdf_service.dart,features/dashboard/domain/models/executive_dashboard_data.dart
features/dashboard/data/services/executive_dashboard_pdf_service.dart,features/dashboard/domain/services/executive_opinion_service.dart
features/dashboard/data/services/executive_opinion_pdf_service.dart,features/dashboard/domain/services/executive_opinion_service.dart
features/dashboard/domain/services/atlas_copilot_service.dart,features/dashboard/domain/services/atlas_operations_intelligence_service.dart
features/dashboard/domain/services/atlas_copilot_service.dart,features/farm/domain/services/atlas_farm_intelligence_service.dart
features/dashboard/domain/services/atlas_operations_intelligence_service.dart,features/dashboard/domain/models/executive_decision_data.dart
features/dashboard/domain/services/decision_assistant_engine.dart,features/dashboard/domain/models/executive_decision_data.dart
features/dashboard/domain/services/decision_assistant_engine.dart,features/dashboard/domain/services/decision_priority_engine.dart
features/dashboard/domain/services/decision_assistant_engine.dart,features/dashboard/domain/services/decision_score_engine.dart
features/dashboard/domain/services/decision_heatmap_engine.dart,features/dashboard/domain/models/executive_decision_data.dart
features/dashboard/domain/services/decision_heatmap_engine.dart,features/dashboard/domain/services/decision_score_engine.dart
features/dashboard/domain/services/decision_heatmap_engine.dart,features/reports/domain/models/report_action_item_data.dart
features/dashboard/domain/services/decision_prediction_engine.dart,features/dashboard/domain/models/executive_decision_data.dart
features/dashboard/domain/services/decision_prediction_engine.dart,features/dashboard/domain/services/decision_score_engine.dart
features/dashboard/domain/services/decision_prediction_engine.dart,features/reports/domain/models/report_action_history_data.dart
features/dashboard/domain/services/decision_prediction_engine.dart,features/reports/domain/models/report_action_item_data.dart
features/dashboard/domain/services/decision_priority_engine.dart,features/dashboard/domain/models/executive_decision_data.dart
features/dashboard/domain/services/decision_priority_engine.dart,features/dashboard/domain/services/decision_score_engine.dart
features/dashboard/domain/services/decision_priority_engine.dart,features/reports/domain/models/report_action_item_data.dart
features/dashboard/domain/services/decision_scenario_simulator.dart,features/dashboard/domain/models/executive_decision_data.dart
features/dashboard/domain/services/decision_score_engine.dart,features/dashboard/domain/models/executive_decision_data.dart
features/dashboard/domain/services/decision_score_engine.dart,features/reports/domain/models/report_action_history_data.dart
features/dashboard/domain/services/decision_score_engine.dart,features/reports/domain/models/report_action_item_data.dart
features/dashboard/domain/services/executive_dashboard_service.dart,features/dashboard/domain/models/executive_dashboard_data.dart
features/dashboard/domain/services/executive_dashboard_service.dart,features/reports/domain/models/report_action_history_data.dart
features/dashboard/domain/services/executive_dashboard_service.dart,features/reports/domain/models/report_action_item_data.dart
features/dashboard/domain/services/executive_decision_service.dart,features/dashboard/domain/models/executive_decision_data.dart
features/dashboard/domain/services/executive_decision_service.dart,features/dashboard/domain/services/decision_assistant_engine.dart
features/dashboard/domain/services/executive_decision_service.dart,features/dashboard/domain/services/decision_heatmap_engine.dart
features/dashboard/domain/services/executive_decision_service.dart,features/dashboard/domain/services/decision_prediction_engine.dart
features/dashboard/domain/services/executive_decision_service.dart,features/dashboard/domain/services/decision_priority_engine.dart
features/dashboard/domain/services/executive_decision_service.dart,features/dashboard/domain/services/decision_score_engine.dart
features/dashboard/domain/services/executive_decision_service.dart,features/reports/domain/models/report_action_history_data.dart
features/dashboard/domain/services/executive_decision_service.dart,features/reports/domain/models/report_action_item_data.dart
features/dashboard/domain/services/executive_opinion_service.dart,features/dashboard/domain/models/executive_dashboard_data.dart
features/dashboard/presentation/screens/atlas_operations_intelligence_screen.dart,features/dashboard/domain/models/executive_decision_data.dart
features/dashboard/presentation/screens/atlas_operations_intelligence_screen.dart,features/dashboard/domain/services/atlas_operations_intelligence_service.dart
features/dashboard/presentation/screens/dashboard_screen.dart,features/animal_health/presentation/screens/health_overview_screen.dart
features/dashboard/presentation/screens/dashboard_screen.dart,features/animal_reproduction/presentation/screens/reproduction_overview_screen.dart
features/dashboard/presentation/screens/dashboard_screen.dart,features/dashboard/presentation/screens/executive_dashboard_screen.dart
features/dashboard/presentation/screens/dashboard_screen.dart,features/dashboard/presentation/widgets/dashboard_action_summary_card.dart
features/dashboard/presentation/screens/dashboard_screen.dart,features/farm/data/services/farm_storage_service.dart
features/dashboard/presentation/screens/dashboard_screen.dart,features/farm/domain/models/farm_data.dart
features/dashboard/presentation/screens/dashboard_screen.dart,features/farm/presentation/screens/farm_list_screen.dart
features/dashboard/presentation/screens/dashboard_screen.dart,features/farm_agenda/data/services/farm_agenda_storage_service.dart
features/dashboard/presentation/screens/dashboard_screen.dart,features/farm_agenda/domain/models/farm_agenda_data.dart
features/dashboard/presentation/screens/dashboard_screen.dart,features/farm_agenda/presentation/screens/farm_agenda_list_screen.dart
features/dashboard/presentation/screens/dashboard_screen.dart,features/farm_finance/presentation/screens/finance_overview_screen.dart
features/dashboard/presentation/screens/dashboard_screen.dart,features/farm_inventory/presentation/screens/inventory_overview_screen.dart
features/dashboard/presentation/screens/dashboard_screen.dart,features/herd/presentation/screens/herd_overview_screen.dart
features/dashboard/presentation/screens/dashboard_screen.dart,features/indicators/presentation/screens/indicators_screen.dart
features/dashboard/presentation/screens/dashboard_screen.dart,features/nutrition/presentation/screens/nutrition_overview_screen.dart
features/dashboard/presentation/screens/dashboard_screen.dart,features/reports/data/services/report_action_storage_service.dart
features/dashboard/presentation/screens/dashboard_screen.dart,features/reports/domain/models/report_action_item_data.dart
features/dashboard/presentation/screens/dashboard_screen.dart,features/reports/presentation/screens/report_action_list_screen.dart
features/dashboard/presentation/screens/dashboard_screen.dart,features/reports/presentation/screens/reports_screen.dart
features/dashboard/presentation/screens/dashboard_screen.dart,features/technical_dashboard/presentation/screens/technical_dashboard_screen.dart
features/dashboard/presentation/screens/decision_scenario_simulator_screen.dart,features/dashboard/domain/models/executive_decision_data.dart
features/dashboard/presentation/screens/decision_scenario_simulator_screen.dart,features/dashboard/domain/services/decision_scenario_simulator.dart
features/dashboard/presentation/screens/executive_dashboard_screen.dart,core/event_center/atlas_event_analytics_service.dart
features/dashboard/presentation/screens/executive_dashboard_screen.dart,core/event_center/atlas_event_center_screen.dart
features/dashboard/presentation/screens/executive_dashboard_screen.dart,core/event_center/atlas_event_log_service.dart
features/dashboard/presentation/screens/executive_dashboard_screen.dart,core/foundation/atlas_foundation_center_screen.dart
features/dashboard/presentation/screens/executive_dashboard_screen.dart,core/integration/atlas_integration_core_screen.dart
features/dashboard/presentation/screens/executive_dashboard_screen.dart,core/orchestrator/atlas_orchestrator_dashboard.dart
features/dashboard/presentation/screens/executive_dashboard_screen.dart,core/reactivity/atlas_reactive_intelligence.dart
features/dashboard/presentation/screens/executive_dashboard_screen.dart,core/reactivity/atlas_reactive_runtime.dart
features/dashboard/presentation/screens/executive_dashboard_screen.dart,core/release_candidate/atlas_release_candidate_screen.dart
features/dashboard/presentation/screens/executive_dashboard_screen.dart,core/services/atlas_canonical_operations_service.dart
features/dashboard/presentation/screens/executive_dashboard_screen.dart,core/system_center/atlas_system_center_screen.dart
features/dashboard/presentation/screens/executive_dashboard_screen.dart,features/action_plan/presentation/screens/atlas_action_plan_screen.dart
features/dashboard/presentation/screens/executive_dashboard_screen.dart,features/atlas_ai/data/services/atlas_ai_operation_actions_loader_service.dart
features/dashboard/presentation/screens/executive_dashboard_screen.dart,features/atlas_ai/domain/models/atlas_ai_operation_actions.dart
features/dashboard/presentation/screens/executive_dashboard_screen.dart,features/atlas_ai/domain/services/atlas_ai_operation_actions_service.dart
features/dashboard/presentation/screens/executive_dashboard_screen.dart,features/atlas_ai/presentation/screens/atlas_ai_operation_actions_screen.dart
features/dashboard/presentation/screens/executive_dashboard_screen.dart,features/atlas_bi/data/services/atlas_bi_loader_service.dart
features/dashboard/presentation/screens/executive_dashboard_screen.dart,features/atlas_bi/domain/models/atlas_bi_benchmark.dart
features/dashboard/presentation/screens/executive_dashboard_screen.dart,features/atlas_bi/domain/models/atlas_bi_data.dart
features/dashboard/presentation/screens/executive_dashboard_screen.dart,features/atlas_bi/domain/models/atlas_bi_forecast.dart
features/dashboard/presentation/screens/executive_dashboard_screen.dart,features/atlas_bi/domain/services/atlas_bi_benchmark_service.dart
features/dashboard/presentation/screens/executive_dashboard_screen.dart,features/atlas_bi/domain/services/atlas_bi_forecast_service.dart
features/dashboard/presentation/screens/executive_dashboard_screen.dart,features/atlas_bi/domain/services/atlas_bi_service.dart
features/dashboard/presentation/screens/executive_dashboard_screen.dart,features/atlas_bi/presentation/screens/atlas_bi_hub_screen.dart
features/dashboard/presentation/screens/executive_dashboard_screen.dart,features/atlas_bi_analytics/domain/models/atlas_bi_analytics_data.dart
features/dashboard/presentation/screens/executive_dashboard_screen.dart,features/atlas_bi_analytics/domain/services/atlas_bi_analytics_service.dart
features/dashboard/presentation/screens/executive_dashboard_screen.dart,features/atlas_intelligence/domain/models/atlas_intelligence_data.dart
features/dashboard/presentation/screens/executive_dashboard_screen.dart,features/atlas_intelligence/domain/services/atlas_intelligence_service.dart
features/dashboard/presentation/screens/executive_dashboard_screen.dart,features/atlas_os/domain/models/atlas_os_data.dart
features/dashboard/presentation/screens/executive_dashboard_screen.dart,features/atlas_os/domain/services/atlas_os_service.dart
features/dashboard/presentation/screens/executive_dashboard_screen.dart,features/atlas_os/presentation/screens/atlas_os_screen.dart
features/dashboard/presentation/screens/executive_dashboard_screen.dart,features/autonomous_consultant/presentation/screens/atlas_autonomous_consultant_screen.dart
features/dashboard/presentation/screens/executive_dashboard_screen.dart,features/benefits_realization/presentation/screens/atlas_benefits_realization_screen.dart
features/dashboard/presentation/screens/executive_dashboard_screen.dart,features/command_center/presentation/screens/atlas_command_center_screen.dart
features/dashboard/presentation/screens/executive_dashboard_screen.dart,features/consultancy_hub/presentation/screens/atlas_consultancy_dashboard.dart
features/dashboard/presentation/screens/executive_dashboard_screen.dart,features/consultancy_workflow/presentation/screens/atlas_consultancy_workflow_screen.dart
features/dashboard/presentation/screens/executive_dashboard_screen.dart,features/continuous_improvement/presentation/screens/atlas_continuous_improvement_screen.dart
features/dashboard/presentation/screens/executive_dashboard_screen.dart,features/copilot/presentation/screens/atlas_copilot_screen.dart
features/dashboard/presentation/screens/executive_dashboard_screen.dart,features/dashboard/data/services/executive_dashboard_excel_service.dart
features/dashboard/presentation/screens/executive_dashboard_screen.dart,features/dashboard/domain/models/executive_dashboard_data.dart
features/dashboard/presentation/screens/executive_dashboard_screen.dart,features/dashboard/domain/models/executive_decision_data.dart
features/dashboard/presentation/screens/executive_dashboard_screen.dart,features/dashboard/domain/services/atlas_operations_intelligence_service.dart
features/dashboard/presentation/screens/executive_dashboard_screen.dart,features/dashboard/domain/services/executive_dashboard_service.dart
features/dashboard/presentation/screens/executive_dashboard_screen.dart,features/dashboard/domain/services/executive_decision_service.dart
features/dashboard/presentation/screens/executive_dashboard_screen.dart,features/dashboard/domain/services/executive_opinion_service.dart
features/dashboard/presentation/screens/executive_dashboard_screen.dart,features/dashboard/presentation/screens/atlas_operations_intelligence_screen.dart
features/dashboard/presentation/screens/executive_dashboard_screen.dart,features/dashboard/presentation/screens/executive_decision_center_screen.dart
features/dashboard/presentation/screens/executive_dashboard_screen.dart,features/dashboard/presentation/widgets/executive_opinion_card.dart
features/dashboard/presentation/screens/executive_dashboard_screen.dart,features/data_governance/presentation/screens/atlas_data_governance_screen.dart
features/dashboard/presentation/screens/executive_dashboard_screen.dart,features/decision_engine/domain/models/atlas_decision_engine_data.dart
features/dashboard/presentation/screens/executive_dashboard_screen.dart,features/decision_engine/domain/services/atlas_decision_engine_service.dart
features/dashboard/presentation/screens/executive_dashboard_screen.dart,features/decision_engine_v2/domain/adapters/atlas_decision_engine_v2_contract_adapter.dart
features/dashboard/presentation/screens/executive_dashboard_screen.dart,features/decision_engine_v2/domain/models/atlas_decision_engine_v2_data.dart
features/dashboard/presentation/screens/executive_dashboard_screen.dart,features/decision_engine_v2/domain/services/atlas_decision_engine_v2_service.dart
features/dashboard/presentation/screens/executive_dashboard_screen.dart,features/decision_intelligence_lab/presentation/screens/atlas_decision_intelligence_lab_screen.dart
features/dashboard/presentation/screens/executive_dashboard_screen.dart,features/diagnostics/data/services/atlas_comparative_diagnostic_loader_service.dart
features/dashboard/presentation/screens/executive_dashboard_screen.dart,features/diagnostics/domain/models/atlas_comparative_diagnostic_data.dart
features/dashboard/presentation/screens/executive_dashboard_screen.dart,features/diagnostics/domain/services/atlas_comparative_diagnostic_service.dart
features/dashboard/presentation/screens/executive_dashboard_screen.dart,features/diagnostics/presentation/screens/atlas_comparative_diagnostic_screen.dart
features/dashboard/presentation/screens/executive_dashboard_screen.dart,features/digital_twin/presentation/screens/atlas_digital_twin_screen.dart
features/dashboard/presentation/screens/executive_dashboard_screen.dart,features/enterprise_platform/presentation/screens/atlas_enterprise_platform_screen.dart
features/dashboard/presentation/screens/executive_dashboard_screen.dart,features/executive_ai_advisor/domain/models/atlas_executive_ai_advisor_data.dart
features/dashboard/presentation/screens/executive_dashboard_screen.dart,features/executive_ai_advisor/domain/services/atlas_executive_ai_advisor_service.dart
features/dashboard/presentation/screens/executive_dashboard_screen.dart,features/executive_alerts/data/services/atlas_executive_alert_loader_service.dart
features/dashboard/presentation/screens/executive_dashboard_screen.dart,features/executive_alerts/domain/models/atlas_executive_alert.dart
features/dashboard/presentation/screens/executive_dashboard_screen.dart,features/executive_alerts/domain/services/atlas_executive_alert_service.dart
features/dashboard/presentation/screens/executive_dashboard_screen.dart,features/executive_alerts/presentation/screens/atlas_executive_alerts_screen.dart
features/dashboard/presentation/screens/executive_dashboard_screen.dart,features/executive_brain/domain/models/atlas_executive_brain_data.dart
features/dashboard/presentation/screens/executive_dashboard_screen.dart,features/executive_brain/domain/services/atlas_event_analytics_brain_bridge.dart
features/dashboard/presentation/screens/executive_dashboard_screen.dart,features/executive_brain/domain/services/atlas_executive_brain_canonical_service.dart
features/dashboard/presentation/screens/executive_dashboard_screen.dart,features/executive_brain/presentation/screens/atlas_executive_brain_screen.dart
features/dashboard/presentation/screens/executive_dashboard_screen.dart,features/executive_core/domain/models/atlas_executive_core_data.dart
features/dashboard/presentation/screens/executive_dashboard_screen.dart,features/executive_core/domain/services/atlas_executive_core_service.dart
features/dashboard/presentation/screens/executive_dashboard_screen.dart,features/executive_goals/data/services/atlas_executive_goal_history_storage_service.dart
features/dashboard/presentation/screens/executive_dashboard_screen.dart,features/executive_goals/data/services/atlas_executive_goal_storage_service.dart
features/dashboard/presentation/screens/executive_dashboard_screen.dart,features/executive_goals/domain/models/atlas_executive_goal.dart
features/dashboard/presentation/screens/executive_dashboard_screen.dart,features/executive_goals/domain/models/atlas_executive_goal_history.dart
features/dashboard/presentation/screens/executive_dashboard_screen.dart,features/executive_goals/domain/services/atlas_executive_goal_history_service.dart
features/dashboard/presentation/screens/executive_dashboard_screen.dart,features/executive_goals/domain/services/atlas_executive_goal_service.dart
features/dashboard/presentation/screens/executive_dashboard_screen.dart,features/executive_goals/presentation/screens/atlas_executive_goal_history_screen.dart
features/dashboard/presentation/screens/executive_dashboard_screen.dart,features/executive_goals/presentation/screens/atlas_executive_goals_screen.dart
features/dashboard/presentation/screens/executive_dashboard_screen.dart,features/executive_intelligence/domain/models/atlas_executive_intelligence_data.dart
features/dashboard/presentation/screens/executive_dashboard_screen.dart,features/executive_intelligence/domain/services/atlas_executive_intelligence_service.dart
features/dashboard/presentation/screens/executive_dashboard_screen.dart,features/executive_kpis/data/services/atlas_executive_kpi_history_storage_service.dart
features/dashboard/presentation/screens/executive_dashboard_screen.dart,features/executive_kpis/data/services/atlas_executive_kpi_loader_service.dart
features/dashboard/presentation/screens/executive_dashboard_screen.dart,features/executive_kpis/domain/models/atlas_executive_kpi.dart
features/dashboard/presentation/screens/executive_dashboard_screen.dart,features/executive_kpis/domain/models/atlas_executive_kpi_history.dart
features/dashboard/presentation/screens/executive_dashboard_screen.dart,features/executive_kpis/domain/services/atlas_executive_kpi_history_service.dart
features/dashboard/presentation/screens/executive_dashboard_screen.dart,features/executive_kpis/domain/services/atlas_executive_kpi_service.dart
features/dashboard/presentation/screens/executive_dashboard_screen.dart,features/executive_kpis/presentation/screens/atlas_executive_kpis_screen.dart
features/dashboard/presentation/screens/executive_dashboard_screen.dart,features/farm/domain/models/farm_data.dart
features/dashboard/presentation/screens/executive_dashboard_screen.dart,features/farm/presentation/screens/farm_detail_screen.dart
features/dashboard/presentation/screens/executive_dashboard_screen.dart,features/farm_audit/presentation/screens/atlas_farm_audit_screen.dart
features/dashboard/presentation/screens/executive_dashboard_screen.dart,features/farm_operations/presentation/screens/atlas_operations_center_screen.dart
features/dashboard/presentation/screens/executive_dashboard_screen.dart,features/integration_hub/presentation/screens/atlas_integration_center_screen.dart
features/dashboard/presentation/screens/executive_dashboard_screen.dart,features/investment_capital_allocation/presentation/screens/atlas_investment_capital_screen.dart
features/dashboard/presentation/screens/executive_dashboard_screen.dart,features/knowledge_learning/presentation/screens/atlas_knowledge_learning_screen.dart
features/dashboard/presentation/screens/executive_dashboard_screen.dart,features/mission_control/domain/models/atlas_mission_control_data.dart
features/dashboard/presentation/screens/executive_dashboard_screen.dart,features/mission_control/domain/services/atlas_mission_control_service.dart
features/dashboard/presentation/screens/executive_dashboard_screen.dart,features/mission_control/presentation/screens/atlas_mission_control_screen.dart
features/dashboard/presentation/screens/executive_dashboard_screen.dart,features/observability/presentation/screens/atlas_observability_dashboard.dart
features/dashboard/presentation/screens/executive_dashboard_screen.dart,features/offline_field/presentation/screens/atlas_offline_field_screen.dart
features/dashboard/presentation/screens/executive_dashboard_screen.dart,features/optimization_engine/presentation/screens/atlas_optimization_screen.dart
features/dashboard/presentation/screens/executive_dashboard_screen.dart,features/performance_center/presentation/screens/atlas_performance_center_screen.dart
features/dashboard/presentation/screens/executive_dashboard_screen.dart,features/performance_intelligence/presentation/screens/atlas_performance_dashboard_screen.dart
features/dashboard/presentation/screens/executive_dashboard_screen.dart,features/portfolio_management/presentation/screens/atlas_portfolio_management_screen.dart
features/dashboard/presentation/screens/executive_dashboard_screen.dart,features/predictive_ai/presentation/screens/atlas_predictive_ai_screen.dart
features/dashboard/presentation/screens/executive_dashboard_screen.dart,features/predictive_analytics/domain/models/atlas_predictive_analytics_data.dart
features/dashboard/presentation/screens/executive_dashboard_screen.dart,features/predictive_analytics/domain/services/atlas_predictive_analytics_service.dart
features/dashboard/presentation/screens/executive_dashboard_screen.dart,features/quality_center/presentation/screens/atlas_quality_center_screen.dart
features/dashboard/presentation/screens/executive_dashboard_screen.dart,features/recommendation_intelligence/presentation/screens/atlas_recommendation_intelligence_screen.dart
features/dashboard/presentation/screens/executive_dashboard_screen.dart,features/reporting/presentation/screens/atlas_reports_dashboard.dart
features/dashboard/presentation/screens/executive_dashboard_screen.dart,features/reports/data/services/report_action_history_storage_service.dart
features/dashboard/presentation/screens/executive_dashboard_screen.dart,features/reports/data/services/report_action_storage_service.dart
features/dashboard/presentation/screens/executive_dashboard_screen.dart,features/reports/domain/models/report_action_history_data.dart
features/dashboard/presentation/screens/executive_dashboard_screen.dart,features/reports/domain/models/report_action_item_data.dart
features/dashboard/presentation/screens/executive_dashboard_screen.dart,features/reports/presentation/screens/report_action_list_screen.dart
features/dashboard/presentation/screens/executive_dashboard_screen.dart,features/reports/presentation/widgets/report_action_analytics_card.dart
features/dashboard/presentation/screens/executive_dashboard_screen.dart,features/scenario_simulator/presentation/screens/atlas_scenario_simulator_screen.dart
features/dashboard/presentation/screens/executive_dashboard_screen.dart,features/strategic_alignment/presentation/screens/atlas_strategic_alignment_screen.dart
features/dashboard/presentation/screens/executive_dashboard_screen.dart,features/strategic_capacity/presentation/screens/atlas_strategic_capacity_screen.dart
features/dashboard/presentation/screens/executive_dashboard_screen.dart,features/strategic_execution_engine/presentation/screens/atlas_execution_engine_screen.dart
features/dashboard/presentation/screens/executive_dashboard_screen.dart,features/strategic_scenario_planning/presentation/screens/atlas_strategic_scenario_planning_screen.dart
features/dashboard/presentation/screens/executive_dashboard_screen.dart,features/strategy_center/data/services/atlas_strategy_loader_service.dart
features/dashboard/presentation/screens/executive_dashboard_screen.dart,features/strategy_center/domain/models/atlas_strategy_data.dart
features/dashboard/presentation/screens/executive_dashboard_screen.dart,features/strategy_center/domain/services/atlas_strategy_service.dart
features/dashboard/presentation/screens/executive_dashboard_screen.dart,features/strategy_center/presentation/screens/atlas_strategy_center_screen.dart
features/dashboard/presentation/screens/executive_dashboard_screen.dart,features/strategy_execution/presentation/screens/atlas_strategy_execution_screen.dart
features/dashboard/presentation/screens/executive_dashboard_screen.dart,features/sync_platform/presentation/screens/atlas_sync_dashboard_screen.dart
features/dashboard/presentation/screens/executive_dashboard_screen.dart,features/unified_workflow/presentation/screens/atlas_unified_workflow_screen.dart
features/dashboard/presentation/screens/executive_dashboard_screen.dart,features/value_governance/presentation/screens/atlas_value_governance_screen.dart
features/dashboard/presentation/screens/executive_dashboard_screen.dart,features/workflow_engine/domain/models/atlas_workflow_data.dart
features/dashboard/presentation/screens/executive_dashboard_screen.dart,features/workflow_engine/domain/services/atlas_workflow_service.dart
features/dashboard/presentation/screens/executive_decision_center_screen.dart,features/dashboard/domain/models/executive_decision_data.dart
features/dashboard/presentation/screens/executive_decision_center_screen.dart,features/dashboard/presentation/screens/decision_scenario_simulator_screen.dart
features/dashboard/presentation/widgets/dashboard_action_summary_card.dart,features/reports/data/services/report_action_history_storage_service.dart
features/dashboard/presentation/widgets/dashboard_action_summary_card.dart,features/reports/data/services/report_action_storage_service.dart
features/dashboard/presentation/widgets/dashboard_action_summary_card.dart,features/reports/domain/models/report_action_item_data.dart
features/dashboard/presentation/widgets/dashboard_action_summary_card.dart,features/reports/presentation/screens/report_action_list_screen.dart
features/dashboard/presentation/widgets/executive_opinion_card.dart,features/dashboard/data/services/executive_opinion_pdf_service.dart
features/dashboard/presentation/widgets/executive_opinion_card.dart,features/dashboard/domain/services/executive_opinion_service.dart
features/data_governance/data/services/atlas_data_governance_repository.dart,features/data_governance/domain/models/atlas_data_governance.dart
features/data_governance/domain/services/atlas_data_governance_engine.dart,features/data_governance/domain/models/atlas_data_governance.dart
features/data_governance/presentation/screens/atlas_data_governance_screen.dart,features/data_governance/data/services/atlas_data_governance_repository.dart
features/data_governance/presentation/screens/atlas_data_governance_screen.dart,features/data_governance/domain/models/atlas_data_governance.dart
features/data_governance/presentation/screens/atlas_data_governance_screen.dart,features/data_governance/domain/services/atlas_data_governance_engine.dart
features/decision_engine/domain/models/atlas_decision_engine_data.dart,features/atlas_bi/domain/models/atlas_bi_data.dart
features/decision_engine/domain/services/atlas_decision_engine_service.dart,features/atlas_bi/domain/models/atlas_bi_benchmark.dart
features/decision_engine/domain/services/atlas_decision_engine_service.dart,features/atlas_bi/domain/models/atlas_bi_data.dart
features/decision_engine/domain/services/atlas_decision_engine_service.dart,features/atlas_bi/domain/models/atlas_bi_forecast.dart
features/decision_engine/domain/services/atlas_decision_engine_service.dart,features/atlas_bi_analytics/domain/models/atlas_bi_analytics_data.dart
features/decision_engine/domain/services/atlas_decision_engine_service.dart,features/decision_engine/domain/models/atlas_decision_engine_data.dart
features/decision_engine/domain/services/atlas_decision_engine_service.dart,features/executive_ai_advisor/domain/models/atlas_executive_ai_advisor_data.dart
features/decision_engine/domain/services/atlas_decision_engine_service.dart,features/executive_intelligence/domain/models/atlas_executive_intelligence_data.dart
features/decision_engine/presentation/screens/atlas_decision_engine_screen.dart,features/decision_engine/domain/models/atlas_decision_engine_data.dart
features/decision_engine_v2/domain/adapters/atlas_decision_engine_v2_contract_adapter.dart,core/contracts/atlas_canonical_types.dart
features/decision_engine_v2/domain/adapters/atlas_decision_engine_v2_contract_adapter.dart,core/contracts/atlas_decision_contract.dart
features/decision_engine_v2/domain/adapters/atlas_decision_engine_v2_contract_adapter.dart,features/decision_engine_v2/domain/models/atlas_decision_engine_v2_data.dart
features/decision_engine_v2/domain/models/atlas_decision_engine_v2_data.dart,features/atlas_bi/domain/models/atlas_bi_data.dart
features/decision_engine_v2/domain/services/atlas_decision_engine_v2_service.dart,features/atlas_bi/domain/models/atlas_bi_data.dart
features/decision_engine_v2/domain/services/atlas_decision_engine_v2_service.dart,features/decision_engine/domain/models/atlas_decision_engine_data.dart
features/decision_engine_v2/domain/services/atlas_decision_engine_v2_service.dart,features/decision_engine_v2/domain/models/atlas_decision_engine_v2_data.dart
features/decision_engine_v2/domain/services/atlas_decision_engine_v2_service.dart,features/predictive_analytics/domain/models/atlas_predictive_analytics_data.dart
features/decision_engine_v2/domain/services/atlas_decision_engine_v2_service.dart,features/workflow_engine/domain/models/atlas_workflow_data.dart
features/decision_engine_v2/presentation/screens/atlas_decision_engine_v2_screen.dart,features/decision_engine_v2/domain/models/atlas_decision_engine_v2_data.dart
features/decision_intelligence_lab/domain/models/atlas_decision_scenario.dart,features/farm_audit/domain/models/atlas_farm_audit.dart
features/decision_intelligence_lab/domain/services/atlas_decision_intelligence_engine.dart,features/decision_intelligence_lab/domain/models/atlas_decision_scenario.dart
features/decision_intelligence_lab/domain/services/atlas_decision_intelligence_engine.dart,features/farm_audit/domain/models/atlas_farm_audit.dart
features/decision_intelligence_lab/domain/services/atlas_decision_intelligence_engine.dart,features/recommendation_intelligence/domain/models/atlas_intelligent_recommendation.dart
features/decision_intelligence_lab/presentation/screens/atlas_decision_intelligence_lab_screen.dart,features/decision_intelligence_lab/domain/models/atlas_decision_scenario.dart
features/decision_intelligence_lab/presentation/screens/atlas_decision_intelligence_lab_screen.dart,features/decision_intelligence_lab/domain/services/atlas_decision_intelligence_engine.dart
features/decision_intelligence_lab/presentation/screens/atlas_decision_intelligence_lab_screen.dart,features/farm_audit/data/services/atlas_farm_audit_history_service.dart
features/decision_intelligence_lab/presentation/screens/atlas_decision_intelligence_lab_screen.dart,features/farm_audit/domain/models/atlas_farm_audit.dart
features/decision_intelligence_lab/presentation/screens/atlas_decision_intelligence_lab_screen.dart,features/knowledge_learning/data/services/atlas_knowledge_repository.dart
features/decision_intelligence_lab/presentation/screens/atlas_decision_intelligence_lab_screen.dart,features/recommendation_intelligence/domain/models/atlas_intelligent_recommendation.dart
features/decision_intelligence_lab/presentation/screens/atlas_decision_intelligence_lab_screen.dart,features/recommendation_intelligence/domain/services/atlas_recommendation_intelligence_engine.dart
features/decision_intelligence_lab/presentation/screens/atlas_decision_intelligence_lab_screen.dart,features/strategy_execution/presentation/screens/atlas_strategy_execution_screen.dart
features/decision_tracking/domain/models/atlas_decision_tracking_data.dart,features/atlas_bi/domain/models/atlas_bi_data.dart
features/decision_tracking/domain/models/atlas_decision_tracking_data.dart,features/decision_engine/domain/models/atlas_decision_engine_data.dart
features/decision_tracking/domain/services/atlas_decision_tracking_service.dart,features/decision_engine/domain/models/atlas_decision_engine_data.dart
features/decision_tracking/domain/services/atlas_decision_tracking_service.dart,features/decision_tracking/domain/models/atlas_decision_tracking_data.dart
features/decision_tracking/presentation/screens/atlas_decision_tracking_screen.dart,features/decision_tracking/domain/models/atlas_decision_tracking_data.dart
features/decision_tracking/presentation/screens/atlas_decision_tracking_screen.dart,features/decision_tracking/domain/services/atlas_decision_tracking_service.dart
features/diagnostics/data/services/atlas_comparative_diagnostic_loader_service.dart,features/animal/data/services/animal_storage_service.dart
features/diagnostics/data/services/atlas_comparative_diagnostic_loader_service.dart,features/diagnostics/domain/models/atlas_diagnostic_data.dart
features/diagnostics/data/services/atlas_comparative_diagnostic_loader_service.dart,features/diagnostics/domain/services/atlas_diagnostic_service.dart
features/diagnostics/data/services/atlas_comparative_diagnostic_loader_service.dart,features/farm/data/services/farm_storage_service.dart
features/diagnostics/data/services/atlas_comparative_diagnostic_loader_service.dart,features/farm/domain/models/farm_data.dart
features/diagnostics/data/services/atlas_comparative_diagnostic_loader_service.dart,features/farm/domain/services/atlas_farm_intelligence_service.dart
features/diagnostics/data/services/atlas_comparative_diagnostic_loader_service.dart,features/farm_agenda/data/services/farm_agenda_storage_service.dart
features/diagnostics/data/services/atlas_comparative_diagnostic_loader_service.dart,features/farm_finance/data/services/farm_finance_storage_service.dart
features/diagnostics/data/services/atlas_comparative_diagnostic_loader_service.dart,features/farm_inventory/data/services/farm_inventory_storage_service.dart
features/diagnostics/data/services/atlas_comparative_diagnostic_loader_service.dart,features/herd/data/services/herd_storage_service.dart
features/diagnostics/data/services/atlas_comparative_diagnostic_loader_service.dart,features/paddock/data/services/paddock_storage_service.dart
features/diagnostics/domain/models/atlas_comparative_diagnostic_data.dart,features/diagnostics/domain/models/atlas_diagnostic_data.dart
features/diagnostics/domain/models/atlas_comparative_diagnostic_data.dart,features/farm/domain/services/atlas_farm_intelligence_service.dart
features/diagnostics/domain/models/atlas_diagnostic_data.dart,features/farm/domain/services/atlas_farm_intelligence_service.dart
features/diagnostics/domain/services/atlas_comparative_diagnostic_service.dart,features/diagnostics/domain/models/atlas_comparative_diagnostic_data.dart
features/diagnostics/domain/services/atlas_comparative_diagnostic_service.dart,features/diagnostics/domain/models/atlas_diagnostic_data.dart
features/diagnostics/domain/services/atlas_comparative_diagnostic_service.dart,features/farm/domain/services/atlas_farm_intelligence_service.dart
features/diagnostics/domain/services/atlas_diagnostic_service.dart,features/dashboard/domain/services/atlas_operations_intelligence_service.dart
features/diagnostics/domain/services/atlas_diagnostic_service.dart,features/diagnostics/domain/models/atlas_diagnostic_data.dart
features/diagnostics/domain/services/atlas_diagnostic_service.dart,features/farm/domain/services/atlas_farm_intelligence_service.dart
features/diagnostics/presentation/screens/atlas_comparative_diagnostic_screen.dart,features/diagnostics/domain/models/atlas_comparative_diagnostic_data.dart
features/diagnostics/presentation/screens/atlas_comparative_diagnostic_screen.dart,features/diagnostics/domain/models/atlas_diagnostic_data.dart
features/diagnostics/presentation/screens/atlas_comparative_diagnostic_screen.dart,features/farm/domain/services/atlas_farm_intelligence_service.dart
features/diagnostics/presentation/screens/atlas_diagnostic_screen.dart,features/diagnostics/domain/models/atlas_diagnostic_data.dart
features/diagnostics/presentation/screens/atlas_diagnostic_screen.dart,features/farm/domain/services/atlas_farm_intelligence_service.dart
features/digital_twin/domain/models/atlas_digital_twin_simulation.dart,features/digital_twin/domain/models/atlas_digital_twin.dart
features/digital_twin/domain/services/atlas_digital_twin_event_reducer.dart,core/events/atlas_event.dart
features/digital_twin/domain/services/atlas_digital_twin_event_reducer.dart,features/digital_twin/domain/models/atlas_digital_twin.dart
features/digital_twin/domain/services/atlas_digital_twin_event_reducer.dart,features/digital_twin/domain/services/atlas_digital_twin_score_service.dart
features/digital_twin/domain/services/atlas_digital_twin_score_service.dart,features/digital_twin/domain/models/atlas_digital_twin.dart
features/digital_twin/domain/services/atlas_digital_twin_service.dart,core/events/atlas_event.dart
features/digital_twin/domain/services/atlas_digital_twin_service.dart,core/events/atlas_event_bus.dart
features/digital_twin/domain/services/atlas_digital_twin_service.dart,core/events/atlas_event_filter.dart
features/digital_twin/domain/services/atlas_digital_twin_service.dart,features/digital_twin/domain/models/atlas_digital_twin.dart
features/digital_twin/domain/services/atlas_digital_twin_service.dart,features/digital_twin/domain/services/atlas_digital_twin_event_reducer.dart
features/digital_twin/domain/services/atlas_digital_twin_v2_engine.dart,features/digital_twin/domain/models/atlas_digital_twin.dart
features/digital_twin/domain/services/atlas_digital_twin_v2_engine.dart,features/digital_twin/domain/models/atlas_digital_twin_simulation.dart
features/digital_twin/presentation/screens/atlas_digital_twin_screen.dart,features/digital_twin/domain/models/atlas_digital_twin.dart
features/digital_twin/presentation/screens/atlas_digital_twin_screen.dart,features/digital_twin/domain/models/atlas_digital_twin_simulation.dart
features/digital_twin/presentation/screens/atlas_digital_twin_screen.dart,features/digital_twin/domain/services/atlas_digital_twin_service.dart
features/digital_twin/presentation/screens/atlas_digital_twin_screen.dart,features/digital_twin/domain/services/atlas_digital_twin_v2_engine.dart
features/enterprise_platform/data/services/atlas_enterprise_repository.dart,features/enterprise_platform/domain/models/atlas_enterprise_data.dart
features/enterprise_platform/domain/services/atlas_enterprise_engine.dart,features/enterprise_platform/domain/models/atlas_enterprise_data.dart
features/enterprise_platform/presentation/screens/atlas_enterprise_platform_screen.dart,features/enterprise_platform/data/services/atlas_enterprise_repository.dart
features/enterprise_platform/presentation/screens/atlas_enterprise_platform_screen.dart,features/enterprise_platform/domain/models/atlas_enterprise_data.dart
features/enterprise_platform/presentation/screens/atlas_enterprise_platform_screen.dart,features/enterprise_platform/domain/services/atlas_enterprise_engine.dart
features/executive_ai_advisor/domain/models/atlas_executive_ai_advisor_data.dart,features/atlas_bi/domain/models/atlas_bi_data.dart
features/executive_ai_advisor/domain/services/atlas_executive_ai_advisor_service.dart,features/atlas_bi/domain/models/atlas_bi_benchmark.dart
features/executive_ai_advisor/domain/services/atlas_executive_ai_advisor_service.dart,features/atlas_bi/domain/models/atlas_bi_data.dart
features/executive_ai_advisor/domain/services/atlas_executive_ai_advisor_service.dart,features/atlas_bi/domain/models/atlas_bi_forecast.dart
features/executive_ai_advisor/domain/services/atlas_executive_ai_advisor_service.dart,features/atlas_bi_analytics/domain/models/atlas_bi_analytics_data.dart
features/executive_ai_advisor/domain/services/atlas_executive_ai_advisor_service.dart,features/executive_ai_advisor/domain/models/atlas_executive_ai_advisor_data.dart
features/executive_ai_advisor/domain/services/atlas_executive_ai_advisor_service.dart,features/executive_intelligence/domain/models/atlas_executive_intelligence_data.dart
features/executive_ai_advisor/presentation/screens/atlas_executive_ai_advisor_screen.dart,features/executive_ai_advisor/domain/models/atlas_executive_ai_advisor_data.dart
features/executive_alerts/data/services/atlas_executive_alert_loader_service.dart,features/animal/data/services/animal_storage_service.dart
features/executive_alerts/data/services/atlas_executive_alert_loader_service.dart,features/animal_health/data/services/animal_health_storage_service.dart
features/executive_alerts/data/services/atlas_executive_alert_loader_service.dart,features/animal_reproduction/data/services/animal_reproduction_storage_service.dart
features/executive_alerts/data/services/atlas_executive_alert_loader_service.dart,features/atlas_ai/data/services/atlas_ai_tracked_action_storage_service.dart
features/executive_alerts/data/services/atlas_executive_alert_loader_service.dart,features/diagnostics/domain/services/atlas_diagnostic_service.dart
features/executive_alerts/data/services/atlas_executive_alert_loader_service.dart,features/executive_alerts/domain/services/atlas_executive_alert_service.dart
features/executive_alerts/data/services/atlas_executive_alert_loader_service.dart,features/farm/data/services/farm_storage_service.dart
features/executive_alerts/data/services/atlas_executive_alert_loader_service.dart,features/farm/domain/models/farm_data.dart
features/executive_alerts/data/services/atlas_executive_alert_loader_service.dart,features/farm/domain/services/atlas_farm_intelligence_service.dart
features/executive_alerts/data/services/atlas_executive_alert_loader_service.dart,features/farm_agenda/data/services/farm_agenda_storage_service.dart
features/executive_alerts/data/services/atlas_executive_alert_loader_service.dart,features/farm_finance/data/services/farm_finance_storage_service.dart
features/executive_alerts/data/services/atlas_executive_alert_loader_service.dart,features/farm_inventory/data/services/farm_inventory_storage_service.dart
features/executive_alerts/data/services/atlas_executive_alert_loader_service.dart,features/herd/data/services/herd_storage_service.dart
features/executive_alerts/data/services/atlas_executive_alert_loader_service.dart,features/paddock/data/services/paddock_storage_service.dart
features/executive_alerts/data/services/atlas_executive_alert_state_storage_service.dart,features/executive_alerts/domain/models/atlas_executive_alert_state.dart
features/executive_alerts/domain/adapters/atlas_executive_alert_contract_adapter.dart,core/contracts/atlas_alert_contract.dart
features/executive_alerts/domain/adapters/atlas_executive_alert_contract_adapter.dart,core/contracts/atlas_canonical_types.dart
features/executive_alerts/domain/adapters/atlas_executive_alert_contract_adapter.dart,features/executive_alerts/domain/models/atlas_executive_alert.dart
features/executive_alerts/domain/models/atlas_executive_alert.dart,features/diagnostics/domain/models/atlas_diagnostic_data.dart
features/executive_alerts/domain/models/atlas_executive_alert.dart,features/farm/domain/services/atlas_farm_intelligence_service.dart
features/executive_alerts/domain/models/atlas_executive_alert_state.dart,features/executive_alerts/domain/models/atlas_executive_alert.dart
features/executive_alerts/domain/services/atlas_executive_alert_service.dart,features/animal_health/domain/models/animal_health_data.dart
features/executive_alerts/domain/services/atlas_executive_alert_service.dart,features/animal_reproduction/domain/models/animal_reproduction_data.dart
features/executive_alerts/domain/services/atlas_executive_alert_service.dart,features/atlas_ai/domain/models/atlas_ai_tracked_action.dart
features/executive_alerts/domain/services/atlas_executive_alert_service.dart,features/diagnostics/domain/models/atlas_diagnostic_data.dart
features/executive_alerts/domain/services/atlas_executive_alert_service.dart,features/executive_alerts/domain/models/atlas_executive_alert.dart
features/executive_alerts/domain/services/atlas_executive_alert_service.dart,features/farm/domain/services/atlas_farm_intelligence_service.dart
features/executive_alerts/domain/services/atlas_executive_alert_treatment_service.dart,features/executive_alerts/domain/models/atlas_executive_alert.dart
features/executive_alerts/domain/services/atlas_executive_alert_treatment_service.dart,features/executive_alerts/domain/models/atlas_executive_alert_state.dart
features/executive_alerts/presentation/screens/atlas_executive_alerts_screen.dart,features/executive_alerts/data/services/atlas_executive_alert_state_storage_service.dart
features/executive_alerts/presentation/screens/atlas_executive_alerts_screen.dart,features/executive_alerts/domain/models/atlas_executive_alert.dart
features/executive_alerts/presentation/screens/atlas_executive_alerts_screen.dart,features/executive_alerts/domain/models/atlas_executive_alert_state.dart
features/executive_alerts/presentation/screens/atlas_executive_alerts_screen.dart,features/executive_alerts/domain/services/atlas_executive_alert_treatment_service.dart
features/executive_alerts/presentation/screens/atlas_executive_alerts_screen.dart,features/farm/domain/services/atlas_farm_intelligence_service.dart
features/executive_brain/domain/models/atlas_executive_brain_history.dart,features/executive_brain/domain/models/atlas_executive_brain_data.dart
features/executive_brain/domain/services/atlas_event_analytics_brain_bridge.dart,core/event_center/atlas_event_analytics_data.dart
features/executive_brain/domain/services/atlas_event_analytics_brain_bridge.dart,core/events/atlas_event.dart
features/executive_brain/domain/services/atlas_event_analytics_brain_bridge.dart,features/executive_brain/domain/models/atlas_executive_brain_data.dart
features/executive_brain/domain/services/atlas_executive_brain_canonical_service.dart,core/contracts/atlas_canonical_types.dart
features/executive_brain/domain/services/atlas_executive_brain_canonical_service.dart,core/contracts/atlas_decision_contract.dart
features/executive_brain/domain/services/atlas_executive_brain_canonical_service.dart,features/executive_brain/domain/models/atlas_executive_brain_data.dart
features/executive_brain/domain/services/atlas_executive_brain_canonical_service.dart,features/executive_brain/domain/services/atlas_executive_brain_service.dart
features/executive_brain/domain/services/atlas_executive_brain_canonical_service.dart,features/executive_core/domain/models/atlas_executive_core_data.dart
features/executive_brain/domain/services/atlas_executive_brain_event_service.dart,core/events/atlas_event.dart
features/executive_brain/domain/services/atlas_executive_brain_event_service.dart,core/events/atlas_event_bus.dart
features/executive_brain/domain/services/atlas_executive_brain_event_service.dart,core/events/atlas_event_factory.dart
features/executive_brain/domain/services/atlas_executive_brain_event_service.dart,features/executive_brain/domain/models/atlas_executive_brain_data.dart
features/executive_brain/domain/services/atlas_executive_brain_event_service.dart,features/executive_brain/domain/models/atlas_executive_brain_history.dart
features/executive_brain/domain/services/atlas_executive_brain_event_service.dart,features/executive_brain/domain/services/atlas_executive_brain_history_service.dart
features/executive_brain/domain/services/atlas_executive_brain_history_service.dart,features/executive_brain/domain/models/atlas_executive_brain_history.dart
features/executive_brain/domain/services/atlas_executive_brain_service.dart,features/executive_brain/domain/models/atlas_executive_brain_data.dart
features/executive_brain/domain/services/atlas_executive_brain_service.dart,features/executive_brain/domain/services/atlas_executive_brain_event_service.dart
features/executive_brain/domain/services/atlas_executive_brain_service.dart,features/executive_core/domain/models/atlas_executive_core_data.dart
features/executive_brain/presentation/screens/atlas_executive_brain_historical_intelligence_screen.dart,core/event_center/atlas_event_analytics_data.dart
features/executive_brain/presentation/screens/atlas_executive_brain_historical_intelligence_screen.dart,core/event_center/atlas_event_analytics_service.dart
features/executive_brain/presentation/screens/atlas_executive_brain_historical_intelligence_screen.dart,core/event_center/atlas_event_log_service.dart
features/executive_brain/presentation/screens/atlas_executive_brain_historical_intelligence_screen.dart,core/events/atlas_event.dart
features/executive_brain/presentation/screens/atlas_executive_brain_historical_intelligence_screen.dart,features/executive_brain/domain/models/atlas_executive_brain_data.dart
features/executive_brain/presentation/screens/atlas_executive_brain_history_screen.dart,features/executive_brain/domain/models/atlas_executive_brain_history.dart
features/executive_brain/presentation/screens/atlas_executive_brain_history_screen.dart,features/executive_brain/domain/services/atlas_executive_brain_history_service.dart
features/executive_brain/presentation/screens/atlas_executive_brain_screen.dart,features/executive_brain/domain/models/atlas_executive_brain_data.dart
features/executive_brain/presentation/screens/atlas_executive_brain_screen.dart,features/executive_brain/presentation/screens/atlas_executive_brain_historical_intelligence_screen.dart
features/executive_brain/presentation/screens/atlas_executive_brain_screen.dart,features/executive_brain/presentation/screens/atlas_executive_brain_history_screen.dart
features/executive_core/domain/services/atlas_executive_core_service.dart,features/atlas_intelligence/domain/models/atlas_intelligence_data.dart
features/executive_core/domain/services/atlas_executive_core_service.dart,features/atlas_os/domain/models/atlas_os_data.dart
features/executive_core/domain/services/atlas_executive_core_service.dart,features/executive_core/domain/models/atlas_executive_core_data.dart
features/executive_core/presentation/screens/atlas_executive_core_screen.dart,features/executive_core/domain/models/atlas_executive_core_data.dart
features/executive_goals/data/services/atlas_executive_goal_history_storage_service.dart,features/executive_goals/domain/models/atlas_executive_goal_history.dart
features/executive_goals/data/services/atlas_executive_goal_storage_service.dart,features/executive_goals/domain/models/atlas_executive_goal.dart
features/executive_goals/domain/models/atlas_executive_goal.dart,features/executive_kpis/domain/models/atlas_executive_kpi.dart
features/executive_goals/domain/models/atlas_executive_goal_history.dart,features/executive_goals/domain/models/atlas_executive_goal.dart
features/executive_goals/domain/services/atlas_executive_goal_history_service.dart,features/executive_goals/domain/models/atlas_executive_goal.dart
features/executive_goals/domain/services/atlas_executive_goal_history_service.dart,features/executive_goals/domain/models/atlas_executive_goal_history.dart
features/executive_goals/domain/services/atlas_executive_goal_service.dart,features/executive_goals/domain/models/atlas_executive_goal.dart
features/executive_goals/domain/services/atlas_executive_goal_service.dart,features/executive_kpis/domain/models/atlas_executive_kpi.dart
features/executive_goals/presentation/screens/atlas_executive_goal_history_screen.dart,features/executive_goals/domain/models/atlas_executive_goal_history.dart
features/executive_goals/presentation/screens/atlas_executive_goals_screen.dart,features/executive_goals/data/services/atlas_executive_goal_history_storage_service.dart
features/executive_goals/presentation/screens/atlas_executive_goals_screen.dart,features/executive_goals/data/services/atlas_executive_goal_storage_service.dart
features/executive_goals/presentation/screens/atlas_executive_goals_screen.dart,features/executive_goals/domain/models/atlas_executive_goal.dart
features/executive_goals/presentation/screens/atlas_executive_goals_screen.dart,features/executive_goals/domain/models/atlas_executive_goal_history.dart
features/executive_goals/presentation/screens/atlas_executive_goals_screen.dart,features/executive_goals/domain/services/atlas_executive_goal_history_service.dart
features/executive_goals/presentation/screens/atlas_executive_goals_screen.dart,features/executive_goals/domain/services/atlas_executive_goal_service.dart
features/executive_goals/presentation/screens/atlas_executive_goals_screen.dart,features/executive_goals/presentation/screens/atlas_executive_goal_history_screen.dart
features/executive_goals/presentation/screens/atlas_executive_goals_screen.dart,features/executive_kpis/domain/models/atlas_executive_kpi.dart
features/executive_intelligence/domain/models/atlas_executive_intelligence_data.dart,features/atlas_bi/domain/models/atlas_bi_data.dart
features/executive_intelligence/domain/services/atlas_executive_intelligence_service.dart,features/atlas_bi/domain/models/atlas_bi_benchmark.dart
features/executive_intelligence/domain/services/atlas_executive_intelligence_service.dart,features/atlas_bi/domain/models/atlas_bi_data.dart
features/executive_intelligence/domain/services/atlas_executive_intelligence_service.dart,features/atlas_bi/domain/models/atlas_bi_forecast.dart
features/executive_intelligence/domain/services/atlas_executive_intelligence_service.dart,features/atlas_bi_analytics/domain/models/atlas_bi_analytics_data.dart
features/executive_intelligence/domain/services/atlas_executive_intelligence_service.dart,features/executive_intelligence/domain/models/atlas_executive_intelligence_data.dart
features/executive_intelligence/presentation/screens/atlas_executive_intelligence_screen.dart,features/executive_intelligence/domain/models/atlas_executive_intelligence_data.dart
features/executive_kpis/data/services/atlas_executive_kpi_history_storage_service.dart,features/executive_kpis/domain/models/atlas_executive_kpi_history.dart
features/executive_kpis/data/services/atlas_executive_kpi_loader_service.dart,features/atlas_ai/domain/models/atlas_ai_tracked_action.dart
features/executive_kpis/data/services/atlas_executive_kpi_loader_service.dart,features/executive_alerts/data/services/atlas_executive_alert_loader_service.dart
features/executive_kpis/data/services/atlas_executive_kpi_loader_service.dart,features/executive_kpis/domain/models/atlas_executive_kpi.dart
features/executive_kpis/domain/models/atlas_executive_kpi_history.dart,features/executive_kpis/domain/models/atlas_executive_kpi.dart
features/executive_kpis/domain/services/atlas_executive_kpi_history_service.dart,features/executive_kpis/domain/models/atlas_executive_kpi.dart
features/executive_kpis/domain/services/atlas_executive_kpi_history_service.dart,features/executive_kpis/domain/models/atlas_executive_kpi_history.dart
features/executive_kpis/domain/services/atlas_executive_kpi_service.dart,features/executive_kpis/domain/models/atlas_executive_kpi.dart
features/executive_kpis/presentation/screens/atlas_executive_kpi_history_screen.dart,features/executive_kpis/domain/models/atlas_executive_kpi.dart
features/executive_kpis/presentation/screens/atlas_executive_kpi_history_screen.dart,features/executive_kpis/domain/models/atlas_executive_kpi_history.dart
features/executive_kpis/presentation/screens/atlas_executive_kpis_screen.dart,features/executive_goals/data/services/atlas_executive_goal_storage_service.dart
features/executive_kpis/presentation/screens/atlas_executive_kpis_screen.dart,features/executive_goals/domain/models/atlas_executive_goal.dart
features/executive_kpis/presentation/screens/atlas_executive_kpis_screen.dart,features/executive_goals/domain/services/atlas_executive_goal_service.dart
features/executive_kpis/presentation/screens/atlas_executive_kpis_screen.dart,features/executive_goals/presentation/screens/atlas_executive_goals_screen.dart
features/executive_kpis/presentation/screens/atlas_executive_kpis_screen.dart,features/executive_kpis/domain/models/atlas_executive_kpi.dart
features/executive_kpis/presentation/screens/atlas_executive_kpis_screen.dart,features/executive_kpis/domain/models/atlas_executive_kpi_history.dart
features/executive_kpis/presentation/screens/atlas_executive_kpis_screen.dart,features/executive_kpis/presentation/screens/atlas_executive_kpi_history_screen.dart
features/farm/data/services/farm_storage_service.dart,features/farm/domain/models/farm_data.dart
features/farm/domain/services/atlas_farm_intelligence_service.dart,features/animal/domain/models/animal_data.dart
features/farm/domain/services/atlas_farm_intelligence_service.dart,features/farm/domain/models/farm_data.dart
features/farm/domain/services/atlas_farm_intelligence_service.dart,features/farm_agenda/domain/models/farm_agenda_data.dart
features/farm/domain/services/atlas_farm_intelligence_service.dart,features/farm_finance/domain/models/farm_finance_data.dart
features/farm/domain/services/atlas_farm_intelligence_service.dart,features/farm_inventory/domain/models/farm_inventory_data.dart
features/farm/domain/services/atlas_farm_intelligence_service.dart,features/herd/domain/models/herd_group_data.dart
features/farm/domain/services/atlas_farm_intelligence_service.dart,features/paddock/domain/models/paddock_data.dart
features/farm/presentation/screens/atlas_farm_intelligence_screen.dart,features/farm/domain/services/atlas_farm_intelligence_service.dart
features/farm/presentation/screens/farm_detail_screen.dart,features/animal/data/services/animal_storage_service.dart
features/farm/presentation/screens/farm_detail_screen.dart,features/animal/domain/models/animal_data.dart
features/farm/presentation/screens/farm_detail_screen.dart,features/atlas_ai/domain/models/atlas_ai_farm_context.dart
features/farm/presentation/screens/farm_detail_screen.dart,features/atlas_ai/domain/services/atlas_ai_context_service.dart
features/farm/presentation/screens/farm_detail_screen.dart,features/atlas_ai/presentation/screens/atlas_ai_screen.dart
features/farm/presentation/screens/farm_detail_screen.dart,features/copilot/presentation/screens/atlas_copilot_screen.dart
features/farm/presentation/screens/farm_detail_screen.dart,features/diagnostics/domain/models/atlas_diagnostic_data.dart
features/farm/presentation/screens/farm_detail_screen.dart,features/diagnostics/domain/services/atlas_diagnostic_service.dart
features/farm/presentation/screens/farm_detail_screen.dart,features/diagnostics/presentation/screens/atlas_diagnostic_screen.dart
features/farm/presentation/screens/farm_detail_screen.dart,features/farm/domain/models/farm_data.dart
features/farm/presentation/screens/farm_detail_screen.dart,features/farm/domain/services/atlas_farm_intelligence_service.dart
features/farm/presentation/screens/farm_detail_screen.dart,features/farm/presentation/screens/atlas_farm_intelligence_screen.dart
features/farm/presentation/screens/farm_detail_screen.dart,features/farm_agenda/data/services/farm_agenda_storage_service.dart
features/farm/presentation/screens/farm_detail_screen.dart,features/farm_agenda/domain/models/farm_agenda_data.dart
features/farm/presentation/screens/farm_detail_screen.dart,features/farm_agenda/presentation/screens/farm_agenda_list_screen.dart
features/farm/presentation/screens/farm_detail_screen.dart,features/farm_finance/data/services/farm_finance_storage_service.dart
features/farm/presentation/screens/farm_detail_screen.dart,features/farm_finance/domain/models/farm_finance_data.dart
features/farm/presentation/screens/farm_detail_screen.dart,features/farm_finance/presentation/screens/farm_finance_list_screen.dart
features/farm/presentation/screens/farm_detail_screen.dart,features/farm_inventory/data/services/farm_inventory_storage_service.dart
features/farm/presentation/screens/farm_detail_screen.dart,features/farm_inventory/domain/models/farm_inventory_data.dart
features/farm/presentation/screens/farm_detail_screen.dart,features/farm_inventory/presentation/screens/farm_inventory_list_screen.dart
features/farm/presentation/screens/farm_detail_screen.dart,features/herd/data/services/herd_storage_service.dart
features/farm/presentation/screens/farm_detail_screen.dart,features/herd/domain/models/herd_group_data.dart
features/farm/presentation/screens/farm_detail_screen.dart,features/herd/presentation/screens/herd_list_screen.dart
features/farm/presentation/screens/farm_detail_screen.dart,features/paddock/data/services/paddock_storage_service.dart
features/farm/presentation/screens/farm_detail_screen.dart,features/paddock/domain/models/paddock_data.dart
features/farm/presentation/screens/farm_detail_screen.dart,features/paddock/presentation/screens/paddock_list_screen.dart
features/farm/presentation/screens/farm_detail_screen.dart,features/predictive/data/services/atlas_predictive_scenario_storage_service.dart
features/farm/presentation/screens/farm_detail_screen.dart,features/predictive/domain/services/atlas_predictive_service.dart
features/farm/presentation/screens/farm_detail_screen.dart,features/predictive/presentation/screens/atlas_predictive_screen.dart
features/farm/presentation/screens/farm_form_screen.dart,features/farm/domain/models/farm_data.dart
features/farm/presentation/screens/farm_list_screen.dart,features/farm/data/services/farm_storage_service.dart
features/farm/presentation/screens/farm_list_screen.dart,features/farm/domain/models/farm_data.dart
features/farm/presentation/screens/farm_list_screen.dart,features/farm/presentation/screens/farm_detail_screen.dart
features/farm/presentation/screens/farm_list_screen.dart,features/farm/presentation/screens/farm_form_screen.dart
features/farm_agenda/data/services/farm_agenda_storage_service.dart,features/farm_agenda/domain/models/farm_agenda_data.dart
features/farm_agenda/presentation/screens/farm_agenda_form_screen.dart,features/farm_agenda/domain/models/farm_agenda_data.dart
features/farm_agenda/presentation/screens/farm_agenda_list_screen.dart,features/farm/domain/models/farm_data.dart
features/farm_agenda/presentation/screens/farm_agenda_list_screen.dart,features/farm_agenda/data/services/farm_agenda_storage_service.dart
features/farm_agenda/presentation/screens/farm_agenda_list_screen.dart,features/farm_agenda/domain/models/farm_agenda_data.dart
features/farm_agenda/presentation/screens/farm_agenda_list_screen.dart,features/farm_agenda/presentation/screens/farm_agenda_form_screen.dart
features/farm_audit/data/services/atlas_farm_audit_history_service.dart,features/farm_audit/domain/models/atlas_farm_audit.dart
features/farm_audit/domain/models/atlas_farm_audit.dart,features/digital_twin/domain/models/atlas_digital_twin.dart
features/farm_audit/domain/services/atlas_farm_audit_engine.dart,features/autonomous_consultant/domain/models/atlas_consultant_report.dart
features/farm_audit/domain/services/atlas_farm_audit_engine.dart,features/digital_twin/domain/models/atlas_digital_twin.dart
features/farm_audit/domain/services/atlas_farm_audit_engine.dart,features/farm_audit/domain/models/atlas_farm_audit.dart
features/farm_audit/presentation/screens/atlas_farm_audit_screen.dart,features/action_plan/presentation/screens/atlas_action_plan_screen.dart
features/farm_audit/presentation/screens/atlas_farm_audit_screen.dart,features/autonomous_consultant/domain/models/atlas_consultant_report.dart
features/farm_audit/presentation/screens/atlas_farm_audit_screen.dart,features/autonomous_consultant/domain/services/atlas_autonomous_consultant_service.dart
features/farm_audit/presentation/screens/atlas_farm_audit_screen.dart,features/digital_twin/domain/models/atlas_digital_twin.dart
features/farm_audit/presentation/screens/atlas_farm_audit_screen.dart,features/digital_twin/domain/services/atlas_digital_twin_service.dart
features/farm_audit/presentation/screens/atlas_farm_audit_screen.dart,features/farm_audit/data/services/atlas_farm_audit_history_service.dart
features/farm_audit/presentation/screens/atlas_farm_audit_screen.dart,features/farm_audit/domain/models/atlas_farm_audit.dart
features/farm_audit/presentation/screens/atlas_farm_audit_screen.dart,features/farm_audit/domain/services/atlas_farm_audit_engine.dart
features/farm_finance/data/services/farm_finance_storage_service.dart,features/farm_finance/domain/models/farm_finance_data.dart
features/farm_finance/domain/services/farm_finance_event_service.dart,core/events/atlas_event.dart
features/farm_finance/domain/services/farm_finance_event_service.dart,core/events/atlas_event_bus.dart
features/farm_finance/domain/services/farm_finance_event_service.dart,core/events/atlas_event_factory.dart
features/farm_finance/domain/services/farm_finance_event_service.dart,features/farm_finance/domain/models/farm_finance_data.dart
features/farm_finance/presentation/screens/farm_finance_form_screen.dart,features/farm_finance/domain/models/farm_finance_data.dart
features/farm_finance/presentation/screens/farm_finance_list_screen.dart,features/farm/domain/models/farm_data.dart
features/farm_finance/presentation/screens/farm_finance_list_screen.dart,features/farm_finance/data/services/farm_finance_storage_service.dart
features/farm_finance/presentation/screens/farm_finance_list_screen.dart,features/farm_finance/domain/models/farm_finance_data.dart
features/farm_finance/presentation/screens/farm_finance_list_screen.dart,features/farm_finance/domain/services/farm_finance_event_service.dart
features/farm_finance/presentation/screens/farm_finance_list_screen.dart,features/farm_finance/presentation/screens/farm_finance_form_screen.dart
features/farm_finance/presentation/screens/finance_overview_screen.dart,features/farm/data/services/farm_storage_service.dart
features/farm_finance/presentation/screens/finance_overview_screen.dart,features/farm/domain/models/farm_data.dart
features/farm_finance/presentation/screens/finance_overview_screen.dart,features/farm_finance/data/services/farm_finance_storage_service.dart
features/farm_finance/presentation/screens/finance_overview_screen.dart,features/farm_finance/domain/models/farm_finance_data.dart
features/farm_finance/presentation/screens/finance_overview_screen.dart,features/farm_finance/presentation/screens/farm_finance_list_screen.dart
features/farm_inventory/data/services/farm_inventory_storage_service.dart,features/farm_inventory/domain/models/farm_inventory_data.dart
features/farm_inventory/domain/services/farm_inventory_event_service.dart,core/events/atlas_event.dart
features/farm_inventory/domain/services/farm_inventory_event_service.dart,core/events/atlas_event_bus.dart
features/farm_inventory/domain/services/farm_inventory_event_service.dart,core/events/atlas_event_factory.dart
features/farm_inventory/domain/services/farm_inventory_event_service.dart,features/farm_inventory/domain/models/farm_inventory_data.dart
features/farm_inventory/presentation/screens/farm_inventory_form_screen.dart,features/farm_inventory/domain/models/farm_inventory_data.dart
features/farm_inventory/presentation/screens/farm_inventory_list_screen.dart,features/farm/domain/models/farm_data.dart
features/farm_inventory/presentation/screens/farm_inventory_list_screen.dart,features/farm_finance/data/services/farm_finance_storage_service.dart
features/farm_inventory/presentation/screens/farm_inventory_list_screen.dart,features/farm_finance/domain/models/farm_finance_data.dart
features/farm_inventory/presentation/screens/farm_inventory_list_screen.dart,features/farm_inventory/data/services/farm_inventory_storage_service.dart
features/farm_inventory/presentation/screens/farm_inventory_list_screen.dart,features/farm_inventory/domain/models/farm_inventory_data.dart
features/farm_inventory/presentation/screens/farm_inventory_list_screen.dart,features/farm_inventory/domain/services/farm_inventory_event_service.dart
features/farm_inventory/presentation/screens/farm_inventory_list_screen.dart,features/farm_inventory/presentation/screens/farm_inventory_form_screen.dart
features/farm_inventory/presentation/screens/inventory_overview_screen.dart,features/farm/data/services/farm_storage_service.dart
features/farm_inventory/presentation/screens/inventory_overview_screen.dart,features/farm/domain/models/farm_data.dart
features/farm_inventory/presentation/screens/inventory_overview_screen.dart,features/farm_inventory/data/services/farm_inventory_storage_service.dart
features/farm_inventory/presentation/screens/inventory_overview_screen.dart,features/farm_inventory/domain/models/farm_inventory_data.dart
features/farm_inventory/presentation/screens/inventory_overview_screen.dart,features/farm_inventory/presentation/screens/farm_inventory_list_screen.dart
features/farm_operations/data/services/atlas_operations_repository.dart,features/farm_operations/domain/models/atlas_farm_operation.dart
features/farm_operations/domain/services/atlas_operations_engine.dart,features/farm_operations/domain/models/atlas_farm_operation.dart
features/farm_operations/presentation/screens/atlas_operations_center_screen.dart,features/farm_operations/data/services/atlas_operations_repository.dart
features/farm_operations/presentation/screens/atlas_operations_center_screen.dart,features/farm_operations/domain/models/atlas_farm_operation.dart
features/farm_operations/presentation/screens/atlas_operations_center_screen.dart,features/farm_operations/domain/services/atlas_operations_engine.dart
features/herd/data/services/herd_storage_service.dart,features/herd/domain/models/herd_group_data.dart
features/herd/presentation/screens/herd_group_form_screen.dart,features/herd/domain/models/herd_group_data.dart
features/herd/presentation/screens/herd_list_screen.dart,features/animal/data/services/animal_storage_service.dart
features/herd/presentation/screens/herd_list_screen.dart,features/animal/domain/models/animal_data.dart
features/herd/presentation/screens/herd_list_screen.dart,features/animal/presentation/screens/animal_list_screen.dart
features/herd/presentation/screens/herd_list_screen.dart,features/farm/domain/models/farm_data.dart
features/herd/presentation/screens/herd_list_screen.dart,features/herd/data/services/herd_storage_service.dart
features/herd/presentation/screens/herd_list_screen.dart,features/herd/domain/models/herd_group_data.dart
features/herd/presentation/screens/herd_list_screen.dart,features/herd/presentation/screens/herd_group_form_screen.dart
features/herd/presentation/screens/herd_overview_screen.dart,features/animal/data/services/animal_storage_service.dart
features/herd/presentation/screens/herd_overview_screen.dart,features/animal/domain/models/animal_data.dart
features/herd/presentation/screens/herd_overview_screen.dart,features/farm/data/services/farm_storage_service.dart
features/herd/presentation/screens/herd_overview_screen.dart,features/farm/domain/models/farm_data.dart
features/herd/presentation/screens/herd_overview_screen.dart,features/farm/presentation/screens/farm_list_screen.dart
features/herd/presentation/screens/herd_overview_screen.dart,features/herd/data/services/herd_storage_service.dart
features/herd/presentation/screens/herd_overview_screen.dart,features/herd/domain/models/herd_group_data.dart
features/herd/presentation/screens/herd_overview_screen.dart,features/herd/presentation/screens/herd_list_screen.dart
features/indicators/presentation/screens/indicators_screen.dart,features/animal/data/services/animal_storage_service.dart
features/indicators/presentation/screens/indicators_screen.dart,features/animal/domain/models/animal_data.dart
features/indicators/presentation/screens/indicators_screen.dart,features/animal_health/data/services/animal_health_storage_service.dart
features/indicators/presentation/screens/indicators_screen.dart,features/animal_health/domain/models/animal_health_data.dart
features/indicators/presentation/screens/indicators_screen.dart,features/animal_reproduction/data/services/animal_reproduction_storage_service.dart
features/indicators/presentation/screens/indicators_screen.dart,features/animal_reproduction/domain/models/animal_reproduction_data.dart
features/indicators/presentation/screens/indicators_screen.dart,features/animal_weight/data/services/animal_weight_storage_service.dart
features/indicators/presentation/screens/indicators_screen.dart,features/animal_weight/domain/models/animal_weight_data.dart
features/indicators/presentation/screens/indicators_screen.dart,features/farm/data/services/farm_storage_service.dart
features/indicators/presentation/screens/indicators_screen.dart,features/farm/domain/models/farm_data.dart
features/indicators/presentation/screens/indicators_screen.dart,features/herd/data/services/herd_storage_service.dart
features/indicators/presentation/screens/indicators_screen.dart,features/herd/domain/models/herd_group_data.dart
features/integration_hub/data/services/atlas_integration_repository.dart,features/integration_hub/domain/models/atlas_integration_connection.dart
features/integration_hub/presentation/screens/atlas_integration_center_screen.dart,features/integration_hub/data/services/atlas_integration_repository.dart
features/integration_hub/presentation/screens/atlas_integration_center_screen.dart,features/integration_hub/domain/models/atlas_integration_connection.dart
features/investment_capital_allocation/data/services/atlas_investment_repository.dart,features/investment_capital_allocation/domain/models/atlas_investment_project.dart
features/investment_capital_allocation/domain/models/atlas_investment_portfolio.dart,features/investment_capital_allocation/domain/models/atlas_financing_simulation.dart
features/investment_capital_allocation/domain/models/atlas_investment_portfolio.dart,features/investment_capital_allocation/domain/models/atlas_investment_project.dart
features/investment_capital_allocation/domain/services/atlas_capital_allocation_engine.dart,features/investment_capital_allocation/domain/models/atlas_capital_constraint.dart
features/investment_capital_allocation/domain/services/atlas_capital_allocation_engine.dart,features/investment_capital_allocation/domain/models/atlas_financing_simulation.dart
features/investment_capital_allocation/domain/services/atlas_capital_allocation_engine.dart,features/investment_capital_allocation/domain/models/atlas_investment_portfolio.dart
features/investment_capital_allocation/domain/services/atlas_capital_allocation_engine.dart,features/investment_capital_allocation/domain/models/atlas_investment_project.dart
features/investment_capital_allocation/presentation/screens/atlas_investment_capital_screen.dart,features/investment_capital_allocation/data/services/atlas_investment_repository.dart
features/investment_capital_allocation/presentation/screens/atlas_investment_capital_screen.dart,features/investment_capital_allocation/domain/models/atlas_capital_constraint.dart
features/investment_capital_allocation/presentation/screens/atlas_investment_capital_screen.dart,features/investment_capital_allocation/domain/models/atlas_investment_portfolio.dart
features/investment_capital_allocation/presentation/screens/atlas_investment_capital_screen.dart,features/investment_capital_allocation/domain/models/atlas_investment_project.dart
features/investment_capital_allocation/presentation/screens/atlas_investment_capital_screen.dart,features/investment_capital_allocation/domain/services/atlas_capital_allocation_engine.dart
features/investment_capital_allocation/presentation/screens/atlas_investment_capital_screen.dart,features/strategic_execution_engine/presentation/screens/atlas_execution_engine_screen.dart
features/knowledge_learning/data/services/atlas_knowledge_repository.dart,features/knowledge_learning/domain/models/atlas_knowledge_case.dart
features/knowledge_learning/domain/models/atlas_knowledge_case.dart,features/farm_audit/domain/models/atlas_farm_audit.dart
features/knowledge_learning/domain/services/atlas_knowledge_learning_engine.dart,features/action_plan/domain/models/atlas_action_plan.dart
features/knowledge_learning/domain/services/atlas_knowledge_learning_engine.dart,features/continuous_improvement/domain/models/atlas_improvement_cycle.dart
features/knowledge_learning/domain/services/atlas_knowledge_learning_engine.dart,features/farm_audit/domain/models/atlas_farm_audit.dart
features/knowledge_learning/domain/services/atlas_knowledge_learning_engine.dart,features/knowledge_learning/domain/models/atlas_knowledge_case.dart
features/knowledge_learning/presentation/screens/atlas_knowledge_learning_screen.dart,features/action_plan/data/services/atlas_action_plan_storage_service.dart
features/knowledge_learning/presentation/screens/atlas_knowledge_learning_screen.dart,features/continuous_improvement/data/services/atlas_improvement_history_service.dart
features/knowledge_learning/presentation/screens/atlas_knowledge_learning_screen.dart,features/farm_audit/domain/models/atlas_farm_audit.dart
features/knowledge_learning/presentation/screens/atlas_knowledge_learning_screen.dart,features/knowledge_learning/data/services/atlas_knowledge_repository.dart
features/knowledge_learning/presentation/screens/atlas_knowledge_learning_screen.dart,features/knowledge_learning/domain/models/atlas_knowledge_case.dart
features/knowledge_learning/presentation/screens/atlas_knowledge_learning_screen.dart,features/knowledge_learning/domain/services/atlas_knowledge_learning_engine.dart
features/knowledge_learning/presentation/screens/atlas_knowledge_learning_screen.dart,features/recommendation_intelligence/presentation/screens/atlas_recommendation_intelligence_screen.dart
features/mission_control/domain/models/atlas_mission_control_data.dart,features/atlas_bi/domain/models/atlas_bi_data.dart
features/mission_control/domain/services/atlas_mission_control_service.dart,features/atlas_bi/domain/models/atlas_bi_data.dart
features/mission_control/domain/services/atlas_mission_control_service.dart,features/decision_engine_v2/domain/models/atlas_decision_engine_v2_data.dart
features/mission_control/domain/services/atlas_mission_control_service.dart,features/mission_control/domain/models/atlas_mission_control_data.dart
features/mission_control/domain/services/atlas_mission_control_service.dart,features/predictive_analytics/domain/models/atlas_predictive_analytics_data.dart
features/mission_control/domain/services/atlas_mission_control_service.dart,features/workflow_engine/domain/models/atlas_workflow_data.dart
features/mission_control/presentation/screens/atlas_mission_control_screen.dart,core/reactivity/atlas_reactive_intelligence.dart
features/mission_control/presentation/screens/atlas_mission_control_screen.dart,core/reactivity/atlas_reactive_runtime.dart
features/mission_control/presentation/screens/atlas_mission_control_screen.dart,features/executive_brain/domain/models/atlas_executive_brain_data.dart
features/mission_control/presentation/screens/atlas_mission_control_screen.dart,features/mission_control/domain/models/atlas_mission_control_data.dart
features/nutrition/data/services/nutrition_storage_service.dart,features/nutrition/domain/models/nutrition_plan_data.dart
features/nutrition/domain/services/nutrition_inventory_service.dart,features/farm_inventory/data/services/farm_inventory_storage_service.dart
features/nutrition/domain/services/nutrition_inventory_service.dart,features/farm_inventory/domain/models/farm_inventory_data.dart
features/nutrition/domain/services/nutrition_inventory_service.dart,features/nutrition/domain/models/nutrition_plan_data.dart
features/nutrition/presentation/screens/nutrition_overview_screen.dart,features/farm/data/services/farm_storage_service.dart
features/nutrition/presentation/screens/nutrition_overview_screen.dart,features/farm/domain/models/farm_data.dart
features/nutrition/presentation/screens/nutrition_overview_screen.dart,features/nutrition/data/services/nutrition_storage_service.dart
features/nutrition/presentation/screens/nutrition_overview_screen.dart,features/nutrition/domain/models/nutrition_plan_data.dart
features/nutrition/presentation/screens/nutrition_overview_screen.dart,features/nutrition/domain/services/nutrition_inventory_service.dart
features/observability/data/services/atlas_observability_repository.dart,features/observability/domain/models/atlas_observability_data.dart
features/observability/domain/services/atlas_observability_engine.dart,features/observability/domain/models/atlas_observability_data.dart
features/observability/presentation/screens/atlas_observability_dashboard.dart,features/observability/data/services/atlas_observability_repository.dart
features/observability/presentation/screens/atlas_observability_dashboard.dart,features/observability/domain/models/atlas_observability_data.dart
features/observability/presentation/screens/atlas_observability_dashboard.dart,features/observability/domain/services/atlas_observability_engine.dart
features/offline_field/data/services/atlas_offline_repository.dart,features/offline_field/domain/models/atlas_offline_record.dart
features/offline_field/domain/models/atlas_offline_sync_summary.dart,features/offline_field/domain/models/atlas_offline_record.dart
features/offline_field/domain/services/atlas_offline_sync_engine.dart,features/offline_field/domain/models/atlas_offline_record.dart
features/offline_field/presentation/screens/atlas_offline_field_screen.dart,features/offline_field/data/services/atlas_offline_repository.dart
features/offline_field/presentation/screens/atlas_offline_field_screen.dart,features/offline_field/domain/models/atlas_offline_record.dart
features/offline_field/presentation/screens/atlas_offline_field_screen.dart,features/offline_field/domain/models/atlas_offline_sync_summary.dart
features/offline_field/presentation/screens/atlas_offline_field_screen.dart,features/offline_field/domain/services/atlas_offline_sync_engine.dart
features/optimization_engine/domain/models/atlas_optimization_result.dart,features/optimization_engine/domain/models/atlas_optimization_request.dart
features/optimization_engine/domain/models/atlas_optimization_result.dart,features/scenario_simulator/domain/models/atlas_simulation_result.dart
features/optimization_engine/domain/services/atlas_optimization_engine.dart,features/digital_twin/domain/models/atlas_digital_twin.dart
features/optimization_engine/domain/services/atlas_optimization_engine.dart,features/optimization_engine/domain/models/atlas_optimization_request.dart
features/optimization_engine/domain/services/atlas_optimization_engine.dart,features/optimization_engine/domain/models/atlas_optimization_result.dart
features/optimization_engine/domain/services/atlas_optimization_engine.dart,features/scenario_simulator/domain/models/atlas_simulation.dart
features/optimization_engine/domain/services/atlas_optimization_engine.dart,features/scenario_simulator/domain/models/atlas_simulation_result.dart
features/optimization_engine/domain/services/atlas_optimization_engine.dart,features/scenario_simulator/domain/services/atlas_scenario_engine.dart
features/optimization_engine/presentation/screens/atlas_optimization_result_screen.dart,features/optimization_engine/domain/models/atlas_optimization_result.dart
features/optimization_engine/presentation/screens/atlas_optimization_result_screen.dart,features/scenario_simulator/presentation/screens/atlas_scenario_result_screen.dart
features/optimization_engine/presentation/screens/atlas_optimization_screen.dart,features/autonomous_consultant/presentation/screens/atlas_autonomous_consultant_screen.dart
features/optimization_engine/presentation/screens/atlas_optimization_screen.dart,features/digital_twin/domain/models/atlas_digital_twin.dart
features/optimization_engine/presentation/screens/atlas_optimization_screen.dart,features/digital_twin/domain/services/atlas_digital_twin_service.dart
features/optimization_engine/presentation/screens/atlas_optimization_screen.dart,features/optimization_engine/domain/models/atlas_optimization_request.dart
features/optimization_engine/presentation/screens/atlas_optimization_screen.dart,features/optimization_engine/domain/services/atlas_optimization_engine.dart
features/optimization_engine/presentation/screens/atlas_optimization_screen.dart,features/optimization_engine/presentation/screens/atlas_optimization_result_screen.dart
features/paddock/data/services/paddock_storage_service.dart,features/paddock/domain/models/paddock_data.dart
features/paddock/presentation/screens/paddock_form_screen.dart,features/paddock/domain/models/paddock_data.dart
features/paddock/presentation/screens/paddock_list_screen.dart,features/farm/domain/models/farm_data.dart
features/paddock/presentation/screens/paddock_list_screen.dart,features/paddock/data/services/paddock_storage_service.dart
features/paddock/presentation/screens/paddock_list_screen.dart,features/paddock/domain/models/paddock_data.dart
features/paddock/presentation/screens/paddock_list_screen.dart,features/paddock/presentation/screens/paddock_form_screen.dart
features/performance_center/domain/models/atlas_performance_snapshot.dart,features/farm_audit/domain/models/atlas_farm_audit.dart
features/performance_center/domain/services/atlas_performance_engine.dart,features/action_plan/domain/models/atlas_action_plan.dart
features/performance_center/domain/services/atlas_performance_engine.dart,features/farm_audit/domain/models/atlas_farm_audit.dart
features/performance_center/domain/services/atlas_performance_engine.dart,features/performance_center/domain/models/atlas_performance_snapshot.dart
features/performance_center/presentation/screens/atlas_performance_center_screen.dart,features/action_plan/data/services/atlas_action_plan_storage_service.dart
features/performance_center/presentation/screens/atlas_performance_center_screen.dart,features/action_plan/domain/models/atlas_action_plan.dart
features/performance_center/presentation/screens/atlas_performance_center_screen.dart,features/action_plan/presentation/screens/atlas_action_plan_screen.dart
features/performance_center/presentation/screens/atlas_performance_center_screen.dart,features/benefits_realization/presentation/screens/atlas_benefits_realization_screen.dart
features/performance_center/presentation/screens/atlas_performance_center_screen.dart,features/continuous_improvement/presentation/screens/atlas_continuous_improvement_screen.dart
features/performance_center/presentation/screens/atlas_performance_center_screen.dart,features/farm_audit/data/services/atlas_farm_audit_history_service.dart
features/performance_center/presentation/screens/atlas_performance_center_screen.dart,features/performance_center/domain/models/atlas_performance_snapshot.dart
features/performance_center/presentation/screens/atlas_performance_center_screen.dart,features/performance_center/domain/services/atlas_performance_engine.dart
features/performance_intelligence/data/services/atlas_performance_repository.dart,features/performance_intelligence/domain/models/atlas_performance_kpi.dart
features/performance_intelligence/domain/models/atlas_performance_analysis.dart,features/performance_intelligence/domain/models/atlas_performance_kpi.dart
features/performance_intelligence/domain/services/atlas_performance_engine.dart,features/performance_intelligence/domain/models/atlas_performance_analysis.dart
features/performance_intelligence/domain/services/atlas_performance_engine.dart,features/performance_intelligence/domain/models/atlas_performance_kpi.dart
features/performance_intelligence/presentation/screens/atlas_performance_dashboard_screen.dart,features/performance_intelligence/data/services/atlas_performance_repository.dart
features/performance_intelligence/presentation/screens/atlas_performance_dashboard_screen.dart,features/performance_intelligence/domain/models/atlas_performance_analysis.dart
features/performance_intelligence/presentation/screens/atlas_performance_dashboard_screen.dart,features/performance_intelligence/domain/models/atlas_performance_kpi.dart
features/performance_intelligence/presentation/screens/atlas_performance_dashboard_screen.dart,features/performance_intelligence/domain/services/atlas_performance_engine.dart
features/performance_intelligence/presentation/screens/atlas_performance_dashboard_screen.dart,features/predictive_ai/presentation/screens/atlas_predictive_ai_screen.dart
features/portfolio_management/domain/models/atlas_portfolio_item.dart,features/benefits_realization/domain/models/atlas_benefit_realization.dart
features/portfolio_management/domain/models/atlas_portfolio_item.dart,features/strategy_execution/domain/models/atlas_strategy_execution_plan.dart
features/portfolio_management/domain/models/atlas_portfolio_item.dart,features/value_governance/domain/models/atlas_value_governance.dart
features/portfolio_management/domain/services/atlas_portfolio_management_engine.dart,features/benefits_realization/domain/models/atlas_benefit_realization.dart
features/portfolio_management/domain/services/atlas_portfolio_management_engine.dart,features/portfolio_management/domain/models/atlas_portfolio_item.dart
features/portfolio_management/domain/services/atlas_portfolio_management_engine.dart,features/strategy_execution/domain/models/atlas_strategy_execution_plan.dart
features/portfolio_management/domain/services/atlas_portfolio_management_engine.dart,features/value_governance/domain/models/atlas_value_governance.dart
features/portfolio_management/presentation/screens/atlas_portfolio_management_screen.dart,features/benefits_realization/data/services/atlas_benefits_realization_repository.dart
features/portfolio_management/presentation/screens/atlas_portfolio_management_screen.dart,features/portfolio_management/domain/models/atlas_portfolio_item.dart
features/portfolio_management/presentation/screens/atlas_portfolio_management_screen.dart,features/portfolio_management/domain/services/atlas_portfolio_management_engine.dart
features/portfolio_management/presentation/screens/atlas_portfolio_management_screen.dart,features/strategic_capacity/presentation/screens/atlas_strategic_capacity_screen.dart
features/portfolio_management/presentation/screens/atlas_portfolio_management_screen.dart,features/strategy_execution/data/services/atlas_strategy_execution_repository.dart
features/portfolio_management/presentation/screens/atlas_portfolio_management_screen.dart,features/value_governance/data/services/atlas_value_governance_repository.dart
features/predictive/data/services/atlas_predictive_scenario_storage_service.dart,features/predictive/domain/models/atlas_predictive_scenario.dart
features/predictive/domain/models/atlas_predictive_scenario.dart,features/diagnostics/domain/models/atlas_diagnostic_data.dart
features/predictive/domain/models/atlas_predictive_scenario.dart,features/farm/domain/services/atlas_farm_intelligence_service.dart
features/predictive/domain/services/atlas_predictive_service.dart,features/diagnostics/domain/models/atlas_diagnostic_data.dart
features/predictive/domain/services/atlas_predictive_service.dart,features/farm/domain/services/atlas_farm_intelligence_service.dart
features/predictive/domain/services/atlas_predictive_service.dart,features/predictive/domain/models/atlas_predictive_scenario.dart
features/predictive/presentation/screens/atlas_predictive_screen.dart,features/diagnostics/domain/models/atlas_diagnostic_data.dart
features/predictive/presentation/screens/atlas_predictive_screen.dart,features/farm/domain/services/atlas_farm_intelligence_service.dart
features/predictive/presentation/screens/atlas_predictive_screen.dart,features/predictive/data/services/atlas_predictive_scenario_storage_service.dart
features/predictive/presentation/screens/atlas_predictive_screen.dart,features/predictive/domain/models/atlas_predictive_scenario.dart
features/predictive/presentation/screens/atlas_predictive_screen.dart,features/predictive/domain/services/atlas_predictive_service.dart
features/predictive_ai/data/services/atlas_prediction_repository.dart,features/predictive_ai/domain/models/atlas_predictive_scenario.dart
features/predictive_ai/domain/services/atlas_prediction_engine.dart,features/predictive_ai/domain/models/atlas_predictive_scenario.dart
features/predictive_ai/presentation/screens/atlas_predictive_ai_screen.dart,features/knowledge_learning/presentation/screens/atlas_knowledge_learning_screen.dart
features/predictive_ai/presentation/screens/atlas_predictive_ai_screen.dart,features/predictive_ai/data/services/atlas_prediction_repository.dart
features/predictive_ai/presentation/screens/atlas_predictive_ai_screen.dart,features/predictive_ai/domain/models/atlas_predictive_scenario.dart
features/predictive_ai/presentation/screens/atlas_predictive_ai_screen.dart,features/predictive_ai/domain/services/atlas_prediction_engine.dart
features/predictive_analytics/domain/models/atlas_predictive_analytics_data.dart,features/atlas_bi/domain/models/atlas_bi_data.dart
features/predictive_analytics/domain/services/atlas_predictive_analytics_service.dart,features/atlas_bi/domain/models/atlas_bi_data.dart
features/predictive_analytics/domain/services/atlas_predictive_analytics_service.dart,features/predictive_analytics/domain/models/atlas_predictive_analytics_data.dart
features/predictive_analytics/presentation/screens/atlas_predictive_analytics_screen.dart,features/atlas_bi/domain/models/atlas_bi_data.dart
features/predictive_analytics/presentation/screens/atlas_predictive_analytics_screen.dart,features/predictive_analytics/domain/models/atlas_predictive_analytics_data.dart
features/quality_center/data/services/atlas_quality_repository.dart,features/quality_center/domain/models/atlas_quality_data.dart
features/quality_center/domain/services/atlas_quality_engine.dart,features/quality_center/domain/models/atlas_quality_data.dart
features/quality_center/presentation/screens/atlas_quality_center_screen.dart,features/quality_center/data/services/atlas_quality_repository.dart
features/quality_center/presentation/screens/atlas_quality_center_screen.dart,features/quality_center/domain/models/atlas_quality_data.dart
features/quality_center/presentation/screens/atlas_quality_center_screen.dart,features/quality_center/domain/services/atlas_quality_engine.dart
features/recommendation_intelligence/domain/models/atlas_intelligent_recommendation.dart,features/farm_audit/domain/models/atlas_farm_audit.dart
features/recommendation_intelligence/domain/services/atlas_recommendation_intelligence_engine.dart,features/farm_audit/domain/models/atlas_farm_audit.dart
features/recommendation_intelligence/domain/services/atlas_recommendation_intelligence_engine.dart,features/knowledge_learning/domain/models/atlas_knowledge_case.dart
features/recommendation_intelligence/domain/services/atlas_recommendation_intelligence_engine.dart,features/recommendation_intelligence/domain/models/atlas_intelligent_recommendation.dart
features/recommendation_intelligence/presentation/screens/atlas_recommendation_intelligence_screen.dart,features/decision_intelligence_lab/presentation/screens/atlas_decision_intelligence_lab_screen.dart
features/recommendation_intelligence/presentation/screens/atlas_recommendation_intelligence_screen.dart,features/farm_audit/data/services/atlas_farm_audit_history_service.dart
features/recommendation_intelligence/presentation/screens/atlas_recommendation_intelligence_screen.dart,features/farm_audit/domain/models/atlas_farm_audit.dart
features/recommendation_intelligence/presentation/screens/atlas_recommendation_intelligence_screen.dart,features/knowledge_learning/data/services/atlas_knowledge_repository.dart
features/recommendation_intelligence/presentation/screens/atlas_recommendation_intelligence_screen.dart,features/knowledge_learning/domain/models/atlas_knowledge_case.dart
features/recommendation_intelligence/presentation/screens/atlas_recommendation_intelligence_screen.dart,features/recommendation_intelligence/domain/models/atlas_intelligent_recommendation.dart
features/recommendation_intelligence/presentation/screens/atlas_recommendation_intelligence_screen.dart,features/recommendation_intelligence/domain/services/atlas_recommendation_intelligence_engine.dart
features/reporting/data/services/atlas_report_repository.dart,features/reporting/domain/models/atlas_report.dart
features/reporting/domain/services/atlas_report_engine.dart,features/reporting/domain/models/atlas_report.dart
features/reporting/presentation/screens/atlas_reports_dashboard.dart,features/reporting/data/services/atlas_report_repository.dart
features/reporting/presentation/screens/atlas_reports_dashboard.dart,features/reporting/domain/models/atlas_report.dart
features/reporting/presentation/screens/atlas_reports_dashboard.dart,features/reporting/domain/services/atlas_report_engine.dart
features/reports/data/services/report_action_excel_service.dart,features/reports/domain/models/report_action_history_data.dart
features/reports/data/services/report_action_excel_service.dart,features/reports/domain/models/report_action_item_data.dart
features/reports/data/services/report_action_history_storage_service.dart,features/reports/domain/models/report_action_history_data.dart
features/reports/data/services/report_action_pdf_service.dart,features/reports/domain/models/report_action_history_data.dart
features/reports/data/services/report_action_pdf_service.dart,features/reports/domain/models/report_action_item_data.dart
features/reports/data/services/report_action_pdf_service.dart,features/reports/presentation/widgets/report_action_analytics_card.dart
features/reports/data/services/report_action_storage_service.dart,features/reports/domain/models/report_action_item_data.dart
features/reports/data/services/report_excel_service.dart,features/reports/data/services/report_pdf_service.dart
features/reports/presentation/screens/report_action_list_screen.dart,features/reports/data/services/report_action_excel_service.dart
features/reports/presentation/screens/report_action_list_screen.dart,features/reports/data/services/report_action_history_storage_service.dart
features/reports/presentation/screens/report_action_list_screen.dart,features/reports/data/services/report_action_pdf_service.dart
features/reports/presentation/screens/report_action_list_screen.dart,features/reports/data/services/report_action_storage_service.dart
features/reports/presentation/screens/report_action_list_screen.dart,features/reports/domain/models/report_action_history_data.dart
features/reports/presentation/screens/report_action_list_screen.dart,features/reports/domain/models/report_action_item_data.dart
features/reports/presentation/screens/report_action_list_screen.dart,features/reports/presentation/widgets/report_action_analytics_card.dart
features/reports/presentation/screens/report_action_list_screen.dart,features/reports/presentation/widgets/report_action_history_dialog.dart
features/reports/presentation/screens/report_action_list_screen.dart,features/reports/presentation/widgets/report_action_kanban_board.dart
features/reports/presentation/screens/reports_screen.dart,features/farm/data/services/farm_storage_service.dart
features/reports/presentation/screens/reports_screen.dart,features/farm/domain/models/farm_data.dart
features/reports/presentation/screens/reports_screen.dart,features/farm_agenda/data/services/farm_agenda_storage_service.dart
features/reports/presentation/screens/reports_screen.dart,features/farm_agenda/domain/models/farm_agenda_data.dart
features/reports/presentation/screens/reports_screen.dart,features/farm_finance/data/services/farm_finance_storage_service.dart
features/reports/presentation/screens/reports_screen.dart,features/farm_finance/domain/models/farm_finance_data.dart
features/reports/presentation/screens/reports_screen.dart,features/farm_inventory/data/services/farm_inventory_storage_service.dart
features/reports/presentation/screens/reports_screen.dart,features/farm_inventory/domain/models/farm_inventory_data.dart
features/reports/presentation/screens/reports_screen.dart,features/reports/data/services/report_action_history_storage_service.dart
features/reports/presentation/screens/reports_screen.dart,features/reports/data/services/report_action_storage_service.dart
features/reports/presentation/screens/reports_screen.dart,features/reports/data/services/report_excel_service.dart
features/reports/presentation/screens/reports_screen.dart,features/reports/data/services/report_pdf_service.dart
features/reports/presentation/screens/reports_screen.dart,features/reports/domain/models/report_action_item_data.dart
features/reports/presentation/screens/reports_screen.dart,features/reports/presentation/screens/report_action_list_screen.dart
features/reports/presentation/screens/reports_screen.dart,features/reports/presentation/widgets/report_action_plan_card.dart
features/reports/presentation/screens/reports_screen.dart,features/reports/presentation/widgets/report_chart_widgets.dart
features/reports/presentation/screens/reports_screen.dart,features/reports/presentation/widgets/report_management_insights_card.dart
features/reports/presentation/screens/reports_screen.dart,features/reports/presentation/widgets/report_period_comparison_card.dart
features/reports/presentation/widgets/report_action_analytics_card.dart,features/reports/domain/models/report_action_history_data.dart
features/reports/presentation/widgets/report_action_analytics_card.dart,features/reports/domain/models/report_action_item_data.dart
features/reports/presentation/widgets/report_action_history_dialog.dart,features/reports/data/services/report_action_history_storage_service.dart
features/reports/presentation/widgets/report_action_history_dialog.dart,features/reports/domain/models/report_action_history_data.dart
features/reports/presentation/widgets/report_action_history_dialog.dart,features/reports/domain/models/report_action_item_data.dart
features/reports/presentation/widgets/report_action_kanban_board.dart,features/reports/domain/models/report_action_item_data.dart
features/reports/presentation/widgets/report_action_plan_card.dart,features/reports/presentation/widgets/report_management_insights_card.dart
features/scenario_simulator/domain/models/atlas_simulation.dart,features/digital_twin/domain/models/atlas_digital_twin.dart
features/scenario_simulator/domain/models/atlas_simulation_result.dart,features/digital_twin/domain/models/atlas_digital_twin.dart
features/scenario_simulator/domain/models/atlas_simulation_result.dart,features/scenario_simulator/domain/models/atlas_simulation.dart
features/scenario_simulator/domain/services/atlas_digital_twin_cloner.dart,features/digital_twin/domain/models/atlas_digital_twin.dart
features/scenario_simulator/domain/services/atlas_scenario_engine.dart,features/digital_twin/domain/models/atlas_digital_twin.dart
features/scenario_simulator/domain/services/atlas_scenario_engine.dart,features/digital_twin/domain/services/atlas_digital_twin_score_service.dart
features/scenario_simulator/domain/services/atlas_scenario_engine.dart,features/scenario_simulator/domain/models/atlas_simulation.dart
features/scenario_simulator/domain/services/atlas_scenario_engine.dart,features/scenario_simulator/domain/models/atlas_simulation_result.dart
features/scenario_simulator/domain/services/atlas_scenario_engine.dart,features/scenario_simulator/domain/services/atlas_digital_twin_cloner.dart
features/scenario_simulator/domain/services/atlas_simulation_service.dart,features/digital_twin/domain/models/atlas_digital_twin.dart
features/scenario_simulator/domain/services/atlas_simulation_service.dart,features/scenario_simulator/domain/models/atlas_simulation.dart
features/scenario_simulator/domain/services/atlas_simulation_service.dart,features/scenario_simulator/domain/models/atlas_simulation_result.dart
features/scenario_simulator/domain/services/atlas_simulation_service.dart,features/scenario_simulator/domain/services/atlas_scenario_engine.dart
features/scenario_simulator/presentation/screens/atlas_scenario_result_screen.dart,features/scenario_simulator/domain/models/atlas_simulation_result.dart
features/scenario_simulator/presentation/screens/atlas_scenario_simulator_screen.dart,features/digital_twin/domain/models/atlas_digital_twin.dart
features/scenario_simulator/presentation/screens/atlas_scenario_simulator_screen.dart,features/digital_twin/domain/services/atlas_digital_twin_service.dart
features/scenario_simulator/presentation/screens/atlas_scenario_simulator_screen.dart,features/optimization_engine/presentation/screens/atlas_optimization_screen.dart
features/scenario_simulator/presentation/screens/atlas_scenario_simulator_screen.dart,features/scenario_simulator/domain/models/atlas_simulation.dart
features/scenario_simulator/presentation/screens/atlas_scenario_simulator_screen.dart,features/scenario_simulator/domain/services/atlas_simulation_service.dart
features/scenario_simulator/presentation/screens/atlas_scenario_simulator_screen.dart,features/scenario_simulator/presentation/screens/atlas_scenario_result_screen.dart
features/strategic_alignment/domain/models/atlas_strategic_alignment.dart,features/strategy_execution/domain/models/atlas_strategy_execution_plan.dart
features/strategic_alignment/domain/services/atlas_strategic_alignment_engine.dart,features/farm_audit/domain/models/atlas_farm_audit.dart
features/strategic_alignment/domain/services/atlas_strategic_alignment_engine.dart,features/strategic_alignment/domain/models/atlas_strategic_alignment.dart
features/strategic_alignment/domain/services/atlas_strategic_alignment_engine.dart,features/strategy_execution/domain/models/atlas_strategy_execution_plan.dart
features/strategic_alignment/presentation/screens/atlas_strategic_alignment_screen.dart,features/strategic_alignment/domain/models/atlas_strategic_alignment.dart
features/strategic_alignment/presentation/screens/atlas_strategic_alignment_screen.dart,features/strategic_alignment/domain/services/atlas_strategic_alignment_engine.dart
features/strategic_alignment/presentation/screens/atlas_strategic_alignment_screen.dart,features/strategic_scenario_planning/presentation/screens/atlas_strategic_scenario_planning_screen.dart
features/strategic_alignment/presentation/screens/atlas_strategic_alignment_screen.dart,features/strategy_execution/data/services/atlas_strategy_execution_repository.dart
features/strategic_capacity/domain/models/atlas_capacity_dependency.dart,features/strategy_execution/domain/models/atlas_strategy_execution_plan.dart
features/strategic_capacity/domain/services/atlas_capacity_dependency_engine.dart,features/strategic_capacity/domain/models/atlas_capacity_dependency.dart
features/strategic_capacity/domain/services/atlas_capacity_dependency_engine.dart,features/strategy_execution/domain/models/atlas_strategy_execution_plan.dart
features/strategic_capacity/presentation/screens/atlas_strategic_capacity_screen.dart,features/strategic_alignment/presentation/screens/atlas_strategic_alignment_screen.dart
features/strategic_capacity/presentation/screens/atlas_strategic_capacity_screen.dart,features/strategic_capacity/domain/models/atlas_capacity_dependency.dart
features/strategic_capacity/presentation/screens/atlas_strategic_capacity_screen.dart,features/strategic_capacity/domain/services/atlas_capacity_dependency_engine.dart
features/strategic_capacity/presentation/screens/atlas_strategic_capacity_screen.dart,features/strategy_execution/data/services/atlas_strategy_execution_repository.dart
features/strategic_execution_engine/data/services/atlas_execution_repository.dart,features/strategic_execution_engine/domain/models/atlas_execution_plan.dart
features/strategic_execution_engine/domain/models/atlas_execution_analysis.dart,features/strategic_execution_engine/domain/models/atlas_execution_plan.dart
features/strategic_execution_engine/domain/services/atlas_execution_engine.dart,features/strategic_execution_engine/domain/models/atlas_execution_analysis.dart
features/strategic_execution_engine/domain/services/atlas_execution_engine.dart,features/strategic_execution_engine/domain/models/atlas_execution_plan.dart
features/strategic_execution_engine/presentation/screens/atlas_execution_engine_screen.dart,features/performance_intelligence/presentation/screens/atlas_performance_dashboard_screen.dart
features/strategic_execution_engine/presentation/screens/atlas_execution_engine_screen.dart,features/strategic_execution_engine/data/services/atlas_execution_repository.dart
features/strategic_execution_engine/presentation/screens/atlas_execution_engine_screen.dart,features/strategic_execution_engine/domain/models/atlas_execution_analysis.dart
features/strategic_execution_engine/presentation/screens/atlas_execution_engine_screen.dart,features/strategic_execution_engine/domain/models/atlas_execution_plan.dart
features/strategic_execution_engine/presentation/screens/atlas_execution_engine_screen.dart,features/strategic_execution_engine/domain/services/atlas_execution_engine.dart
features/strategic_scenario_planning/data/services/atlas_strategic_scenario_repository.dart,features/strategic_scenario_planning/domain/models/atlas_strategic_scenario.dart
features/strategic_scenario_planning/domain/models/atlas_scenario_analysis.dart,features/strategic_scenario_planning/domain/models/atlas_strategic_scenario.dart
features/strategic_scenario_planning/domain/services/atlas_strategic_scenario_engine.dart,features/strategic_scenario_planning/domain/models/atlas_scenario_analysis.dart
features/strategic_scenario_planning/domain/services/atlas_strategic_scenario_engine.dart,features/strategic_scenario_planning/domain/models/atlas_strategic_scenario.dart
features/strategic_scenario_planning/presentation/screens/atlas_strategic_scenario_planning_screen.dart,features/investment_capital_allocation/presentation/screens/atlas_investment_capital_screen.dart
features/strategic_scenario_planning/presentation/screens/atlas_strategic_scenario_planning_screen.dart,features/strategic_scenario_planning/data/services/atlas_strategic_scenario_repository.dart
features/strategic_scenario_planning/presentation/screens/atlas_strategic_scenario_planning_screen.dart,features/strategic_scenario_planning/domain/models/atlas_scenario_analysis.dart
features/strategic_scenario_planning/presentation/screens/atlas_strategic_scenario_planning_screen.dart,features/strategic_scenario_planning/domain/models/atlas_strategic_scenario.dart
features/strategic_scenario_planning/presentation/screens/atlas_strategic_scenario_planning_screen.dart,features/strategic_scenario_planning/domain/services/atlas_strategic_scenario_engine.dart
features/strategy_center/data/services/atlas_strategy_loader_service.dart,features/executive_goals/domain/models/atlas_executive_goal.dart
features/strategy_center/data/services/atlas_strategy_loader_service.dart,features/executive_goals/domain/models/atlas_executive_goal_history.dart
features/strategy_center/data/services/atlas_strategy_loader_service.dart,features/executive_kpis/domain/models/atlas_executive_kpi.dart
features/strategy_center/data/services/atlas_strategy_loader_service.dart,features/strategy_center/domain/models/atlas_strategy_data.dart
features/strategy_center/domain/services/atlas_strategy_service.dart,features/strategy_center/domain/models/atlas_strategy_data.dart
features/strategy_center/presentation/screens/atlas_strategy_center_screen.dart,features/strategy_center/domain/models/atlas_strategy_data.dart
features/strategy_execution/data/services/atlas_strategy_execution_repository.dart,features/strategy_execution/domain/models/atlas_strategy_execution_plan.dart
features/strategy_execution/domain/models/atlas_strategy_execution_plan.dart,features/decision_intelligence_lab/domain/models/atlas_decision_scenario.dart
features/strategy_execution/domain/models/atlas_strategy_execution_plan.dart,features/farm_audit/domain/models/atlas_farm_audit.dart
features/strategy_execution/domain/services/atlas_strategy_execution_engine.dart,features/decision_intelligence_lab/domain/models/atlas_decision_scenario.dart
features/strategy_execution/domain/services/atlas_strategy_execution_engine.dart,features/strategy_execution/domain/models/atlas_strategy_execution_plan.dart
features/strategy_execution/presentation/screens/atlas_strategy_execution_screen.dart,features/benefits_realization/presentation/screens/atlas_benefits_realization_screen.dart
features/strategy_execution/presentation/screens/atlas_strategy_execution_screen.dart,features/decision_intelligence_lab/domain/models/atlas_decision_scenario.dart
features/strategy_execution/presentation/screens/atlas_strategy_execution_screen.dart,features/farm_audit/domain/models/atlas_farm_audit.dart
features/strategy_execution/presentation/screens/atlas_strategy_execution_screen.dart,features/strategy_execution/data/services/atlas_strategy_execution_repository.dart
features/strategy_execution/presentation/screens/atlas_strategy_execution_screen.dart,features/strategy_execution/domain/models/atlas_strategy_execution_plan.dart
features/strategy_execution/presentation/screens/atlas_strategy_execution_screen.dart,features/strategy_execution/domain/services/atlas_strategy_execution_engine.dart
features/sync_platform/data/services/atlas_sync_repository.dart,features/sync_platform/domain/models/atlas_sync_data.dart
features/sync_platform/domain/services/atlas_sync_engine.dart,features/sync_platform/domain/models/atlas_sync_data.dart
features/sync_platform/presentation/screens/atlas_sync_dashboard_screen.dart,features/sync_platform/data/services/atlas_sync_repository.dart
features/sync_platform/presentation/screens/atlas_sync_dashboard_screen.dart,features/sync_platform/domain/models/atlas_sync_data.dart
features/sync_platform/presentation/screens/atlas_sync_dashboard_screen.dart,features/sync_platform/domain/services/atlas_sync_engine.dart
features/technical_dashboard/domain/models/technical_atlas_score.dart,features/technical_dashboard/domain/models/technical_farm_summary.dart
features/technical_dashboard/domain/models/technical_dashboard_analysis.dart,features/technical_dashboard/domain/models/technical_atlas_score.dart
features/technical_dashboard/domain/models/technical_dashboard_analysis.dart,features/technical_dashboard/domain/models/technical_dashboard_period.dart
features/technical_dashboard/domain/models/technical_dashboard_analysis.dart,features/technical_dashboard/domain/models/technical_executive_diagnosis.dart
features/technical_dashboard/domain/models/technical_dashboard_analysis.dart,features/technical_dashboard/domain/models/technical_farm_summary.dart
features/technical_dashboard/domain/models/technical_dashboard_analysis.dart,features/technical_dashboard/domain/models/technical_financial_series_point.dart
features/technical_dashboard/domain/models/technical_dashboard_analysis.dart,features/technical_dashboard/domain/models/technical_health_series_point.dart
features/technical_dashboard/domain/models/technical_dashboard_analysis.dart,features/technical_dashboard/domain/models/technical_inventory_series_point.dart
features/technical_dashboard/domain/models/technical_dashboard_analysis.dart,features/technical_dashboard/domain/models/technical_nutrition_series_point.dart
features/technical_dashboard/domain/models/technical_dashboard_analysis.dart,features/technical_dashboard/domain/models/technical_reproduction_series_point.dart
features/technical_dashboard/domain/models/technical_dashboard_analysis.dart,features/technical_dashboard/domain/models/technical_weight_series_point.dart
features/technical_dashboard/domain/models/technical_executive_diagnosis.dart,features/technical_dashboard/domain/models/technical_atlas_score.dart
features/technical_dashboard/domain/models/technical_executive_diagnosis.dart,features/technical_dashboard/domain/models/technical_farm_summary.dart
features/technical_dashboard/domain/models/technical_farm_summary.dart,features/animal/domain/models/animal_data.dart
features/technical_dashboard/domain/models/technical_farm_summary.dart,features/animal_health/domain/models/animal_health_data.dart
features/technical_dashboard/domain/models/technical_farm_summary.dart,features/animal_reproduction/domain/models/animal_reproduction_data.dart
features/technical_dashboard/domain/models/technical_farm_summary.dart,features/farm_finance/domain/models/farm_finance_data.dart
features/technical_dashboard/domain/models/technical_farm_summary.dart,features/farm_inventory/domain/models/farm_inventory_data.dart
features/technical_dashboard/domain/models/technical_farm_summary.dart,features/herd/domain/models/herd_group_data.dart
features/technical_dashboard/domain/models/technical_farm_summary.dart,features/nutrition/domain/models/nutrition_plan_data.dart
features/technical_dashboard/domain/services/technical_dashboard_service.dart,features/animal/data/services/animal_storage_service.dart
features/technical_dashboard/domain/services/technical_dashboard_service.dart,features/animal/domain/models/animal_data.dart
features/technical_dashboard/domain/services/technical_dashboard_service.dart,features/animal_health/data/services/animal_health_storage_service.dart
features/technical_dashboard/domain/services/technical_dashboard_service.dart,features/animal_health/domain/models/animal_health_data.dart
features/technical_dashboard/domain/services/technical_dashboard_service.dart,features/animal_reproduction/data/services/animal_reproduction_storage_service.dart
features/technical_dashboard/domain/services/technical_dashboard_service.dart,features/animal_reproduction/domain/models/animal_reproduction_data.dart
features/technical_dashboard/domain/services/technical_dashboard_service.dart,features/animal_weight/data/services/animal_weight_storage_service.dart
features/technical_dashboard/domain/services/technical_dashboard_service.dart,features/animal_weight/domain/models/animal_weight_data.dart
features/technical_dashboard/domain/services/technical_dashboard_service.dart,features/farm/domain/models/farm_data.dart
features/technical_dashboard/domain/services/technical_dashboard_service.dart,features/farm_finance/data/services/farm_finance_storage_service.dart
features/technical_dashboard/domain/services/technical_dashboard_service.dart,features/farm_finance/domain/models/farm_finance_data.dart
features/technical_dashboard/domain/services/technical_dashboard_service.dart,features/farm_inventory/data/services/farm_inventory_storage_service.dart
features/technical_dashboard/domain/services/technical_dashboard_service.dart,features/farm_inventory/domain/models/farm_inventory_data.dart
features/technical_dashboard/domain/services/technical_dashboard_service.dart,features/herd/data/services/herd_storage_service.dart
features/technical_dashboard/domain/services/technical_dashboard_service.dart,features/nutrition/data/services/nutrition_storage_service.dart
features/technical_dashboard/domain/services/technical_dashboard_service.dart,features/nutrition/domain/models/nutrition_plan_data.dart
features/technical_dashboard/domain/services/technical_dashboard_service.dart,features/technical_dashboard/domain/models/technical_dashboard_analysis.dart
features/technical_dashboard/domain/services/technical_dashboard_service.dart,features/technical_dashboard/domain/models/technical_dashboard_period.dart
features/technical_dashboard/domain/services/technical_dashboard_service.dart,features/technical_dashboard/domain/models/technical_farm_summary.dart
features/technical_dashboard/domain/services/technical_dashboard_service.dart,features/technical_dashboard/domain/models/technical_financial_series_point.dart
features/technical_dashboard/domain/services/technical_dashboard_service.dart,features/technical_dashboard/domain/models/technical_health_series_point.dart
features/technical_dashboard/domain/services/technical_dashboard_service.dart,features/technical_dashboard/domain/models/technical_inventory_series_point.dart
features/technical_dashboard/domain/services/technical_dashboard_service.dart,features/technical_dashboard/domain/models/technical_nutrition_series_point.dart
features/technical_dashboard/domain/services/technical_dashboard_service.dart,features/technical_dashboard/domain/models/technical_reproduction_series_point.dart
features/technical_dashboard/domain/services/technical_dashboard_service.dart,features/technical_dashboard/domain/models/technical_weight_series_point.dart
features/technical_dashboard/presentation/screens/technical_dashboard_screen.dart,features/farm/data/services/farm_storage_service.dart
features/technical_dashboard/presentation/screens/technical_dashboard_screen.dart,features/farm/domain/models/farm_data.dart
features/technical_dashboard/presentation/screens/technical_dashboard_screen.dart,features/technical_dashboard/domain/models/technical_atlas_score.dart
features/technical_dashboard/presentation/screens/technical_dashboard_screen.dart,features/technical_dashboard/domain/models/technical_dashboard_analysis.dart
features/technical_dashboard/presentation/screens/technical_dashboard_screen.dart,features/technical_dashboard/domain/models/technical_dashboard_period.dart
features/technical_dashboard/presentation/screens/technical_dashboard_screen.dart,features/technical_dashboard/domain/models/technical_executive_diagnosis.dart
features/technical_dashboard/presentation/screens/technical_dashboard_screen.dart,features/technical_dashboard/domain/models/technical_farm_summary.dart
features/technical_dashboard/presentation/screens/technical_dashboard_screen.dart,features/technical_dashboard/domain/models/technical_financial_series_point.dart
features/technical_dashboard/presentation/screens/technical_dashboard_screen.dart,features/technical_dashboard/domain/models/technical_health_series_point.dart
features/technical_dashboard/presentation/screens/technical_dashboard_screen.dart,features/technical_dashboard/domain/models/technical_inventory_series_point.dart
features/technical_dashboard/presentation/screens/technical_dashboard_screen.dart,features/technical_dashboard/domain/models/technical_nutrition_series_point.dart
features/technical_dashboard/presentation/screens/technical_dashboard_screen.dart,features/technical_dashboard/domain/models/technical_reproduction_series_point.dart
features/technical_dashboard/presentation/screens/technical_dashboard_screen.dart,features/technical_dashboard/domain/models/technical_weight_series_point.dart
features/technical_dashboard/presentation/screens/technical_dashboard_screen.dart,features/technical_dashboard/domain/services/technical_dashboard_service.dart
features/unified_workflow/domain/models/atlas_automation_rule.dart,core/events/atlas_event.dart
features/unified_workflow/domain/services/atlas_unified_workflow_engine.dart,core/events/atlas_event.dart
features/unified_workflow/domain/services/atlas_unified_workflow_engine.dart,core/events/atlas_event_bus.dart
features/unified_workflow/domain/services/atlas_unified_workflow_engine.dart,core/events/atlas_event_factory.dart
features/unified_workflow/domain/services/atlas_unified_workflow_engine.dart,core/events/atlas_event_filter.dart
features/unified_workflow/domain/services/atlas_unified_workflow_engine.dart,features/unified_workflow/domain/models/atlas_automation_execution.dart
features/unified_workflow/domain/services/atlas_unified_workflow_engine.dart,features/unified_workflow/domain/models/atlas_automation_rule.dart
features/unified_workflow/presentation/screens/atlas_unified_workflow_screen.dart,core/events/atlas_event.dart
features/unified_workflow/presentation/screens/atlas_unified_workflow_screen.dart,features/unified_workflow/domain/models/atlas_automation_execution.dart
features/unified_workflow/presentation/screens/atlas_unified_workflow_screen.dart,features/unified_workflow/domain/models/atlas_automation_rule.dart
features/unified_workflow/presentation/screens/atlas_unified_workflow_screen.dart,features/unified_workflow/domain/services/atlas_unified_workflow_engine.dart
features/value_governance/data/services/atlas_value_governance_repository.dart,features/value_governance/domain/models/atlas_value_governance.dart
features/value_governance/domain/services/atlas_value_governance_engine.dart,features/benefits_realization/domain/models/atlas_benefit_realization.dart
features/value_governance/domain/services/atlas_value_governance_engine.dart,features/value_governance/domain/models/atlas_value_governance.dart
features/value_governance/presentation/screens/atlas_value_governance_screen.dart,features/benefits_realization/data/services/atlas_benefits_realization_repository.dart
features/value_governance/presentation/screens/atlas_value_governance_screen.dart,features/benefits_realization/domain/models/atlas_benefit_realization.dart
features/value_governance/presentation/screens/atlas_value_governance_screen.dart,features/portfolio_management/presentation/screens/atlas_portfolio_management_screen.dart
features/value_governance/presentation/screens/atlas_value_governance_screen.dart,features/value_governance/data/services/atlas_value_governance_repository.dart
features/value_governance/presentation/screens/atlas_value_governance_screen.dart,features/value_governance/domain/models/atlas_value_governance.dart
features/value_governance/presentation/screens/atlas_value_governance_screen.dart,features/value_governance/domain/services/atlas_value_governance_engine.dart
features/workflow_engine/domain/models/atlas_workflow_data.dart,features/atlas_bi/domain/models/atlas_bi_data.dart
features/workflow_engine/domain/services/atlas_workflow_event_service.dart,core/events/atlas_event.dart
features/workflow_engine/domain/services/atlas_workflow_event_service.dart,core/events/atlas_event_bus.dart
features/workflow_engine/domain/services/atlas_workflow_event_service.dart,core/events/atlas_event_factory.dart
features/workflow_engine/domain/services/atlas_workflow_event_service.dart,features/workflow_engine/domain/models/atlas_workflow_data.dart
features/workflow_engine/domain/services/atlas_workflow_service.dart,features/decision_tracking/domain/models/atlas_decision_tracking_data.dart
features/workflow_engine/domain/services/atlas_workflow_service.dart,features/workflow_engine/domain/models/atlas_workflow_data.dart
features/workflow_engine/presentation/screens/atlas_workflow_screen.dart,features/workflow_engine/domain/models/atlas_workflow_data.dart
features/workflow_engine/presentation/screens/atlas_workflow_screen.dart,features/workflow_engine/domain/services/atlas_workflow_event_service.dart
features/workflow_engine/presentation/screens/atlas_workflow_screen.dart,features/workflow_engine/domain/services/atlas_workflow_service.dart
main.dart,app.dart
